-- MySQL dump 10.13  Distrib 8.0.34, for Win64 (x86_64)
--
-- Host: 124.71.4.221    Database: car
-- ------------------------------------------------------
-- Server version	8.4.4

/*!40101 SET @OLD_CHARACTER_SET_CLIENT=@@CHARACTER_SET_CLIENT */;
/*!40101 SET @OLD_CHARACTER_SET_RESULTS=@@CHARACTER_SET_RESULTS */;
/*!40101 SET @OLD_COLLATION_CONNECTION=@@COLLATION_CONNECTION */;
/*!50503 SET NAMES utf8mb4 */;
/*!40103 SET @OLD_TIME_ZONE=@@TIME_ZONE */;
/*!40103 SET TIME_ZONE='+00:00' */;
/*!40014 SET @OLD_UNIQUE_CHECKS=@@UNIQUE_CHECKS, UNIQUE_CHECKS=0 */;
/*!40014 SET @OLD_FOREIGN_KEY_CHECKS=@@FOREIGN_KEY_CHECKS, FOREIGN_KEY_CHECKS=0 */;
/*!40101 SET @OLD_SQL_MODE=@@SQL_MODE, SQL_MODE='NO_AUTO_VALUE_ON_ZERO' */;
/*!40111 SET @OLD_SQL_NOTES=@@SQL_NOTES, SQL_NOTES=0 */;

--
-- Table structure for table `admin`
--

DROP TABLE IF EXISTS `admin`;
/*!40101 SET @saved_cs_client     = @@character_set_client */;
/*!50503 SET character_set_client = utf8mb4 */;
CREATE TABLE `admin` (
  `id` int NOT NULL AUTO_INCREMENT COMMENT 'ID',
  `username` varchar(255) CHARACTER SET utf8mb4 COLLATE utf8mb4_unicode_ci DEFAULT NULL COMMENT '账号',
  `password` varchar(255) CHARACTER SET utf8mb4 COLLATE utf8mb4_unicode_ci DEFAULT NULL COMMENT '密码',
  `name` varchar(255) CHARACTER SET utf8mb4 COLLATE utf8mb4_unicode_ci DEFAULT NULL COMMENT '名称',
  `avatar` varchar(255) CHARACTER SET utf8mb4 COLLATE utf8mb4_unicode_ci DEFAULT NULL COMMENT '头像',
  `role` varchar(255) CHARACTER SET utf8mb4 COLLATE utf8mb4_unicode_ci DEFAULT NULL COMMENT '角色',
  `phone` varchar(255) CHARACTER SET utf8mb4 COLLATE utf8mb4_unicode_ci DEFAULT NULL COMMENT '电话',
  `email` varchar(255) CHARACTER SET utf8mb4 COLLATE utf8mb4_unicode_ci DEFAULT NULL COMMENT '邮箱',
  PRIMARY KEY (`id`) USING BTREE,
  UNIQUE KEY `username` (`username`) USING BTREE
) ENGINE=InnoDB AUTO_INCREMENT=2 DEFAULT CHARSET=utf8mb4 COLLATE=utf8mb4_unicode_ci ROW_FORMAT=DYNAMIC COMMENT='管理员信息';
/*!40101 SET character_set_client = @saved_cs_client */;

--
-- Dumping data for table `admin`
--

LOCK TABLES `admin` WRITE;
/*!40000 ALTER TABLE `admin` DISABLE KEYS */;
INSERT INTO `admin` VALUES (1,'admin','e10adc3949ba59abbe56e057f20f883e','管理员','http://localhost:9090/files/download/1744531068528-7.jpg','ADMIN','13988997888','admin@xm.com');
/*!40000 ALTER TABLE `admin` ENABLE KEYS */;
UNLOCK TABLES;

--
-- Table structure for table `location`
--

DROP TABLE IF EXISTS `location`;
/*!40101 SET @saved_cs_client     = @@character_set_client */;
/*!50503 SET character_set_client = utf8mb4 */;
CREATE TABLE `location` (
  `id` int NOT NULL AUTO_INCREMENT COMMENT '主键ID',
  `name` varchar(255) CHARACTER SET utf8mb4 COLLATE utf8mb4_unicode_ci DEFAULT NULL COMMENT '区域名称',
  `total` int DEFAULT '0' COMMENT '总车位数',
  `num` int DEFAULT '0' COMMENT '空闲车位',
  PRIMARY KEY (`id`) USING BTREE
) ENGINE=InnoDB AUTO_INCREMENT=6 DEFAULT CHARSET=utf8mb4 COLLATE=utf8mb4_unicode_ci ROW_FORMAT=DYNAMIC COMMENT='区域信息表';
/*!40101 SET character_set_client = @saved_cs_client */;

--
-- Dumping data for table `location`
--

LOCK TABLES `location` WRITE;
/*!40000 ALTER TABLE `location` DISABLE KEYS */;
INSERT INTO `location` VALUES (1,'A区',5,4),(2,'B区',8,8),(4,'C区',5,5);
/*!40000 ALTER TABLE `location` ENABLE KEYS */;
UNLOCK TABLES;

--
-- Table structure for table `notice`
--

DROP TABLE IF EXISTS `notice`;
/*!40101 SET @saved_cs_client     = @@character_set_client */;
/*!50503 SET character_set_client = utf8mb4 */;
CREATE TABLE `notice` (
  `id` int NOT NULL AUTO_INCREMENT COMMENT 'ID',
  `title` varchar(255) CHARACTER SET utf8mb4 COLLATE utf8mb4_unicode_ci DEFAULT NULL COMMENT '标题',
  `content` varchar(255) CHARACTER SET utf8mb4 COLLATE utf8mb4_unicode_ci DEFAULT NULL COMMENT '内容',
  `time` varchar(255) CHARACTER SET utf8mb4 COLLATE utf8mb4_unicode_ci DEFAULT NULL COMMENT '发布时间',
  PRIMARY KEY (`id`) USING BTREE
) ENGINE=InnoDB AUTO_INCREMENT=4 DEFAULT CHARSET=utf8mb4 COLLATE=utf8mb4_unicode_ci ROW_FORMAT=DYNAMIC COMMENT='系统公告';
/*!40101 SET character_set_client = @saved_cs_client */;

--
-- Dumping data for table `notice`
--

LOCK TABLES `notice` WRITE;
/*!40000 ALTER TABLE `notice` DISABLE KEYS */;
INSERT INTO `notice` VALUES (1,'系统内侧','系统功能已全部开发完成，开始进入测试阶段。','2025-04-12 11:43:13'),(2,'系统上线','所有功能都已完成，可以正常上线，发布版本v1.0。','2025-03-25 11:43:20'),(3,'系统优化功能优化','优化了系统的相关功能和用户操作体验。','2025-04-01 11:43:18');
/*!40000 ALTER TABLE `notice` ENABLE KEYS */;
UNLOCK TABLES;

--
-- Table structure for table `notification`
--

DROP TABLE IF EXISTS `notification`;
/*!40101 SET @saved_cs_client     = @@character_set_client */;
/*!50503 SET character_set_client = utf8mb4 */;
CREATE TABLE `notification` (
  `id` int NOT NULL AUTO_INCREMENT COMMENT 'ID',
  `user_id` int DEFAULT NULL COMMENT '用户ID',
  `description` text CHARACTER SET utf8mb4 COLLATE utf8mb4_unicode_ci COMMENT '通知详细描述',
  `is_read` tinyint(1) DEFAULT '0' COMMENT '是否已读(0-未读,1-已读)',
  `send_time` datetime DEFAULT CURRENT_TIMESTAMP COMMENT '发送时间',
  `deleted` tinyint(1) DEFAULT '0' COMMENT '逻辑删除标记(0-未删除,1-已删除)',
  PRIMARY KEY (`id`) USING BTREE
) ENGINE=InnoDB AUTO_INCREMENT=53 DEFAULT CHARSET=utf8mb4 COLLATE=utf8mb4_unicode_ci ROW_FORMAT=DYNAMIC COMMENT='用户通知表';
/*!40101 SET character_set_client = @saved_cs_client */;

--
-- Dumping data for table `notification`
--

LOCK TABLES `notification` WRITE;
/*!40000 ALTER TABLE `notification` DISABLE KEYS */;
INSERT INTO `notification` VALUES (2,2,'您的车辆在A区3号车位已超时45分钟，系统将按规定收取超时费用。',0,'2023-05-10 09:15:00',0),(3,1,'温馨提醒：您的停车时长即将超时，请提前做好离场准备。',1,'2023-05-10 10:45:00',0),(4,3,'您的停车订单已超时1小时，当前费用已累计至35.00元。',1,'2023-05-10 12:00:00',1),(5,2,'紧急通知：您的车辆已超时停放2小时，请立即联系停车场管理处。',0,'2023-05-10 13:30:00',0),(6,1,'您的停车时长已超出预约时间30分钟，可能影响后续用户使用。',1,'2023-05-10 14:15:00',0),(7,3,'超时提醒：您的车辆在B区5号车位已超时15分钟。',1,'2023-05-10 15:45:00',0),(8,2,'系统检测到您的停车时长已超时，请尽快处理以免产生额外费用。',0,'2023-05-10 16:30:00',0),(9,1,'您的停车订单已超时，请在30分钟内完成缴费离场。',1,'2023-05-10 17:15:00',0),(10,3,'重要提醒：您的车辆已超时停放，超时费用将按每分钟0.5元累计。',1,'2023-05-10 18:45:00',0),(11,2,'您的停车时长已超出免费时段，请及时支付停车费用。',0,'2023-05-10 19:30:00',0),(12,1,'超时警告：您的车辆已超时1小时30分钟，可能影响您的信用评级。',1,'2023-05-10 20:15:00',0),(13,3,'您的停车订单已超时，当前费用为40.00元，请尽快离场。',1,'2023-05-10 21:45:00',0),(14,2,'紧急通知：您的车辆已超时停放3小时，停车场将按规定采取措施。',0,'2023-05-10 22:30:00',0),(15,1,'温馨提示：您的停车时长即将超时，如需继续使用请办理续停手续。',1,'2023-05-10 23:15:00',0),(16,3,'您的停车订单已超时45分钟，超时费用为15.00元。',0,'2023-05-11 07:30:00',0),(17,2,'系统检测到您的车辆已超时停放，请尽快联系管理员处理。',0,'2023-05-11 08:15:00',0),(18,1,'超时提醒：您的停车时长已超出预约时间1小时。',1,'2023-05-11 09:45:00',0),(19,3,'您的车辆在C区2号车位已超时30分钟，费用正在累计中。',0,'2023-05-11 10:30:00',0),(20,2,'紧急通知：您的停车订单已超时2小时，停车场将保留相关权利。',0,'2023-05-11 11:15:00',0),(21,1,'您的停车时长已超时，建议您在15分钟内离场以减少额外费用。',1,'2023-05-11 12:45:00',0),(22,3,'超时警告：您的车辆已超时停放，可能会影响您下次预约车位。',0,'2023-05-11 13:30:00',0),(23,2,'系统检测到您的停车订单已超时，请尽快支付费用并离场。',0,'2023-05-11 14:15:00',0),(24,1,'您的停车时长已超出免费时段30分钟，当前费用为10.00元。',1,'2023-05-11 15:45:00',0),(25,3,'重要提醒：您的车辆已超时停放，超时费用每分钟0.5元。',0,'2023-05-11 16:30:00',0),(26,2,'您的停车订单已超时，请在1小时内完成缴费，否则将影响信用。',0,'2023-05-11 17:15:00',0),(27,1,'超时警告：您的车辆已超时2小时，停车场有权采取进一步措施。',1,'2023-05-11 18:45:00',0),(28,3,'您的停车时长已超时，如需继续使用请立即办理续停手续。',0,'2023-05-11 19:30:00',0),(29,2,'紧急通知：您的车辆已超时停放2小时30分钟，请速联系管理员。',0,'2023-05-11 20:15:00',0),(30,1,'温馨提示：您的停车时长即将超时，续停可享受优惠价格。',1,'2023-05-11 21:45:00',0),(31,3,'您的停车订单已超时1小时，当前费用为30.00元。',0,'2023-05-11 22:30:00',0),(32,2,'系统检测到您的车辆已超时停放，请尽快处理以避免不便。',0,'2023-05-11 23:15:00',0),(33,1,'超时提醒：您的停车时长已超出预约时间45分钟。',1,'2023-05-12 07:30:00',0),(34,3,'您的车辆在D区8号车位已超时30分钟，费用累计中。',0,'2023-05-12 08:15:00',0),(35,2,'紧急通知：您的停车订单已超时2小时，可能影响您的会员权益。',0,'2023-05-12 09:45:00',0),(36,1,'您的停车时长已超时，建议尽快离场以减少额外费用。',1,'2023-05-12 10:30:00',0),(37,3,'超时警告：您的车辆已超时停放，超时费用每分钟0.6元。',0,'2023-05-12 11:15:00',0),(38,2,'系统检测到您的停车订单已超时，请在30分钟内完成缴费。',0,'2023-05-12 12:45:00',0),(39,1,'您的停车时长已超出免费时段1小时，当前费用为15.00元。',1,'2023-05-12 13:30:00',0),(40,3,'重要提醒：您的车辆已超时停放，超时费用将按标准收取。',0,'2023-05-12 14:15:00',0),(41,2,'您的停车订单已超时，请尽快处理以免影响您的下次使用。',0,'2023-05-12 15:45:00',0),(42,1,'超时警告：您的车辆已超时2小时30分钟，停车场将联系您。',1,'2023-05-12 16:30:00',0),(43,3,'您的停车时长已超时，如需续停请点击APP中的续停按钮。',0,'2023-05-12 17:15:00',0),(44,2,'紧急通知：您的车辆已超时停放3小时，请立即处理。',0,'2023-05-12 18:45:00',0),(45,1,'温馨提示：您的停车时长即将超时，续停可享受8折优惠。',1,'2023-05-12 19:30:00',0),(46,3,'您的停车订单已超时1小时30分钟，当前费用为45.00元。',0,'2023-05-12 20:15:00',0),(47,2,'系统检测到您的车辆已超时停放，请尽快联系管理员解决。',0,'2023-05-12 21:45:00',0),(48,2,'快点出去了',0,'2025-06-18 16:16:08',0),(52,1,'尊敬的张三车主，您好！\n\n您的车辆（车牌号：皖A 888NB）目前停放在B区区域A003车位。自2025-04-13 22:19:38入场以来，已停车65天20小时5分钟。\n\n如果您已完成停车，请及时处理。\n\n祝您用车愉快！',0,'2025-06-18 18:24:55',0);
/*!40000 ALTER TABLE `notification` ENABLE KEYS */;
UNLOCK TABLES;

--
-- Table structure for table `parking`
--

DROP TABLE IF EXISTS `parking`;
/*!40101 SET @saved_cs_client     = @@character_set_client */;
/*!50503 SET character_set_client = utf8mb4 */;
CREATE TABLE `parking` (
  `id` int NOT NULL AUTO_INCREMENT COMMENT '主键ID',
  `user_id` int DEFAULT NULL COMMENT '用户ID',
  `vehicle_id` varchar(255) CHARACTER SET utf8mb4 COLLATE utf8mb4_unicode_ci DEFAULT NULL COMMENT '车辆ID',
  `location_id` int DEFAULT NULL COMMENT '区域ID',
  `parking_lot_id` int DEFAULT NULL COMMENT '车位ID',
  `start_time` varchar(255) CHARACTER SET utf8mb4 COLLATE utf8mb4_unicode_ci DEFAULT NULL COMMENT '入场时间',
  `end_time` varchar(255) CHARACTER SET utf8mb4 COLLATE utf8mb4_unicode_ci DEFAULT NULL COMMENT '出场时间',
  `status` varchar(255) CHARACTER SET utf8mb4 COLLATE utf8mb4_unicode_ci DEFAULT NULL COMMENT '状态',
  PRIMARY KEY (`id`) USING BTREE
) ENGINE=InnoDB AUTO_INCREMENT=13 DEFAULT CHARSET=utf8mb4 COLLATE=utf8mb4_unicode_ci ROW_FORMAT=DYNAMIC COMMENT='停车信息';
/*!40101 SET character_set_client = @saved_cs_client */;

--
-- Dumping data for table `parking`
--

LOCK TABLES `parking` WRITE;
/*!40000 ALTER TABLE `parking` DISABLE KEYS */;
INSERT INTO `parking` VALUES (7,1,'3',1,1,'2025-02-14 08:00:00','2025-02-14 11:00:00','已出场'),(8,2,'2',2,10,'2025-02-14 12:00:00','2025-04-13 15:57:06','已出场'),(9,1,'3',1,2,'2025-04-14 00:00:00','2025-04-13 07:00:00','已出场'),(10,1,'1',1,3,'2025-04-13 15:59:14','2025-04-13 15:59:31','已出场'),(11,1,'1',1,6,'2025-06-27 16:04:58','2025-06-27 21:51:05','已出场'),(12,1,'2',2,3,'2025-04-13 22:19:38',NULL,'已入场');
/*!40000 ALTER TABLE `parking` ENABLE KEYS */;
UNLOCK TABLES;

--
-- Table structure for table `parking_lot`
--

DROP TABLE IF EXISTS `parking_lot`;
/*!40101 SET @saved_cs_client     = @@character_set_client */;
/*!50503 SET character_set_client = utf8mb4 */;
CREATE TABLE `parking_lot` (
  `id` int NOT NULL AUTO_INCREMENT COMMENT '主键ID',
  `name` varchar(255) CHARACTER SET utf8mb4 COLLATE utf8mb4_unicode_ci DEFAULT NULL COMMENT '车位编号',
  `location_id` int DEFAULT NULL COMMENT '区域ID',
  `status` varchar(255) CHARACTER SET utf8mb4 COLLATE utf8mb4_unicode_ci DEFAULT '空闲' COMMENT '车位状态',
  PRIMARY KEY (`id`) USING BTREE
) ENGINE=InnoDB AUTO_INCREMENT=21 DEFAULT CHARSET=utf8mb4 COLLATE=utf8mb4_unicode_ci ROW_FORMAT=DYNAMIC COMMENT='车位信息表';
/*!40101 SET character_set_client = @saved_cs_client */;

--
-- Dumping data for table `parking_lot`
--

LOCK TABLES `parking_lot` WRITE;
/*!40000 ALTER TABLE `parking_lot` DISABLE KEYS */;
INSERT INTO `parking_lot` VALUES (1,'A001',1,'空闲'),(2,'A002',1,'空闲'),(3,'A003',1,'占用'),(6,'A004',1,'空闲'),(7,'A005',1,'空闲'),(8,'B001',2,'空闲'),(9,'B002',2,'空闲'),(10,'B003',2,'空闲'),(11,'B004',2,'空闲'),(12,'B005',2,'空闲'),(13,'B006',2,'空闲'),(14,'B007',2,'空闲'),(15,'B008',2,'空闲'),(16,'C001',4,'空闲'),(17,'C002',4,'空闲'),(18,'C003',4,'空闲'),(19,'C004',4,'空闲'),(20,'C005',4,'空闲');
/*!40000 ALTER TABLE `parking_lot` ENABLE KEYS */;
UNLOCK TABLES;

--
-- Table structure for table `parking_lots`
--

DROP TABLE IF EXISTS `parking_lots`;
/*!40101 SET @saved_cs_client     = @@character_set_client */;
/*!50503 SET character_set_client = utf8mb4 */;
CREATE TABLE `parking_lots` (
  `id` int NOT NULL AUTO_INCREMENT COMMENT 'id',
  `name` varchar(255) NOT NULL COMMENT '停车场名称',
  `longitude` decimal(10,7) NOT NULL COMMENT '经度',
  `latitude` decimal(10,7) NOT NULL COMMENT '纬度',
  `province` varchar(50) NOT NULL COMMENT '省份',
  `city` varchar(50) NOT NULL COMMENT '城市',
  `district` varchar(50) NOT NULL COMMENT '区/县',
  `street` varchar(255) NOT NULL COMMENT '街道地址',
  `additional_info` text COMMENT '附加信息',
  `created_at` timestamp NULL DEFAULT CURRENT_TIMESTAMP COMMENT '创建时间',
  `updated_at` timestamp NULL DEFAULT CURRENT_TIMESTAMP ON UPDATE CURRENT_TIMESTAMP COMMENT '更新时间',
  PRIMARY KEY (`id`)
) ENGINE=InnoDB AUTO_INCREMENT=2184 DEFAULT CHARSET=utf8mb4 COLLATE=utf8mb4_0900_ai_ci;
/*!40101 SET character_set_client = @saved_cs_client */;

--
-- Dumping data for table `parking_lots`
--

LOCK TABLES `parking_lots` WRITE;
/*!40000 ALTER TABLE `parking_lots` DISABLE KEYS */;
INSERT INTO `parking_lots` VALUES (1,'杜鹃广场停车点',112.9385650,28.2260730,'湖南省','长沙市','岳麓区','观沙岭街道岳麓大道218号杜鹃广场','','2025-04-13 17:05:30','2025-04-13 17:05:30'),(2,'长沙市政府大楼地下停车场',112.9397420,28.2285730,'湖南省','长沙市','岳麓区','观沙岭街道岳麓大道218号长沙市政府大楼','','2025-04-13 17:05:30','2025-04-13 17:05:30'),(3,'停车场(长沙市政务服务中心东南)',112.9361130,28.2274130,'湖南省','长沙市','岳麓区','岳麓大道辅路附近','','2025-04-13 17:05:30','2025-04-13 17:05:30'),(4,'长沙人民会堂停车场',112.9364920,28.2261450,'湖南省','长沙市','岳麓区','观沙岭街道岳麓大道218号长沙人民会堂','','2025-04-13 17:05:30','2025-04-13 17:05:30'),(5,'长沙市人大常委会地面停车场',112.9412350,28.2275870,'湖南省','长沙市','岳麓区','观沙岭街道岳麓大道218号长沙市人大常委会','','2025-04-13 17:05:30','2025-04-13 17:05:30'),(6,'中南大学湘雅三医院停车场',112.9451910,28.2212250,'湖南省','长沙市','岳麓区','银双路106-10号附近','','2025-04-13 17:05:30','2025-04-13 17:05:30'),(7,'毛泽东文学院停车场',112.9425490,28.2265750,'湖南省','长沙市','岳麓区','观沙岭街道岳麓大道186号毛泽东文学院','','2025-04-13 17:05:30','2025-04-13 17:05:30'),(8,'湖南省作家协会(观沙路)停车场',112.9422390,28.2267160,'湖南省','长沙市','岳麓区','观沙岭街道岳麓大道186号湖南省作家协会','','2025-04-13 17:05:30','2025-04-13 17:05:30'),(9,'长房24品生活中心地下停车场',112.9423190,28.2363080,'湖南省','长沙市','岳麓区','观沙路24品生活中心(西侧)','','2025-04-13 17:05:30','2025-04-13 17:05:30'),(10,'茉莉花国际酒店停车场',112.9346810,28.2235290,'湖南省','长沙市','岳麓区','金星中路辅路与岳麓大道辅路交叉口南140米','','2025-04-13 17:05:30','2025-04-13 17:05:30'),(11,'红星美凯龙全球家居生活广场南侧地面停车场',112.9472260,28.2262380,'湖南省','长沙市','岳麓区','岳麓大道142号红星美凯龙全球家居生活广场','','2025-04-13 17:05:30','2025-04-13 17:05:30'),(12,'步步高广场地下停车场',112.9350760,28.2187560,'湖南省','长沙市','岳麓区','金星中路428号步步高广场','','2025-04-13 17:05:30','2025-04-13 17:05:30'),(13,'湖南省肿瘤医院停车场',112.9377160,28.2173560,'湖南省','长沙市','岳麓区','湖南省肿瘤医院(白鸽咀地铁站2号口步行320米)','','2025-04-13 17:05:30','2025-04-13 17:05:30'),(14,'观沙岭招商花园城地下停车场',112.9401840,28.2417560,'湖南省','长沙市','岳麓区','观沙岭街道钰龙社区茶子山中路49号观沙岭招商花园城','','2025-04-13 17:05:30','2025-04-13 17:05:30'),(15,'绿地中央广场停车场',112.9502450,28.2279950,'湖南省','长沙市','岳麓区','彩虹路(观沙岭地铁站2号口步行420米)','','2025-04-13 17:05:30','2025-04-13 17:05:30'),(16,'河西王府井商业街-写字楼地下停车场',112.9328120,28.2183830,'湖南省','长沙市','岳麓区','金星中路383号长沙王府井FAMILYPARK购物中心B2F层','','2025-04-13 17:05:30','2025-04-13 17:05:30'),(17,'湘腾城市广场停车场',112.9358120,28.2200850,'湖南省','长沙市','岳麓区','金星中路438号湘腾城市广场','','2025-04-13 17:05:30','2025-04-13 17:05:30'),(18,'长沙银盆岭万达广场地下停车场',112.9538810,28.2242560,'湖南省','长沙市','岳麓区','岳麓大道57号银盆岭万达广场B1','','2025-04-13 17:05:30','2025-04-13 17:05:30'),(19,'长沙王府井FAMILY PARK购物中心河西店地下停车场',112.9331420,28.2183580,'湖南省','长沙市','岳麓区','金星中路383号王府井商业广场B2','','2025-04-13 17:05:30','2025-04-13 17:05:30'),(20,'湖南金融中心戴斯温德姆酒店地面停车场',112.9465690,28.2373440,'湖南省','长沙市','岳麓区','观沙岭路街道岳华路688号湖南金融中心戴斯温德姆酒店','','2025-04-13 17:05:30','2025-04-13 17:05:30'),(21,'八方公园停车场',112.9348010,28.2367950,'湖南省','长沙市','岳麓区','含光路616号附近','','2025-04-13 17:05:30','2025-04-13 17:05:30'),(22,'美雅斯国际酒店停车点',112.9467030,28.2294850,'湖南省','长沙市','岳麓区','府中路与岳华路交叉口东北40米','','2025-04-13 17:05:30','2025-04-13 17:05:30'),(23,'湖南仁术熙康健康管理中心停车场',112.9387420,28.2233070,'湖南省','长沙市','岳麓区','双塘路111号湖南仁术熙康健康管理中心','','2025-04-13 17:05:30','2025-04-13 17:05:30'),(24,'人人乐天骄福邸店地面停车场',112.9465640,28.2301780,'湖南省','长沙市','岳麓区','岳华路与杜鹃路交叉口南60米','','2025-04-13 17:05:30','2025-04-13 17:05:30'),(25,'中南大学湘雅三医院立体停车场',112.9433890,28.2220490,'湖南省','长沙市','岳麓区','银双路与科润路交叉口东200米','','2025-04-13 17:05:30','2025-04-13 17:05:30'),(26,'绿地中央广场西门地下停车场',112.9502150,28.2279400,'湖南省','长沙市','岳麓区','绿地·中央广场(观沙岭地铁站2号口步行420米)','','2025-04-13 17:05:30','2025-04-13 17:05:30'),(27,'山姆会员商店岳麓店地下停车场',112.9599020,28.2250920,'湖南省','长沙市','岳麓区','山姆会员商店(岳麓店)','','2025-04-13 17:05:30','2025-04-13 17:05:30'),(28,'湘高记海鲜市府店停车场',112.9418470,28.2326900,'湖南省','长沙市','岳麓区','观沙路160龙泊湾商业街A栋201号湘高记海鲜(市府店)','','2025-04-13 17:05:30','2025-04-13 17:05:30'),(29,'长沙河西宝诚宝马4S店停车场',112.9335530,28.2274230,'湖南省','长沙市','岳麓区','金星北路辅路与府中路交叉口西南200米','','2025-04-13 17:05:30','2025-04-13 17:05:30'),(30,'长沙公共资源交易中心停车场',112.9449680,28.2290090,'湖南省','长沙市','岳麓区','湖南省长沙市岳麓区府中路','','2025-04-13 17:05:30','2025-04-13 17:05:30'),(31,'岳麓区政务服务中心停车场',112.9318680,28.2351410,'湖南省','长沙市','岳麓区','湖南湘江新区政务服务中心(岳麓厅)','','2025-04-13 17:05:30','2025-04-13 17:05:30'),(32,'美林银谷地下停车场',112.9365700,28.2225260,'湖南省','长沙市','岳麓区','咸嘉湖金麓国际美林银谷国际社区东门','','2025-04-13 17:05:30','2025-04-13 17:05:30'),(33,'长沙市望月公园南便门停车场',112.9520840,28.2101100,'湖南省','长沙市','岳麓区','咸嘉湖路6号长沙市望月公园内(南侧)','','2025-04-13 17:05:30','2025-04-13 17:05:30'),(34,'渔人码头地面停车场',112.9643100,28.2274180,'湖南省','长沙市','岳麓区','潇湘北路滨江集市','','2025-04-13 17:05:30','2025-04-13 17:05:30'),(35,'停车场',112.9504290,28.2138490,'湖南省','长沙市','岳麓区','咸嘉湖路6号长沙市望月公园','','2025-04-13 17:05:30','2025-04-13 17:05:30'),(36,'咸嘉湖景区2号地下停车场',112.9391960,28.2102610,'湖南省','长沙市','岳麓区','老咸嘉湖路西湖公园','','2025-04-13 17:05:30','2025-04-13 17:05:30'),(37,'秦皇食府市府店停车场',112.9455960,28.2268080,'湖南省','长沙市','岳麓区','岳麓大道158号盛大泽西城秦皇食府市府店','','2025-04-13 17:05:30','2025-04-13 17:05:30'),(38,'万利大厦地下停车场',112.9542910,28.2186320,'湖南省','长沙市','岳麓区','银盆南路351号万利大厦(桐梓坡路)','','2025-04-13 17:05:30','2025-04-13 17:05:30'),(39,'茉莉花国际酒店地下停车场',112.9354260,28.2224180,'湖南省','长沙市','岳麓区','银双路与金星中路辅路交叉口东80米','','2025-04-13 17:05:30','2025-04-13 17:05:30'),(40,'凯德壹中心地下停车场',112.9559370,28.2422760,'湖南省','长沙市','岳麓区','茶子山东路112号凯德·壹中心','','2025-04-13 17:05:30','2025-04-13 17:05:30'),(41,'长沙市市场监督管理局停车场',112.9375310,28.2223330,'湖南省','长沙市','岳麓区','银双路318号长沙市质量技术监督局','','2025-04-13 17:05:30','2025-04-13 17:05:30'),(42,'红星美凯龙北侧停车场',112.9466070,28.2276390,'湖南省','长沙市','岳麓区','岳华路与富华路交叉口东南40米','','2025-04-13 17:05:30','2025-04-13 17:05:30'),(43,'雄海花园停车场',112.9439680,28.2174230,'湖南省','长沙市','岳麓区','桐梓坡路123号雄海花园','','2025-04-13 17:05:30','2025-04-13 17:05:30'),(44,'兰亭都荟-地下停车场',112.9477500,28.2226650,'湖南省','长沙市','岳麓区','银双路兰亭都荟','','2025-04-13 17:05:30','2025-04-13 17:05:30'),(45,'红星美凯龙地下停车场',112.9466380,28.2268880,'湖南省','长沙市','岳麓区','银盆岭街道岳麓大道158号红星美凯龙全球家居生活广场B2','','2025-04-13 17:05:30','2025-04-13 17:05:30'),(46,'安居乐家居建材广场地面停车场',112.9539270,28.2297280,'湖南省','长沙市','岳麓区','安居乐家居建材广场(观沙岭地铁站3号口步行200米)','','2025-04-13 17:05:30','2025-04-13 17:05:30'),(47,'龙湖·铂金岛地下停车场',112.9547390,28.2401050,'湖南省','长沙市','岳麓区','观沙岭路与茶子山路交叉口西南140米','','2025-04-13 17:05:30','2025-04-13 17:05:30'),(48,'西湖公园B1停车场',112.9468700,28.2053390,'湖南省','长沙市','岳麓区','桥湾里路与白沙液街交叉口西北60米','','2025-04-13 17:05:30','2025-04-13 17:05:30'),(49,'郡原广场停车场',112.9349060,28.2212970,'湖南省','长沙市','岳麓区','金星大道468号郡原广场','','2025-04-13 17:05:30','2025-04-13 17:05:30'),(50,'咸嘉湖景区3号地下停车场',112.9441890,28.2104130,'湖南省','长沙市','岳麓区','咸嘉湖路西湖公园','','2025-04-13 17:05:30','2025-04-13 17:05:30'),(51,'长沙市岳麓区人民法院停车场',112.9519110,28.2254660,'湖南省','长沙市','岳麓区','观沙岭街道岳麓大道69号长沙市岳麓区人民法院','','2025-04-13 17:05:30','2025-04-13 17:05:30'),(52,'银盆岭公共地面停车场',112.9538990,28.2258310,'湖南省','长沙市','岳麓区','岳麓大道辅路与银盆南路交叉口东60米','','2025-04-13 17:05:30','2025-04-13 17:05:30'),(53,'溪水浴国际水会酒店地下停车场',112.9286150,28.2238660,'湖南省','长沙市','岳麓区','谷丰路与岳麓大道辅路交叉口南140米','','2025-04-13 17:05:30','2025-04-13 17:05:30'),(54,'旭辉·藏郡停车场',112.9386300,28.2420400,'湖南省','长沙市','岳麓区','观沙岭街道钰龙社区茶子山中路318号旭辉·藏郡','','2025-04-13 17:05:30','2025-04-13 17:05:30'),(55,'长沙保利时光汇地下停车场',112.9595570,28.2251810,'湖南省','长沙市','岳麓区','银盆岭街道银盆岭路228号长沙保利时光汇','','2025-04-13 17:05:30','2025-04-13 17:05:30'),(56,'渔人码头地下停车场',112.9637110,28.2309380,'湖南省','长沙市','岳麓区','潇湘北路渔人商业广场(西侧)','','2025-04-13 17:05:30','2025-04-13 17:05:30'),(57,'岳麓1号停车场',112.9298760,28.2247860,'湖南省','长沙市','岳麓区','岳麓大道辅路与嘉园巷交叉口西南80米','','2025-04-13 17:05:30','2025-04-13 17:05:30'),(58,'北京御园北停车场',112.9317350,28.2406300,'湖南省','长沙市','岳麓区','茶子山西路与肖家巷路交叉口东120米','','2025-04-13 17:05:30','2025-04-13 17:05:30'),(59,'新天地停车场',112.9534740,28.2216910,'湖南省','长沙市','岳麓区','新天地(六沟垅地铁站5号口步行250米)','','2025-04-13 17:05:30','2025-04-13 17:05:30'),(60,'湖南省药品监督管理局停车场',112.9339700,28.2212670,'湖南省','长沙市','岳麓区','金星中路469号湖南省药品监督管理局','','2025-04-13 17:05:30','2025-04-13 17:05:30'),(61,'恒大华府二期停车场',112.9295080,28.2438180,'湖南省','长沙市','岳麓区','金星北路二段恒大华府商业楼3层附近','','2025-04-13 17:05:30','2025-04-13 17:05:30'),(62,'西城龙庭停车场',112.9308010,28.2242860,'湖南省','长沙市','岳麓区','咸嘉湖金星中路西城龙庭东门','','2025-04-13 17:05:30','2025-04-13 17:05:30'),(63,'湘腾城市广场地下停车场',112.9357240,28.2195460,'湖南省','长沙市','岳麓区','金星中路438号湘腾城市广场','','2025-04-13 17:05:30','2025-04-13 17:05:30'),(64,'城市便捷酒店长沙湘雅附三医院店停车点',112.9451140,28.2225570,'湖南省','长沙市','岳麓区','银双路与岳华路交叉口西100米','','2025-04-13 17:05:30','2025-04-13 17:05:30'),(65,'长沙市老干部活动中心停车场',112.9415970,28.2358760,'湖南省','长沙市','岳麓区','观沙岭观沙路229号长沙市老干部活动中心','','2025-04-13 17:05:30','2025-04-13 17:05:30'),(66,'丽怡酒店停车场',112.9495850,28.2412010,'湖南省','长沙市','岳麓区','茶子山中路与银杉路交叉口西180米','','2025-04-13 17:05:30','2025-04-13 17:05:30'),(67,'协信星澜汇地下停车场',112.9540060,28.2416480,'湖南省','长沙市','岳麓区','茶子山路协信星澜汇(茶子山地铁站4号口步行490米)','','2025-04-13 17:05:30','2025-04-13 17:05:30'),(68,'停车场(天峰名苑东南)',112.9381830,28.2187600,'湖南省','长沙市','岳麓区','双塘路与桐梓坡路交叉口北100米','','2025-04-13 17:05:30','2025-04-13 17:05:30'),(69,'杜鹃万达广场停车场',112.9165200,28.2306750,'湖南省','长沙市','岳麓区','杜鹃路866号附近','','2025-04-13 17:05:30','2025-04-13 17:05:30'),(70,'长沙市政府金融中心亚朵酒店地面停车场',112.9335650,28.2465000,'湖南省','长沙市','岳麓区','亚朵酒店(长沙市政府店)','','2025-04-13 17:05:30','2025-04-13 17:05:30'),(71,'麦德龙长沙岳麓商场店地面停车场',112.9334090,28.2470610,'湖南省','长沙市','岳麓区','佑母塘路799号钰龙天下佳园西区首层','','2025-04-13 17:05:30','2025-04-13 17:05:30'),(72,'威胜大厦东停车场',112.9541480,28.2199140,'湖南省','长沙市','岳麓区','银盆南路3571号威胜大厦(桐梓坡路)','','2025-04-13 17:05:30','2025-04-13 17:05:30'),(73,'八方小区C区地下停车场',112.9421070,28.2388170,'湖南省','长沙市','岳麓区','观沙岭街道观沙路268号八方小区C区','','2025-04-13 17:05:30','2025-04-13 17:05:30'),(74,'停车场',112.9563010,28.2369170,'湖南省','长沙市','岳麓区','观沙岭路与含光路交叉口西南40米','','2025-04-13 17:05:30','2025-04-13 17:05:30'),(75,'力力小院桐梓坡路店停车场',112.9392030,28.2185570,'湖南省','长沙市','岳麓区','桐梓坡路178号力力小院(桐梓坡路店)','','2025-04-13 17:05:30','2025-04-13 17:05:30'),(76,'北京御园地下停车场',112.9313970,28.2404430,'湖南省','长沙市','岳麓区','茶子山西路与肖家巷路交叉口东80米','','2025-04-13 17:05:30','2025-04-13 17:05:30'),(77,'湘麓金座东区停车场',112.9287340,28.2245670,'湖南省','长沙市','岳麓区','岳麓大道辅路与谷丰路交叉口东南80米','','2025-04-13 17:05:30','2025-04-13 17:05:30'),(78,'绿地北地块停车场',112.9502660,28.2297260,'湖南省','长沙市','岳麓区','彩虹路(观沙岭地铁站2号口步行300米)','','2025-04-13 17:05:30','2025-04-13 17:05:30'),(79,'宇洋西海广场停车场',112.9337220,28.2116180,'湖南省','长沙市','岳麓区','金星中路辅路','','2025-04-13 17:05:30','2025-04-13 17:05:30'),(80,'长沙市英才园小区停车场',112.9461990,28.2154820,'湖南省','长沙市','岳麓区','英才园路14号','','2025-04-13 17:05:30','2025-04-13 17:05:30'),(81,'停车场(桐文巷)',112.9503070,28.2171580,'湖南省','长沙市','岳麓区','桐梓坡大板房棚户区改造项目二期征收指挥部','','2025-04-13 17:05:30','2025-04-13 17:05:30'),(82,'龙湖冠寓长沙金融中心店停车场',112.9517910,28.2427620,'湖南省','长沙市','岳麓区','冠寓(长沙茶子山地铁站店)','','2025-04-13 17:05:30','2025-04-13 17:05:30'),(83,'红枫康复医院停车场',112.9521050,28.2196570,'湖南省','长沙市','岳麓区','桐梓坡路26号长沙红枫康复医院','','2025-04-13 17:05:30','2025-04-13 17:05:30'),(84,'地面停车场',112.9513870,28.2395730,'湖南省','长沙市','岳麓区','银杉路与茶子山路交叉口南140米','','2025-04-13 17:05:30','2025-04-13 17:05:30'),(85,'广泰锦苑停车场',112.9251700,28.2366880,'湖南省','长沙市','岳麓区','含光路与谷丰北路交叉口西260米','','2025-04-13 17:05:30','2025-04-13 17:05:30'),(86,'保利天禧地下停车场',112.9596840,28.2239320,'湖南省','长沙市','岳麓区','保利·天禧','','2025-04-13 17:05:30','2025-04-13 17:05:30'),(87,'景秀江山三期北区-北区停车场',112.9549120,28.2138620,'湖南省','长沙市','岳麓区','景秀路吉纽思国际幼儿园','','2025-04-13 17:05:30','2025-04-13 17:05:30'),(88,'湖南佳兴世尊酒店停车场',112.9327360,28.2113210,'湖南省','长沙市','岳麓区','金星中路辅路与咸嘉湖西路交叉口南120米','','2025-04-13 17:05:30','2025-04-13 17:05:30'),(89,'长沙市岳麓区人民政府停车场',112.9308080,28.2338150,'湖南省','长沙市','岳麓区','望岳街道金星北路一段517号长沙市岳麓区人民政府','','2025-04-13 17:05:30','2025-04-13 17:05:30'),(90,'英才园·丰颐苑停车场',112.9449490,28.2161120,'湖南省','长沙市','岳麓区','英才园路51号英才园·丰颐苑','','2025-04-13 17:05:30','2025-04-13 17:05:30'),(91,'湖南工商大学岭南校区停车场',112.9219490,28.2140890,'湖南省','长沙市','岳麓区','桐梓坡路342号湖南工商大学岭南校区','','2025-04-13 17:05:30','2025-04-13 17:05:30'),(92,'高鑫·麓城二期B区内部地下停车场',112.9255480,28.2169900,'湖南省','长沙市','岳麓区','桐梓坡路519号(近高鑫麓城)','','2025-04-13 17:05:30','2025-04-13 17:05:30'),(93,'长沙湘江爱尔眼科医院停车场',112.9217160,28.2194730,'湖南省','长沙市','岳麓区','桐梓坡路336号长沙湘江爱尔眼科','','2025-04-13 17:05:30','2025-04-13 17:05:30'),(94,'长沙汽车西站停车场',112.9131870,28.2065360,'湖南省','长沙市','岳麓区','玉兰路岳麓区望新小学北侧约150米','','2025-04-13 17:05:30','2025-04-13 17:05:30'),(95,'地面停车场',112.9515370,28.2379340,'湖南省','长沙市','岳麓区','银杉路与含光路交叉口北100米','','2025-04-13 17:05:30','2025-04-13 17:05:30'),(96,'湖南省胸科医院停车场',112.9345140,28.2095200,'湖南省','长沙市','岳麓区','咸嘉湖路519号湖南省胸科医院','','2025-04-13 17:05:30','2025-04-13 17:05:30'),(97,'星蓝湾停车场',112.9541170,28.2275870,'湖南省','长沙市','岳麓区','银杉路2号星蓝湾(观沙岭地铁站2号口步行350米)','','2025-04-13 17:05:30','2025-04-13 17:05:30'),(98,'玛依拉山庄地下停车场',112.9360010,28.2117890,'湖南省','长沙市','岳麓区','西湖街道金星中路教师村玛依拉山庄','','2025-04-13 17:05:30','2025-04-13 17:05:30'),(99,'曲美家居(长沙奥克斯独立店)停车场',112.9546050,28.2256250,'湖南省','长沙市','岳麓区','岳麓大道辅路与银盆南路交叉口东120米','','2025-04-13 17:05:30','2025-04-13 17:05:30'),(100,'长沙市望月公园西门停车点(暂停营业)',112.9505130,28.2137560,'湖南省','长沙市','岳麓区','汉陵巷与振华路交叉口东北240米','','2025-04-13 17:05:30','2025-04-13 17:05:30'),(105,'英才园路-道路停车位',112.9466750,28.2140270,'湖南省','长沙市','岳麓区','英才园路与咸嘉湖路交叉口北140米','','2025-04-13 17:06:16','2025-04-13 17:06:16'),(106,'谋房博客-地下停车场',112.9220520,28.2184650,'湖南省','长沙市','岳麓区','谋房博客东门旁(湖南工商大学地铁站1号口步行110米)','','2025-04-13 17:06:16','2025-04-13 17:06:16'),(107,'麓山名园东停车场',112.9304740,28.2076890,'湖南省','长沙市','岳麓区','金星中路187号麓山名园','','2025-04-13 17:06:16','2025-04-13 17:06:16'),(108,'橘子洲风景名胜区盘桥下停车场',112.9626300,28.1964680,'湖南省','长沙市','岳麓区','橘子洲头2号橘子洲风景名胜区','','2025-04-13 17:06:16','2025-04-13 17:06:16'),(109,'阳光丽城停车场',112.9510460,28.2474480,'湖南省','长沙市','岳麓区','银杉路与谷岳路交叉口南160米','','2025-04-13 17:06:16','2025-04-13 17:06:16'),(110,'金麓小区停车场',112.9527550,28.2467150,'湖南省','长沙市','岳麓区','银杉路626号金麓西岸·和苑','','2025-04-13 17:06:16','2025-04-13 17:06:16'),(111,'佳兴·格林星城停车场',112.9323680,28.2105450,'湖南省','长沙市','岳麓区','金星中路199号佳兴·格林星城','','2025-04-13 17:06:16','2025-04-13 17:06:16'),(112,'大西门老码头生态地面停车场',112.9692530,28.1991060,'湖南省','长沙市','开福区','湘江中路与落棚桥巷交叉口北120米','','2025-04-13 17:06:16','2025-04-13 17:06:16'),(113,'南山·雍江汇地下停车场',112.9614370,28.2383660,'湖南省','长沙市','岳麓区','含光路与滨江景观道交叉口西100米','','2025-04-13 17:06:16','2025-04-13 17:06:16'),(114,'长沙西中心地下停车场',112.9143550,28.2076940,'湖南省','长沙市','岳麓区','西二环与游园路长沙西中心','','2025-04-13 17:06:16','2025-04-13 17:06:16'),(115,'润泽园C区地下停车场',112.9262730,28.2133730,'湖南省','长沙市','岳麓区','润德路盛家花园','','2025-04-13 17:06:16','2025-04-13 17:06:16'),(116,'停车场',112.9216560,28.2193630,'湖南省','长沙市','岳麓区','桐梓坡路与望岳路交叉口西北40米','','2025-04-13 17:06:16','2025-04-13 17:06:16'),(117,'地面停车场',112.9426900,28.2015590,'湖南省','长沙市','岳麓区','枫林一路与桥湾里路交叉口西180米','','2025-04-13 17:06:16','2025-04-13 17:06:16'),(118,'长沙北辰三角洲大悦城地下停车场',112.9787500,28.2389070,'湖南省','长沙市','开福区','湘江大道1500号长沙北辰三角洲大悦城','','2025-04-13 17:06:16','2025-04-13 17:06:16'),(119,'岳麓山风景名胜区东门地面停车场',112.9484320,28.1937020,'湖南省','长沙市','岳麓区','登高路58号岳麓山国家重点风景名胜区内','','2025-04-13 17:06:16','2025-04-13 17:06:16'),(120,'盛世耀凯地下停车场',112.9157090,28.2298440,'湖南省','长沙市','岳麓区','盛世耀凯','','2025-04-13 17:06:16','2025-04-13 17:06:16'),(121,'地面停车场',112.9115960,28.2212010,'湖南省','长沙市','岳麓区','桐梓坡西路98号未来城(涧塘地铁站3号口步行280米)','','2025-04-13 17:06:16','2025-04-13 17:06:16'),(122,'东岳宫停车场',112.9774010,28.2119650,'湖南省','长沙市','开福区','黄兴北路与晴佳巷交叉口北120米','','2025-04-13 17:06:16','2025-04-13 17:06:16'),(123,'卓越蔚蓝海岸停车场',112.9253370,28.2412820,'湖南省','长沙市','岳麓区','茶子山西路卓越蔚蓝海岸-三期','','2025-04-13 17:06:16','2025-04-13 17:06:16'),(124,'地面停车场',112.9134260,28.2134170,'湖南省','长沙市','岳麓区','杜英路与咸嘉湖西路交叉口东北40米','','2025-04-13 17:06:16','2025-04-13 17:06:16'),(125,'长沙广发银行大厦地下停车场',112.9623260,28.2423370,'湖南省','长沙市','岳麓区','广发银行大厦(茶子山地铁站6号口步行270米)','','2025-04-13 17:06:16','2025-04-13 17:06:16'),(126,'楷林国际停车场',112.9633120,28.2363490,'湖南省','长沙市','岳麓区','楷林国际','','2025-04-13 17:06:16','2025-04-13 17:06:16'),(127,'西二环望城坡桥下地面停车场',112.9152190,28.2092630,'湖南省','长沙市','岳麓区','西二环(喜地时代广场附近)','','2025-04-13 17:06:16','2025-04-13 17:06:16'),(128,'璞悦府停车场',112.9204590,28.2133970,'湖南省','长沙市','岳麓区','璞悦府','','2025-04-13 17:06:16','2025-04-13 17:06:16'),(129,'蓝杉大厦停车场',112.9260390,28.2084420,'湖南省','长沙市','岳麓区','谷丰南路蓝杉大厦(金星路地铁站4号口步行340米)','','2025-04-13 17:06:16','2025-04-13 17:06:16'),(130,'渔人商业广场西南停车场',112.9641720,28.2289240,'湖南省','长沙市','岳麓区','潇湘北路与边洲围路交叉口东南20米','','2025-04-13 17:06:16','2025-04-13 17:06:16'),(131,'长沙同欣医院停车场',112.9538530,28.2456330,'湖南省','长沙市','岳麓区','同欣医院','','2025-04-13 17:06:16','2025-04-13 17:06:16'),(132,'山水誉峰停车场',112.9518130,28.2137880,'湖南省','长沙市','岳麓区','景秀路与铜盆湖路交叉口西140米','','2025-04-13 17:06:16','2025-04-13 17:06:16'),(133,'营盘路1号地面停车场',112.9756810,28.2057640,'湖南省','长沙市','开福区','通泰街金汇小区(培元桥地铁站2号口旁)','','2025-04-13 17:06:16','2025-04-13 17:06:16'),(134,'通程商业广场枫林路店地下停车场',112.9532870,28.1956190,'湖南省','长沙市','岳麓区','枫林路2号通程商业广场B2','','2025-04-13 17:06:16','2025-04-13 17:06:16'),(135,'地面停车场',112.9619600,28.2263300,'湖南省','长沙市','岳麓区','岳麓大道辅路与潇湘北路交叉口西140米','','2025-04-13 17:06:16','2025-04-13 17:06:16'),(136,'宜居莱茵城停车场',112.9127630,28.2253580,'湖南省','长沙市','岳麓区','望岳街道雷锋大道36号宜居花园','','2025-04-13 17:06:16','2025-04-13 17:06:16'),(137,'长沙市第四医院岳麓院区停车场',112.9498880,28.1937630,'湖南省','长沙市','岳麓区','麓山路70号长沙市第四医院(岳麓院区)','','2025-04-13 17:06:16','2025-04-13 17:06:16'),(138,'蓝杉大厦地下停车场',112.9261800,28.2088060,'湖南省','长沙市','岳麓区','蓝杉大厦(金星路地铁站4号口步行400米)','','2025-04-13 17:06:16','2025-04-13 17:06:16'),(139,'湘江财富金融中心地下停车场',112.9564890,28.2415120,'湖南省','长沙市','岳麓区','湘江财富金融中心(茶子山地铁站3号口步行400米)','','2025-04-13 17:06:16','2025-04-13 17:06:16'),(140,'咸嘉湖景区地面停车场',112.9493590,28.2095750,'湖南省','长沙市','岳麓区','咸嘉湖路与振华路交叉口西南160米','','2025-04-13 17:06:16','2025-04-13 17:06:16'),(141,'光明E城二期停车场',112.9467600,28.2522650,'湖南省','长沙市','岳麓区','光明E城二期','','2025-04-13 17:06:16','2025-04-13 17:06:16'),(142,'钰湘宴剁椒鱼头河西岳麓店停车场',112.9534270,28.2124800,'湖南省','长沙市','岳麓区','钰湘宴·剁椒鱼头(岳麓总店)','','2025-04-13 17:06:16','2025-04-13 17:06:16'),(143,'长沙金枫大酒店停车场',112.9275230,28.2063320,'湖南省','长沙市','岳麓区','枫林二路与学府路交叉口西40米','','2025-04-13 17:06:16','2025-04-13 17:06:16'),(144,'湖南工商大学停车场',112.9178220,28.2185550,'湖南省','长沙市','岳麓区','岳麓大道569号湖南工商大学','','2025-04-13 17:06:16','2025-04-13 17:06:16'),(145,'黄兴北路近湘春路公共地面停车场',112.9781100,28.2102010,'湖南省','长沙市','开福区','湘春路与黄兴北路交叉口东北角','','2025-04-13 17:06:16','2025-04-13 17:06:16'),(146,'凯里亚德酒店(湖南金融中心店)地面停车点',112.9593770,28.2447800,'湖南省','长沙市','岳麓区','凯里亚德全套房酒店(湖南金融中心店)','','2025-04-13 17:06:16','2025-04-13 17:06:16'),(147,'湖南省中西医结合医院停车场',112.9495640,28.1952360,'湖南省','长沙市','岳麓区','麓山路58号(溁湾镇地铁站7号口步行440米)','','2025-04-13 17:06:16','2025-04-13 17:06:16'),(148,'平安银行大厦地下停车场',112.9579170,28.2416610,'湖南省','长沙市','岳麓区','平安银行大厦(茶子山地铁站4号口步行210米)','','2025-04-13 17:06:16','2025-04-13 17:06:16'),(149,'咸嘉湖景区5号地下停车场',112.9391770,28.2036350,'湖南省','长沙市','岳麓区','枫林一路与白云路交叉口西北220米','','2025-04-13 17:06:16','2025-04-13 17:06:16'),(150,'财富硅谷停车场',112.9576330,28.2119200,'湖南省','长沙市','岳麓区','银盆南路与御景路交叉口北80米','','2025-04-13 17:06:16','2025-04-13 17:06:16'),(151,'万达广场长沙开福店地下停车场',112.9712800,28.1997670,'湖南省','长沙市','开福区','万达广场(长沙开福店)','','2025-04-13 17:06:16','2025-04-13 17:06:16'),(152,'湖南财经经济学院停车场',112.9238670,28.2049920,'湖南省','长沙市','岳麓区','财富路与学仕路交叉口北20米','','2025-04-13 17:06:16','2025-04-13 17:06:16'),(153,'开福寺文化广场地下停车场',112.9780500,28.2229030,'湖南省','长沙市','开福区','新河街道开福寺路161号开福寺文化广场(西南角)','','2025-04-13 17:06:16','2025-04-13 17:06:16'),(154,'望城坡站停车场',112.9160930,28.2081480,'湖南省','长沙市','岳麓区','西二环辅路与枫林二路辅路交叉口南200米','','2025-04-13 17:06:16','2025-04-13 17:06:16'),(165,'湖南省儿童医院停车场',112.9898390,28.1740580,'湖南省','长沙市','雨花区','梓园路湖南省儿童医院','','2025-04-15 13:30:06','2025-04-15 13:30:06'),(166,'大财门停车场',112.9942250,28.1848510,'湖南省','长沙市','雨花区','梓园路大财门','','2025-04-15 13:30:06','2025-04-15 13:30:06'),(167,'长沙市妇幼保健院地面停车场',112.9981710,28.1799660,'湖南省','长沙市','雨花区','城南东路416号长沙市妇幼保健院','','2025-04-15 13:30:06','2025-04-15 13:30:06'),(168,'美莱医疗美容医院第2停车场',112.9872020,28.1830040,'湖南省','长沙市','雨花区','芙蓉中路339号长沙美莱医疗美容医院','','2025-04-15 13:30:06','2025-04-15 13:30:06'),(169,'友阿百货停车场',113.0076620,28.1846270,'湖南省','长沙市','雨花区','人民中路544号友阿百货B1','','2025-04-15 13:30:06','2025-04-15 13:30:06'),(170,'湖南省儿童医院地下停车场',112.9884960,28.1731630,'湖南省','长沙市','雨花区','梓园路86号湖南省儿童医院','','2025-04-15 13:30:06','2025-04-15 13:30:06'),(171,'新六尺巷地下停车场',112.9872140,28.1738860,'湖南省','长沙市','雨花区','省儿童医院对面','','2025-04-15 13:30:06','2025-04-15 13:30:06'),(172,'维也纳酒店(长沙步行街店)停车场',112.9874110,28.1857760,'湖南省','长沙市','雨花区','人民中路32号维也纳酒店(长沙国金中心步行街店)','','2025-04-15 13:30:06','2025-04-15 13:30:06'),(173,'水电八局长岭宿舍停车场',112.9965460,28.1805320,'湖南省','长沙市','雨花区','左家塘街道城南中路2号长岭水电八局宿舍','','2025-04-15 13:30:06','2025-04-15 13:30:06'),(174,'友谊商城东塘店停车场',112.9951770,28.1688710,'湖南省','长沙市','雨花区','劳动中路2号友谊商城B1','','2025-04-15 13:30:06','2025-04-15 13:30:06'),(175,'广济桥高架桥地面停车场',112.9920290,28.1804720,'湖南省','长沙市','雨花区','城南中路116号','','2025-04-15 13:30:06','2025-04-15 13:30:06'),(176,'侯家塘立交桥地面停车场',112.9854530,28.1730690,'湖南省','长沙市','雨花区','劳动西路343号(侯家塘地铁站3号口步行400米)','','2025-04-15 13:30:06','2025-04-15 13:30:06'),(177,'金源阳光酒店停车场',112.9864820,28.1777130,'湖南省','长沙市','雨花区','芙蓉中路二段279号金源大酒店','','2025-04-15 13:30:06','2025-04-15 13:30:06'),(178,'湖南省歌舞剧院地面停车场',112.9963390,28.1857560,'湖南省','长沙市','雨花区','人民中路274号湖南省歌舞剧院','','2025-04-15 13:30:06','2025-04-15 13:30:06'),(179,'佳天国际新城停车场',112.9857630,28.1740490,'湖南省','长沙市','雨花区','芙蓉中路二段359号佳天国际','','2025-04-15 13:30:06','2025-04-15 13:30:06'),(180,'金源阳光酒店停车场',112.9872680,28.1773770,'湖南省','长沙市','雨花区','林子冲路4号','','2025-04-15 13:30:06','2025-04-15 13:30:06'),(181,'停车场',113.0068750,28.1846550,'湖南省','长沙市','雨花区','港岛路与人民中路交叉口南40米','','2025-04-15 13:30:06','2025-04-15 13:30:06'),(182,'大财门地下停车场',112.9951760,28.1848230,'湖南省','长沙市','雨花区','人民中路与梓园路交叉口东南140米','','2025-04-15 13:30:06','2025-04-15 13:30:06'),(183,'地质家园二期地下停车场',112.9897410,28.1845340,'湖南省','长沙市','雨花区','侯家塘地质家园鸿景雅苑(人民中路)','','2025-04-15 13:30:06','2025-04-15 13:30:06'),(184,'雨花大厦停车场',112.9877670,28.1852390,'湖南省','长沙市','雨花区','人民中路与芙蓉中路交叉口东南80米','','2025-04-15 13:30:06','2025-04-15 13:30:06'),(185,'汇富中心地下停车场',112.9967170,28.1842520,'湖南省','长沙市','雨花区','韶山北路汇富中心','','2025-04-15 13:30:06','2025-04-15 13:30:06'),(186,'宏景名厦停车场',112.9981470,28.1848220,'湖南省','长沙市','雨花区','宏景名厦(窑岭湘雅二医院地铁站3号口旁)','','2025-04-15 13:30:06','2025-04-15 13:30:06'),(187,'包装大厦停车场',112.9957670,28.1775210,'湖南省','长沙市','雨花区','水电街与韶山北路交叉口西北120米','','2025-04-15 13:30:06','2025-04-15 13:30:06'),(188,'丽呈和一酒店芙蓉广场店地面停车点',112.9870340,28.1846110,'湖南省','长沙市','雨花区','芙蓉中路二段153号长聚大酒店(长沙天心阁店)','','2025-04-15 13:30:06','2025-04-15 13:30:06'),(189,'中国光大银行写字楼停车场',112.9946560,28.1855900,'湖南省','长沙市','雨花区','人民中路214号中国光大银行写字楼','','2025-04-15 13:30:06','2025-04-15 13:30:06'),(190,'湖橡小区停车场',112.9987120,28.1810120,'湖南省','长沙市','雨花区','湖橡社区','','2025-04-15 13:30:06','2025-04-15 13:30:06'),(191,'全季酒店(长沙芙蓉中路店)地面停车点',112.9868060,28.1824930,'湖南省','长沙市','雨花区','芙蓉中路二段193号全季酒店(长沙五一广场芙蓉中路店)','','2025-04-15 13:30:06','2025-04-15 13:30:06'),(192,'湖南中医药大学第一附属医院停车场',112.9952170,28.1649420,'湖南省','长沙市','雨花区','韶山中路95号(砂子塘地铁站6号口步行480米)','','2025-04-15 13:30:06','2025-04-15 13:30:06'),(193,'天龙大酒店停车场',112.9980210,28.1806250,'湖南省','长沙市','雨花区','韶山北路与城南中路交叉口东120米','','2025-04-15 13:30:06','2025-04-15 13:30:06'),(194,'长沙雅士亚豪生酒店停车场',112.9967500,28.1829380,'湖南省','长沙市','雨花区','韶山北路256-256号附近','','2025-04-15 13:30:06','2025-04-15 13:30:06'),(195,'鸿铭中心停车场',112.9984830,28.1840900,'湖南省','长沙市','雨花区','韶山北路263号鸿铭中心','','2025-04-15 13:30:06','2025-04-15 13:30:06'),(196,'林勘院停车场',112.9911640,28.1807520,'湖南省','长沙市','雨花区','城南中路232号','','2025-04-15 13:30:06','2025-04-15 13:30:06'),(197,'城市便捷酒店4.0旗舰店停车场',112.9957760,28.1854450,'湖南省','长沙市','雨花区','人民中路与韶山北路交叉口西140米','','2025-04-15 13:30:06','2025-04-15 13:30:06'),(198,'长岭社区-大型停车场',113.0002550,28.1799140,'湖南省','长沙市','雨花区','曙光中路湖橡社区','','2025-04-15 13:30:06','2025-04-15 13:30:06'),(199,'建设医院停车场',112.9883610,28.1773680,'湖南省','长沙市','雨花区','林子冲路与爱民巷交叉口东100米','','2025-04-15 13:30:06','2025-04-15 13:30:06'),(200,'都市阳光大厦地下停车场',112.9858770,28.1731830,'湖南省','长沙市','雨花区','芙蓉中路二段395号都市阳光大厦','','2025-04-15 13:30:06','2025-04-15 13:30:06'),(201,'湖南国际珠宝城停车场',112.9892750,28.1811110,'湖南省','长沙市','雨花区','城南中路248号','','2025-04-15 13:30:06','2025-04-15 13:30:06'),(202,'恒福大厦停车场',112.9950890,28.1853400,'湖南省','长沙市','雨花区','人民中路中国光大银行(长沙人民路支行)','','2025-04-15 13:30:06','2025-04-15 13:30:06'),(203,'锦江之星(长沙贺龙体育场店)停车场',112.9872740,28.1820590,'湖南省','长沙市','雨花区','城南中路298号锦江之星酒店(长沙贺龙体育场店)','','2025-04-15 13:30:06','2025-04-15 13:30:06'),(204,'益佳苑公寓地下停车场',112.9894210,28.1815570,'湖南省','长沙市','雨花区','枫树岸巷与城南中路交叉口东北60米','','2025-04-15 13:30:06','2025-04-15 13:30:06'),(205,'长沙市妇幼保健院地下停车场',112.9980080,28.1800580,'湖南省','长沙市','雨花区','左家塘街道城南东路416号长沙市妇幼保健院','','2025-04-15 13:30:06','2025-04-15 13:30:06'),(206,'长沙延年神禹酒店北侧停车场',112.9926910,28.1705580,'湖南省','长沙市','雨花区','劳动西路529号长沙五一广场延年神禹酒店','','2025-04-15 13:30:06','2025-04-15 13:30:06'),(207,'海利集团停车场',112.9871470,28.1803600,'湖南省','长沙市','雨花区','芙蓉中路二段251-1号海利集团','','2025-04-15 13:30:06','2025-04-15 13:30:06'),(208,'巴黎香榭地下停车场',112.9871900,28.1771790,'湖南省','长沙市','雨花区','小林子冲路13号巴黎香榭','','2025-04-15 13:30:06','2025-04-15 13:30:06'),(209,'一心花苑停车场',112.9974810,28.1822310,'湖南省','长沙市','雨花区','韶山北路283号一心花苑','','2025-04-15 13:30:06','2025-04-15 13:30:06'),(210,'长沙市中医康复医院停车场',113.0004630,28.1851480,'湖南省','长沙市','雨花区','窑岭村巷长沙市按摩(骨科)医院','','2025-04-15 13:30:06','2025-04-15 13:30:06'),(211,'金源阳光酒店地下停车场',112.9866290,28.1774730,'湖南省','长沙市','雨花区','林子冲路与芙蓉中路交叉口东40米','','2025-04-15 13:30:06','2025-04-15 13:30:06'),(212,'步步高朝阳店停车场',113.0064140,28.1835220,'湖南省','长沙市','雨花区','人民中路526号(朝阳村地铁站1号口步行350米)','','2025-04-15 13:30:06','2025-04-15 13:30:06'),(213,'金福苑停车场',112.9898300,28.1808920,'湖南省','长沙市','雨花区','城南中路232号金福苑','','2025-04-15 13:30:06','2025-04-15 13:30:06'),(214,'维也纳酒店(长沙步行街店)地下停车点',112.9877750,28.1852270,'湖南省','长沙市','雨花区','人民中路32号维也纳酒店(长沙国金中心步行街店)','','2025-04-15 13:30:06','2025-04-15 13:30:06'),(300,'神农大酒店地下停车点',112.9863390,28.1614260,'湖南省','长沙市','雨花区','芙蓉中路三段269号神农大酒店(黄土岭地铁站7号口旁)','','2025-04-15 13:30:45','2025-04-15 13:30:45'),(301,'湖南省水利水电勘测设计研究总院停车场',112.9907920,28.1716460,'湖南省','长沙市','雨花区','电院街湖南省水利水电勘测设计研究总院','','2025-04-15 13:30:45','2025-04-15 13:30:45'),(302,'湖南省水利厅地面停车场',112.9962180,28.1762790,'湖南省','长沙市','雨花区','水电街与韶山北路交叉口西20米','','2025-04-15 13:30:45','2025-04-15 13:30:45'),(303,'汇富中心停车场',112.9970770,28.1843010,'湖南省','长沙市','雨花区','韶山北路254号','','2025-04-15 13:30:45','2025-04-15 13:30:45'),(304,'曙光大邸停车场',113.0012410,28.1755910,'湖南省','长沙市','雨花区','曙光中路248号曙光大邸','','2025-04-15 13:30:45','2025-04-15 13:30:45'),(305,'长天大厦停车场',112.9929700,28.1808020,'湖南省','长沙市','雨花区','梓园路369号长天大厦','','2025-04-15 13:30:45','2025-04-15 13:30:45'),(306,'全季长沙芙蓉中路黄土岭地铁站酒店停车场',112.9879990,28.1608200,'湖南省','长沙市','雨花区','东塘街道黄土岭187号','','2025-04-15 13:30:45','2025-04-15 13:30:45'),(307,'零壹机器人停车场',113.0083820,28.1841890,'湖南省','长沙市','雨花区','人民中路568号融圣国际','','2025-04-15 13:30:45','2025-04-15 13:30:45'),(308,'君庭·金福苑1栋(外围)地面停车场',112.9902150,28.1815840,'湖南省','长沙市','雨花区','城南中路232号金福苑','','2025-04-15 13:30:45','2025-04-15 13:30:45'),(309,'威克秀·量贩KTV停车场',113.0057620,28.1751120,'湖南省','长沙市','雨花区','城南郡北门东130米(阿弥岭地铁站3A口步行270米)','','2025-04-15 13:30:45','2025-04-15 13:30:45'),(310,'广州铁路(集团)公司长沙车务段停车场',113.0113580,28.1830270,'湖南省','长沙市','雨花区','车站南路与港岛路交叉口东40米','','2025-04-15 13:30:45','2025-04-15 13:30:45'),(311,'长沙市中级人民法院办公楼地下停车场',113.0016040,28.1732620,'湖南省','长沙市','雨花区','曙光中路289号长沙市中级人民法院办公楼','','2025-04-15 13:30:45','2025-04-15 13:30:45'),(312,'小林子冲路1号停车场',112.9881750,28.1771300,'湖南省','长沙市','雨花区','小林子冲路159号','','2025-04-15 13:30:45','2025-04-15 13:30:45'),(313,'QQ生活馆停车场',113.0010410,28.1761310,'湖南省','长沙市','雨花区','曙光中路56号QQ生活馆','','2025-04-15 13:30:45','2025-04-15 13:30:45'),(314,'图兰朵花园酒店停车场',112.9965220,28.1688980,'湖南省','长沙市','雨花区','劳动中路3号图兰朵花园酒店(东塘地铁站店)','','2025-04-15 13:30:45','2025-04-15 13:30:45'),(315,'城市动力地面停车场',112.9971450,28.1781020,'湖南省','长沙市','雨花区','韶山北路与城南东路交叉口南120米','','2025-04-15 13:30:45','2025-04-15 13:30:45'),(316,'湖南建设医院湖南省第六工程公司职工医院停车场',112.9883440,28.1773830,'湖南省','长沙市','雨花区','林子冲路与爱民巷交叉口东80米','','2025-04-15 13:30:45','2025-04-15 13:30:45'),(317,'火宫殿地面停车场',112.9952380,28.1698100,'湖南省','长沙市','雨花区','韶山北路辅路与劳动中路交叉口东北60米','','2025-04-15 13:30:45','2025-04-15 13:30:45'),(318,'鸿莱酒店长沙阿弥岭地铁站店停车场',113.0028470,28.1771000,'湖南省','长沙市','雨花区','城南东路252号鸿莱酒店(长沙阿弥岭地铁站店)','','2025-04-15 13:30:45','2025-04-15 13:30:45'),(319,'停车场',113.0104840,28.1846900,'湖南省','长沙市','雨花区','人民中路辅路与车站南路辅路交叉口西南40米','','2025-04-15 13:30:45','2025-04-15 13:30:45'),(320,'长沙国天花园酒店(黄土岭地铁站店)地面停车点',112.9895970,28.1599860,'湖南省','长沙市','雨花区','七里庙路与黄土岭路交叉口东南60米','','2025-04-15 13:30:45','2025-04-15 13:30:45'),(321,'友阿家润多(赤岗店)停车场',113.0024900,28.1660340,'湖南省','长沙市','雨花区','曙光中路508号','','2025-04-15 13:30:45','2025-04-15 13:30:45'),(322,'自由·com停车场',113.0000170,28.1790070,'湖南省','长沙市','雨花区','城南东路342号自由·COM','','2025-04-15 13:30:45','2025-04-15 13:30:45'),(323,'停车场',112.9930480,28.1697630,'湖南省','长沙市','雨花区','劳动路与水电街交叉口东60米','','2025-04-15 13:30:45','2025-04-15 13:30:45'),(324,'长沙房管处停车场',113.0006850,28.1841960,'湖南省','长沙市','雨花区','左家塘街道人民中路窑岭村巷68号广物大厦长沙房管处停车场','','2025-04-15 13:30:45','2025-04-15 13:30:45'),(325,'大华宾馆地下停车场',112.9930250,28.1685490,'湖南省','长沙市','雨花区','劳动西路528号大华宾馆','','2025-04-15 13:30:45','2025-04-15 13:30:45'),(326,'中铁五局停车场',112.9977970,28.1806190,'湖南省','长沙市','雨花区','韶山北路与城南中路交叉口东100米','','2025-04-15 13:30:45','2025-04-15 13:30:45'),(327,'天龙大酒店地下停车点',112.9980520,28.1804400,'湖南省','长沙市','雨花区','韶山北路与城南中路交叉口东120米','','2025-04-15 13:30:45','2025-04-15 13:30:45'),(328,'大鸿杰座停车场',112.9901320,28.1592690,'湖南省','长沙市','雨花区','雨花路88号大鸿杰座(黄土岭地铁站5号口步行380米)','','2025-04-15 13:30:45','2025-04-15 13:30:45'),(329,'停车场',112.9916250,28.1802930,'湖南省','长沙市','雨花区','梓园路红旗区三片','','2025-04-15 13:30:45','2025-04-15 13:30:45'),(330,'兴威名座大厦地下停车场',112.9952770,28.1726000,'湖南省','长沙市','雨花区','韶山北路460号兴威名座北栋','','2025-04-15 13:30:45','2025-04-15 13:30:45'),(331,'城投大厦停车场',113.0016080,28.1851380,'湖南省','长沙市','雨花区','左家塘街道人民中路402号城投大厦','','2025-04-15 13:30:45','2025-04-15 13:30:45'),(332,'广济苑公寓停车场',112.9924710,28.1810280,'湖南省','长沙市','雨花区','城南中路104号广济苑公寓','','2025-04-15 13:30:45','2025-04-15 13:30:45'),(333,'长沙市中级人民法院办公楼停车场',113.0019330,28.1732420,'湖南省','长沙市','雨花区','曙光中路289号长沙市中级人民法院办公楼','','2025-04-15 13:30:45','2025-04-15 13:30:45'),(334,'地面停车场',112.9951170,28.1622230,'湖南省','长沙市','雨花区','砂小巷与砂子塘路交叉口南20米','','2025-04-15 13:30:45','2025-04-15 13:30:45'),(335,'金赋大酒店地下停车点',112.9858130,28.1707380,'湖南省','长沙市','雨花区','芙蓉中路辅路与劳动西路交叉口南120米','','2025-04-15 13:30:45','2025-04-15 13:30:45'),(336,'鑫泰科技大厦地面停车场',112.9992690,28.1854410,'湖南省','长沙市','雨花区','人民中路332号鑫泰科技大厦','','2025-04-15 13:30:45','2025-04-15 13:30:45'),(337,'五华酒店地下停车场',112.9867280,28.1621280,'湖南省','长沙市','雨花区','七里庙路与芙蓉中路交叉口南140米','','2025-04-15 13:30:45','2025-04-15 13:30:45'),(338,'鸿铭商业街-道路停车位',113.0000140,28.1831120,'湖南省','长沙市','雨花区','鸿铭街鸿铭中心','','2025-04-15 13:30:45','2025-04-15 13:30:45'),(339,'湖南电力二办公楼地下停车场',112.9954020,28.1754780,'湖南省','长沙市','雨花区','韶山北路382号湖南电力二办公楼','','2025-04-15 13:30:45','2025-04-15 13:30:45'),(340,'中商大厦地下停车场',112.9975880,28.1820890,'湖南省','长沙市','雨花区','韶山北路与鸿铭商业街交叉口南160米','','2025-04-15 13:30:45','2025-04-15 13:30:45'),(341,'地面停车场',112.9900520,28.1808900,'湖南省','长沙市','雨花区','城南中路辅路与长塘里巷交叉口西北120米','','2025-04-15 13:30:45','2025-04-15 13:30:45'),(342,'神农大酒店停车点',112.9865440,28.1605100,'湖南省','长沙市','雨花区','黄土岭路与芙蓉中路交叉口东北60米','','2025-04-15 13:30:45','2025-04-15 13:30:45'),(343,'窑岭村巷-道路停车位',112.9984210,28.1853380,'湖南省','长沙市','雨花区','窑岭村巷与人民中路交叉口南40米','','2025-04-15 13:30:45','2025-04-15 13:30:45'),(344,'中国联通东塘营业厅停车场',112.9980090,28.1679760,'湖南省','长沙市','雨花区','劳动中路与金科园巷交叉口东北50米','','2025-04-15 13:30:45','2025-04-15 13:30:45'),(345,'恒丰·佳星园停车场',113.0003920,28.1756040,'湖南省','长沙市','雨花区','曙光中路238号','','2025-04-15 13:30:45','2025-04-15 13:30:45'),(346,'全季酒店(长沙芙蓉中路黄土岭地铁站店)停车场',112.9880640,28.1608400,'湖南省','长沙市','雨花区','黄土岭路187号','','2025-04-15 13:30:45','2025-04-15 13:30:45'),(347,'长沙时代MOMA云PARK地面停车场',112.9882380,28.1591480,'湖南省','长沙市','雨花区','黄土岭路与七里庙路交叉口西南140米','','2025-04-15 13:30:45','2025-04-15 13:30:45'),(348,'东上一品停车场',112.9957070,28.1741350,'湖南省','长沙市','雨花区','韶山北路与曹家坡路交叉口西80米','','2025-04-15 13:30:45','2025-04-15 13:30:45'),(349,'长沙小米熊医院停车场',112.9990130,28.1674870,'湖南省','长沙市','雨花区','劳动中路59号长沙小米熊儿童医院','','2025-04-15 13:30:45','2025-04-15 13:30:45'),(350,'停车场(益佳苑公寓东)',112.9905870,28.1806420,'湖南省','长沙市','雨花区','城南中路辅路与长塘里巷交叉口西北60米','','2025-04-15 13:31:00','2025-04-15 13:31:00'),(351,'鑫融国际广场地下停车场',112.9851830,28.1539900,'湖南省','长沙市','雨花区','芙蓉中路辅路与新建西路辅路交叉口东北80米','','2025-04-15 13:31:00','2025-04-15 13:31:00'),(352,'地面停车场',112.9947940,28.1700390,'湖南省','长沙市','雨花区','韶山北路金色家族通程名品中心(东塘店)','','2025-04-15 13:31:00','2025-04-15 13:31:00'),(353,'蔚都商务楼停车场',112.9864140,28.1765610,'湖南省','长沙市','雨花区','芙蓉中路与林子冲路交叉口南100米','','2025-04-15 13:31:00','2025-04-15 13:31:00'),(354,'建发·中央公园地下停车场',112.9901620,28.1579920,'湖南省','长沙市','雨花区','黄土岭路建发·中央公园','','2025-04-15 13:31:00','2025-04-15 13:31:00'),(355,'荣安大楼停车场',112.9948950,28.1802340,'湖南省','长沙市','雨花区','城南中路23号荣安大楼','','2025-04-15 13:31:00','2025-04-15 13:31:00'),(356,'湘农桥社区停车场',112.9923440,28.1726790,'湖南省','长沙市','雨花区','水电街31号湘农桥社区(东塘地铁站7号口步行390米)','','2025-04-15 13:31:00','2025-04-15 13:31:00'),(357,'停车场(华鼎大酒店西北)',112.9940140,28.1643750,'湖南省','长沙市','雨花区','韶山中路278-280号附近','','2025-04-15 13:31:00','2025-04-15 13:31:00'),(358,'湖南省脑科医院停车场',112.9848170,28.1553510,'湖南省','长沙市','雨花区','芙蓉中路三段427号湖南省脑科医院','','2025-04-15 13:31:00','2025-04-15 13:31:00'),(359,'停车场(朝阳欣园南)',113.0069000,28.1826500,'湖南省','长沙市','雨花区','长鑫巷与王公塘街交叉口东北140米','','2025-04-15 13:31:00','2025-04-15 13:31:00'),(360,'地面停车场',113.0170430,28.1846710,'湖南省','长沙市','雨花区','人民中路与东二环辅路交叉口西80米','','2025-04-15 13:31:00','2025-04-15 13:31:00'),(361,'佳天·瑞宁花园停车场',113.0055770,28.1701870,'湖南省','长沙市','雨花区','桂花路248号佳天·瑞宁花园','','2025-04-15 13:31:00','2025-04-15 13:31:00'),(362,'地上停车场',112.9998380,28.1796160,'湖南省','长沙市','雨花区','城南东路与营山巷交叉口北160米','','2025-04-15 13:31:00','2025-04-15 13:31:00'),(363,'长沙市城市建设档案馆停车场',113.0017920,28.1780330,'湖南省','长沙市','雨花区','曾家湾巷与城南东路交叉口北60米','','2025-04-15 13:31:00','2025-04-15 13:31:00'),(364,'湖南生物药厂宿舍区停车场(桂花西路)',112.9986030,28.1711060,'湖南省','长沙市','雨花区','桂花西路46号湖南生物药厂宿舍区','','2025-04-15 13:31:00','2025-04-15 13:31:00'),(365,'长沙晨兴家园停车场',113.0012120,28.1809220,'湖南省','长沙市','雨花区','晨兴家园','','2025-04-15 13:31:00','2025-04-15 13:31:00'),(366,'长沙市汽贸大厦地下停车场',112.9873260,28.1708260,'湖南省','长沙市','雨花区','劳动西路380号长沙市汽贸大厦','','2025-04-15 13:31:00','2025-04-15 13:31:00'),(367,'停车场',113.0007140,28.1718260,'湖南省','长沙市','雨花区','曙光中路与茶树山街交叉口西南20米','','2025-04-15 13:31:00','2025-04-15 13:31:00'),(368,'红旗区三片小区地面停车场',112.9923480,28.1795280,'湖南省','长沙市','雨花区','梓园路与城南中路辅路交叉口西南120米','','2025-04-15 13:31:00','2025-04-15 13:31:00'),(369,'朝阳欣园停车场',113.0069050,28.1830270,'湖南省','长沙市','雨花区','港岛路22号(朝阳村地铁站1号口步行360米)','','2025-04-15 13:31:00','2025-04-15 13:31:00'),(370,'长沙市规划设计院停车场',113.0017070,28.1783790,'湖南省','长沙市','雨花区','曙光中路长沙市建筑设计院','','2025-04-15 13:31:00','2025-04-15 13:31:00'),(371,'停车场(湖南电力二办公楼西)',112.9943540,28.1759580,'湖南省','长沙市','雨花区','水电街与韶山北路交叉口西220米','','2025-04-15 13:31:00','2025-04-15 13:31:00'),(372,'金蕾苑停车场',113.0046260,28.1819970,'湖南省','长沙市','雨花区','王公塘街金蕾苑','','2025-04-15 13:31:00','2025-04-15 13:31:00'),(373,'曙光中路停车场',113.0034090,28.1837220,'湖南省','长沙市','雨花区','曙光中路与鸿铭商业街交叉口东北180米','','2025-04-15 13:31:00','2025-04-15 13:31:00'),(374,'港岛路-道路停车位',113.0071860,28.1823300,'湖南省','长沙市','雨花区','长鑫巷与王公塘街交叉口东140米','','2025-04-15 13:31:00','2025-04-15 13:31:00'),(375,'长沙铁路疾病预防控制中心停车场',113.0100170,28.1785140,'湖南省','长沙市','雨花区','车站南路铁路疾病预防控制中心','','2025-04-15 13:31:00','2025-04-15 13:31:00'),(376,'长沙179精神科停车场',113.0030710,28.1753240,'湖南省','长沙市','雨花区','城南东路133号','','2025-04-15 13:31:00','2025-04-15 13:31:00'),(377,'红旗法治停车场',112.9887160,28.1754080,'湖南省','长沙市','雨花区','梓园路131号红旗法治广场','','2025-04-15 13:31:00','2025-04-15 13:31:00'),(378,'长沙杏源酒店地下停车场',112.9946870,28.1654490,'湖南省','长沙市','雨花区','韶山中路87号长沙杏源酒店','','2025-04-15 13:31:00','2025-04-15 13:31:00'),(379,'融科·三万英尺停车场',112.9939230,28.1583950,'湖南省','长沙市','雨花区','韶山中路448号融科·三万英尺','','2025-04-15 13:31:00','2025-04-15 13:31:00'),(380,'停车场',112.9864770,28.1640800,'湖南省','长沙市','雨花区','芙蓉中路与七里庙路交叉口北80米','','2025-04-15 13:31:00','2025-04-15 13:31:00'),(381,'地面停车场',113.0023480,28.1843310,'湖南省','长沙市','雨花区','曙光中路与人民中路交叉口南100米','','2025-04-15 13:31:00','2025-04-15 13:31:00'),(382,'2076至高点大楼地下停车场',113.0005850,28.1747590,'湖南省','长沙市','雨花区','曙光中路236号2076(至高点)大楼','','2025-04-15 13:31:00','2025-04-15 13:31:00'),(383,'长沙市工人文化宫停车场(装修中)',112.9936020,28.1652510,'湖南省','长沙市','雨花区','韶山中路216号长沙市工人文化宫','','2025-04-15 13:31:00','2025-04-15 13:31:00'),(384,'四季龙锦记潮汕牛肉火锅停车场',112.9980820,28.1676100,'湖南省','长沙市','雨花区','劳动中路52号','','2025-04-15 13:31:00','2025-04-15 13:31:00'),(385,'中国能建大厦地下停车场',112.9921190,28.1705720,'湖南省','长沙市','雨花区','劳动西路471号中国能建大厦','','2025-04-15 13:31:00','2025-04-15 13:31:00'),(386,'湖南省国立投资(控股)有限公司停车场',113.0009570,28.1783200,'湖南省','长沙市','雨花区','曙光中路146号湖南省国立投资(控股)有限公司','','2025-04-15 13:31:00','2025-04-15 13:31:00'),(387,'金海湾停车场',113.0019020,28.1804630,'湖南省','长沙市','雨花区','曙光中路与鸿铭商业街交叉口南220米','','2025-04-15 13:31:00','2025-04-15 13:31:00'),(388,'家润多网络实体店地面停车场',113.0024460,28.1646600,'湖南省','长沙市','雨花区','劳动东路157号家润多网络实体店','','2025-04-15 13:31:00','2025-04-15 13:31:00'),(389,'新海岸舞厅停车场',112.9932270,28.1613290,'湖南省','长沙市','雨花区','建发央玺1栋停车场','','2025-04-15 13:31:00','2025-04-15 13:31:00'),(390,'君悦星城停车场',112.9980800,28.1675990,'湖南省','长沙市','雨花区','劳动中路86号君悦星城','','2025-04-15 13:31:00','2025-04-15 13:31:00'),(391,'停车场',113.0015490,28.1722010,'湖南省','长沙市','雨花区','曙光中路与茶树山街交叉口东60米','','2025-04-15 13:31:00','2025-04-15 13:31:00'),(392,'曹家坡路-道路停车位',113.0008310,28.1742030,'湖南省','长沙市','雨花区','曹家坡路与曙光中路交叉口西60米','','2025-04-15 13:31:00','2025-04-15 13:31:00'),(393,'停车场(三诚社区卫生服务站西南)',113.0048560,28.1761500,'湖南省','长沙市','雨花区','城南东路与桂花树街交叉口西北20米','','2025-04-15 13:31:00','2025-04-15 13:31:00'),(394,'长沙东塘亚朵酒店停车场',112.9990150,28.1671970,'湖南省','长沙市','雨花区','劳动中路与金科园巷交叉口东南140米','','2025-04-15 13:31:00','2025-04-15 13:31:00'),(395,'停车场(东塘大厦东南)',112.9955130,28.1730930,'湖南省','长沙市','雨花区','韶山北路与曹家坡路交叉口西南140米','','2025-04-15 13:31:00','2025-04-15 13:31:00'),(396,'枫丹雅苑商务楼地面停车场',112.9884430,28.1720260,'湖南省','长沙市','雨花区','梓园路与劳动西路交叉口东北120米','','2025-04-15 13:31:00','2025-04-15 13:31:00'),(397,'交通银行潇湘支行综合楼停车场',112.9945870,28.1671060,'湖南省','长沙市','雨花区','韶山中路辅路与劳动中路交叉口南200米','','2025-04-15 13:31:00','2025-04-15 13:31:00'),(398,'地面停车场',112.9976460,28.1728730,'湖南省','长沙市','雨花区','曹家坡路与曹家坡巷交叉口南140米','','2025-04-15 13:31:00','2025-04-15 13:31:00'),(399,'长沙市国家公务员培训中心停车场',113.0024990,28.1726660,'湖南省','长沙市','雨花区','军培巷55号(桂花公园地铁站3号口步行360米)','','2025-04-15 13:31:00','2025-04-15 13:31:00'),(400,'五一新干线南停车场',112.9731230,28.1946110,'湖南省','长沙市','天心区','五一大道717号五一新干线','','2025-04-15 13:32:41','2025-04-15 13:32:41'),(401,'海信广场地下停车场',112.9701170,28.1908100,'湖南省','长沙市','天心区','湘江中路36号海信广场B3','','2025-04-15 13:32:41','2025-04-15 13:32:41'),(402,'长沙中心印象城地下停车场',112.9743980,28.1893030,'湖南省','长沙市','天心区','坡子街216号印象城B1-B2层','','2025-04-15 13:32:41','2025-04-15 13:32:41'),(403,'江岸丽都停车场',112.9690690,28.1929540,'湖南省','长沙市','天心区','湘江大道101号解放西路与湘江中路交汇处东北角','','2025-04-15 13:32:41','2025-04-15 13:32:41'),(404,'天心阁北门停车场',112.9835680,28.1863750,'湖南省','长沙市','天心区','天心路88号天心公园内','','2025-04-15 13:32:41','2025-04-15 13:32:41'),(405,'印象汇地下停车场',112.9747710,28.1910360,'湖南省','长沙市','天心区','坡子街街道黄兴南路445号','','2025-04-15 13:32:41','2025-04-15 13:32:41'),(406,'长沙云玺潮汇停车场',112.9714880,28.1911700,'湖南省','长沙市','天心区','坡子街65号华远·云玺','','2025-04-15 13:32:41','2025-04-15 13:32:41'),(407,'五一新干线地下停车场',112.9727160,28.1949610,'湖南省','长沙市','天心区','五一大道717号五一新干线','','2025-04-15 13:32:41','2025-04-15 13:32:41'),(408,'嘉顿新天地停车场',112.9751520,28.1941820,'湖南省','长沙市','天心区','五一路655号嘉顿新天地','','2025-04-15 13:32:41','2025-04-15 13:32:41'),(409,'太平街西地下停车场',112.9694590,28.1938240,'湖南省','长沙市','天心区','下河街长沙异国风情御尊酒店北侧约30米','','2025-04-15 13:32:41','2025-04-15 13:32:41'),(410,'魅力四射酒吧地面停车场',112.9725270,28.1909580,'湖南省','长沙市','天心区','坡子街与衣铺街交叉口北80米','','2025-04-15 13:32:41','2025-04-15 13:32:41'),(411,'南门口1662主题购物中心空中停车场',112.9751250,28.1840810,'湖南省','长沙市','天心区','南门口1662主题购物中心','','2025-04-15 13:32:41','2025-04-15 13:32:41'),(412,'坡子街立体停车场',112.9720690,28.1911160,'湖南省','长沙市','天心区','坡子街街道福胜街10号','','2025-04-15 13:32:41','2025-04-15 13:32:41'),(413,'三王丽都大厦地下停车场',112.9728910,28.1911620,'湖南省','长沙市','天心区','解放西路269号','','2025-04-15 13:32:41','2025-04-15 13:32:41'),(414,'新江岸·丽都停车场',112.9691130,28.1933810,'湖南省','长沙市','天心区','湘江中路辅路与五一大道交叉口东南100米','','2025-04-15 13:32:41','2025-04-15 13:32:41'),(415,'华远·云玺地下停车场',112.9714210,28.1910730,'湖南省','长沙市','天心区','坡子街65号华远·云玺','','2025-04-15 13:32:41','2025-04-15 13:32:41'),(416,'景江东方大厦停车场',112.9743160,28.1952100,'湖南省','长沙市','天心区','五一西路三泰街24号景江东方','','2025-04-15 13:32:41','2025-04-15 13:32:41'),(417,'春天百货地下停车场',112.9756920,28.1937040,'湖南省','长沙市','天心区','黄兴路69号(近药王街)长沙春天','','2025-04-15 13:32:41','2025-04-15 13:32:41'),(418,'城市经典地下停车场',112.9742200,28.1921840,'湖南省','长沙市','天心区','三兴街1-007号附近','','2025-04-15 13:32:41','2025-04-15 13:32:41'),(419,'五一新干线北停车场',112.9735080,28.1951770,'湖南省','长沙市','天心区','五一大道717号五一新干线','','2025-04-15 13:32:41','2025-04-15 13:32:41'),(420,'锦江之星(长沙五一广场地铁站店)停车场',112.9718770,28.1953890,'湖南省','长沙市','天心区','五一大道775号白玉兰商务酒店(长沙五一广场地铁站国金中心店)','','2025-04-15 13:32:41','2025-04-15 13:32:41'),(421,'王府井地下停车场',112.9753320,28.1919700,'湖南省','长沙市','天心区','黄兴中路27号王府井百货B2','','2025-04-15 13:32:41','2025-04-15 13:32:41'),(422,'湘江中路辅路-道路停车位',112.9685980,28.1830340,'湖南省','长沙市','天心区','湘江中路唐风长廊(灵官渡地铁站1号口步行490米)','','2025-04-15 13:32:41','2025-04-15 13:32:41'),(423,'五一广场景江东方地下停车场',112.9739910,28.1946990,'湖南省','长沙市','天心区','五一西路三泰街24号景江东方','','2025-04-15 13:32:41','2025-04-15 13:32:41'),(424,'华远国际中心地下停车场',112.9707200,28.1888900,'湖南省','长沙市','天心区','湘江中路二段36号华远国际中心','','2025-04-15 13:32:41','2025-04-15 13:32:41'),(425,'长沙悦方ID MALL地面停车场',112.9754660,28.1889610,'湖南省','长沙市','天心区','坡子街216号长沙悦方ID MALL','','2025-04-15 13:32:41','2025-04-15 13:32:41'),(426,'7mall地下停车场',112.9757530,28.1946010,'湖南省','长沙市','天心区','7mall(五一广场地铁站2号口步行110米)','','2025-04-15 13:32:41','2025-04-15 13:32:41'),(427,'停车场',112.9732290,28.1745580,'湖南省','长沙市','天心区','白沙路与书院路交叉口','','2025-04-15 13:32:41','2025-04-15 13:32:41'),(428,'长沙简牍博物馆停车场',112.9835670,28.1851130,'湖南省','长沙市','天心区','白马庙巷与工农桥村巷交叉口西180米','','2025-04-15 13:32:41','2025-04-15 13:32:41'),(429,'永安宝苑内部地下停车场',112.9736580,28.1926160,'湖南省','长沙市','天心区','解放西路三兴街','','2025-04-15 13:32:41','2025-04-15 13:32:41'),(430,'新大陆银座停车场',112.9759250,28.1834150,'湖南省','长沙市','天心区','黄兴南路199号新大陆银座(南门口地铁站2号口旁)','','2025-04-15 13:32:41','2025-04-15 13:32:41'),(431,'BOBO国际停车场',112.9723280,28.1916520,'湖南省','长沙市','天心区','解放西路与福胜路交叉口东60米','','2025-04-15 13:32:41','2025-04-15 13:32:41'),(432,'鸿信大厦停车场',112.9749930,28.1834940,'湖南省','长沙市','天心区','西湖路南门口鸿信大厦(南门口地铁站1号口步行140米)','','2025-04-15 13:32:41','2025-04-15 13:32:41'),(433,'冶金大厦停车场',112.9724180,28.1818070,'湖南省','长沙市','天心区','坡子街街道书院路冶金大厦东门','','2025-04-15 13:32:41','2025-04-15 13:32:41'),(434,'停车场(人民西路)',112.9722700,28.1886500,'湖南省','长沙市','天心区','人民西路北侧衣铺巷东侧','','2025-04-15 13:32:41','2025-04-15 13:32:41'),(435,'大众商厦停车场',112.9712640,28.1951480,'湖南省','长沙市','天心区','五一大道795号(湘江中路地铁站2A口步行180米)','','2025-04-15 13:32:41','2025-04-15 13:32:41'),(436,'坡子街街道办事处地面停车场',112.9738440,28.1898890,'湖南省','长沙市','天心区','坡子街街道办事处(黄兴广场地铁站1号口步行260米)','','2025-04-15 13:32:41','2025-04-15 13:32:41'),(437,'世纪情珠宝大厦地下停车场',112.9753530,28.1920640,'湖南省','长沙市','天心区','黄兴中路1号世纪情珠宝大厦','','2025-04-15 13:32:41','2025-04-15 13:32:41'),(438,'嘉顿新天地地下停车场',112.9751820,28.1942810,'湖南省','长沙市','天心区','五一大道655号嘉顿新天地','','2025-04-15 13:32:41','2025-04-15 13:32:41'),(439,'BOBO国际地下停车场',112.9724230,28.1914040,'湖南省','长沙市','天心区','解放西路279号','','2025-04-15 13:32:41','2025-04-15 13:32:41'),(440,'坡子街街道办事处停车场',112.9737890,28.1896790,'湖南省','长沙市','天心区','坡子街126号坡子街街道办事处','','2025-04-15 13:32:41','2025-04-15 13:32:41'),(441,'贺龙体育广场地面停车场',112.9827620,28.1765410,'湖南省','长沙市','天心区','天剑路与劳动西路交叉口东北280米','','2025-04-15 13:32:41','2025-04-15 13:32:41'),(442,'王府井商业广场停车场',112.9754860,28.1928260,'湖南省','长沙市','天心区','黄兴中路27号王府井百货B2','','2025-04-15 13:32:41','2025-04-15 13:32:41'),(443,'三王丽都大厦停车场',112.9729120,28.1916200,'湖南省','长沙市','天心区','解放西路269号三王丽都大厦','','2025-04-15 13:32:41','2025-04-15 13:32:41'),(444,'唐风长廊停车场',112.9688170,28.1848690,'湖南省','长沙市','天心区','西湖路杜甫江阁(东北角)','','2025-04-15 13:32:41','2025-04-15 13:32:41'),(445,'锦绣中环停车场',112.9755810,28.1945040,'湖南省','长沙市','天心区','五一大道189号(五一广场地铁站3A口步行100米)','','2025-04-15 13:32:41','2025-04-15 13:32:41'),(446,'深圳女人世界长沙购物中心停车场',112.9708920,28.1920760,'湖南省','长沙市','天心区','解放西路与福临街交叉口东80米','','2025-04-15 13:32:41','2025-04-15 13:32:41'),(447,'湘江中路辅路-道路停车位',112.9691160,28.1864940,'湖南省','长沙市','天心区','湘江中路83号附近','','2025-04-15 13:32:41','2025-04-15 13:32:41'),(448,'悠优港地下停车场',112.9697850,28.1912900,'湖南省','长沙市','天心区','悠优港(湘江中路地铁站1号口步行500米)','','2025-04-15 13:32:41','2025-04-15 13:32:41'),(449,'大众公寓地下停车场',112.9710790,28.1948660,'湖南省','长沙市','天心区','五一大道781号(湘江中路地铁站2A口步行180米)','','2025-04-15 13:32:41','2025-04-15 13:32:41'),(450,'长沙国金中心异国印象酒店地下停车场',112.9694000,28.1932650,'湖南省','长沙市','天心区','卫国街与孚嘉巷交叉口西80米','','2025-04-15 13:32:57','2025-04-15 13:32:57'),(451,'华远·华中心地下停车场',112.9711250,28.1895780,'湖南省','长沙市','天心区','华远·华中心','','2025-04-15 13:32:57','2025-04-15 13:32:57'),(452,'青和上座地下停车场',112.9727630,28.1909980,'湖南省','长沙市','天心区','坡子街与衣铺街交叉口北80米','','2025-04-15 13:32:57','2025-04-15 13:32:57'),(453,'天机大厦停车场',112.9823910,28.1813830,'湖南省','长沙市','天心区','白沙路207号天机大厦','','2025-04-15 13:32:57','2025-04-15 13:32:57'),(454,'天心阁古玩城停车场',112.9829720,28.1836980,'湖南省','长沙市','天心区','白沙路与城南西路交叉口北40米','','2025-04-15 13:32:57','2025-04-15 13:32:57'),(455,'劳动西路地面停车场',112.9831490,28.1756240,'湖南省','长沙市','天心区','回龙山巷长沙市老年人体育活动中心','','2025-04-15 13:32:57','2025-04-15 13:32:57'),(456,'汇源大厦地下停车场',112.9693130,28.1922770,'湖南省','长沙市','天心区','解放西路466号汇源大厦','','2025-04-15 13:32:57','2025-04-15 13:32:57'),(457,'汀兰雅苑地下停车场',112.9697580,28.1925110,'湖南省','长沙市','天心区','解放西路450汀兰雅苑','','2025-04-15 13:32:57','2025-04-15 13:32:57'),(458,'南门口1662主题购物中心地下停车场',112.9753510,28.1840940,'湖南省','长沙市','天心区','登仁桥巷与南墙湾巷交叉口东40米','','2025-04-15 13:32:57','2025-04-15 13:32:57'),(459,'异国印象·W酒店停车场',112.9693540,28.1932490,'湖南省','长沙市','天心区','上河街103号(湘江中路地铁站1号口步行220米)','','2025-04-15 13:32:57','2025-04-15 13:32:57'),(460,'华远·FACEMORE地下停车场',112.9709710,28.1895580,'湖南省','长沙市','天心区','内正巷与福胜路交叉口西60米','','2025-04-15 13:32:57','2025-04-15 13:32:57'),(461,'碧沙湖停车场',112.9681850,28.1646400,'湖南省','长沙市','天心区','南湖路与湘江中路交叉口东180米','','2025-04-15 13:32:57','2025-04-15 13:32:57'),(462,'南西厢地面停车场',112.9758040,28.1861110,'湖南省','长沙市','天心区','步行商业街525号','','2025-04-15 13:32:57','2025-04-15 13:32:57'),(463,'新大陆银座地下停车场',112.9754870,28.1829420,'湖南省','长沙市','天心区','黄兴南路199号新大陆银座','','2025-04-15 13:32:57','2025-04-15 13:32:57'),(464,'人民西路-道路停车位',112.9745360,28.1882350,'湖南省','长沙市','天心区','人民西路与劳动新村巷交叉口东40米','','2025-04-15 13:32:57','2025-04-15 13:32:57'),(465,'华远华中心一期负一层商业停车场',112.9699100,28.1912730,'湖南省','长沙市','天心区','福临街与坡子街交叉口北40米','','2025-04-15 13:32:57','2025-04-15 13:32:57'),(466,'长沙市第三医院北停车场',112.9778390,28.1763570,'湖南省','长沙市','天心区','劳动西路176号长沙市第三医院','','2025-04-15 13:32:57','2025-04-15 13:32:57'),(467,'湘江中路-道路停车位',112.9689680,28.1892900,'湖南省','长沙市','天心区','湘江中路与人民西路交叉口北80米','','2025-04-15 13:32:57','2025-04-15 13:32:57'),(468,'白沙广场停车场',112.9854290,28.1754420,'湖南省','长沙市','天心区','芙蓉中路新世纪花苑','','2025-04-15 13:32:57','2025-04-15 13:32:57'),(469,'海富大厦地下停车场',112.9772780,28.1837310,'湖南省','长沙市','天心区','城南西路228号海富大厦','','2025-04-15 13:32:57','2025-04-15 13:32:57'),(470,'中心广场地面停车场',112.9759020,28.1896080,'湖南省','长沙市','天心区','步行商业街与苏家巷交叉口西北40米','','2025-04-15 13:32:57','2025-04-15 13:32:57'),(471,'S云·非特智慧酒店长沙五一广场IFS国金中心店地下停车点',112.9751290,28.1943630,'湖南省','长沙市','天心区','怡长街与五一大道辅路交叉口南100米','','2025-04-15 13:32:57','2025-04-15 13:32:57'),(472,'停车场(西湖路)',112.9756270,28.1834960,'湖南省','长沙市','天心区','西湖路与黄兴南路交叉口西60米','','2025-04-15 13:32:57','2025-04-15 13:32:57'),(473,'鸿信地下停车场',112.9751450,28.1831630,'湖南省','长沙市','天心区','鸿信大厦东面23米(南门口地铁站2号口步行90米)','','2025-04-15 13:32:57','2025-04-15 13:32:57'),(474,'王府井商务楼地下停车场',112.9753210,28.1918220,'湖南省','长沙市','天心区','北京西路王府井商务楼(五一广场地铁站国金街8号口旁)','','2025-04-15 13:32:57','2025-04-15 13:32:57'),(475,'世纪情珠宝大厦地下停车场',112.9753580,28.1919110,'湖南省','长沙市','天心区','怡长街王府井商业广场','','2025-04-15 13:32:57','2025-04-15 13:32:57'),(476,'天心阁大酒店地下停车场',112.9813020,28.1830680,'湖南省','长沙市','天心区','城南西路33号天心阁大酒店','','2025-04-15 13:32:57','2025-04-15 13:32:57'),(477,'保利国际广场停车场',112.9674400,28.1670630,'湖南省','长沙市','天心区','书院路9号保利·国际广场','','2025-04-15 13:32:57','2025-04-15 13:32:57'),(478,'长沙市第三医院南停车场',112.9770790,28.1747610,'湖南省','长沙市','天心区','劳动西路176号长沙市第三医院','','2025-04-15 13:32:57','2025-04-15 13:32:57'),(479,'皇都电竞酒店停车场',112.9727850,28.1909540,'湖南省','长沙市','天心区','坡子街与衣铺街交叉口北80米','','2025-04-15 13:32:57','2025-04-15 13:32:57'),(480,'汇景发展环球中心地下停车场',112.9698460,28.1737930,'湖南省','长沙市','天心区','白沙路与书院路交叉口西北60米','','2025-04-15 13:32:57','2025-04-15 13:32:57'),(481,'湘茶大厦地下停车场',112.9729400,28.1920490,'湖南省','长沙市','天心区','解放西路与三王街交叉口西北80米','','2025-04-15 13:32:57','2025-04-15 13:32:57'),(482,'湘江大道地下停车场',112.9674840,28.1737610,'湖南省','长沙市','天心区','劳动路','','2025-04-15 13:32:57','2025-04-15 13:32:57'),(483,'叮叮mall地下停车场',112.9821850,28.1758740,'湖南省','长沙市','天心区','劳动西路337号叮叮mall','','2025-04-15 13:32:57','2025-04-15 13:32:57'),(484,'青和上座停车场',112.9725810,28.1906160,'湖南省','长沙市','天心区','坡子街与衣铺街交叉口西北40米','','2025-04-15 13:32:57','2025-04-15 13:32:57'),(485,'锦绣中环大厦地下停车场',112.9758050,28.1946070,'湖南省','长沙市','天心区','黄兴中路与五一大道辅路交叉口西南80米','','2025-04-15 13:32:57','2025-04-15 13:32:57'),(486,'福达银座停车场',112.9738040,28.1915580,'湖南省','长沙市','天心区','解放西路与三兴街交叉口东南20米','','2025-04-15 13:32:57','2025-04-15 13:32:57'),(487,'芙蓉大厦地下停车场',112.9791440,28.1832190,'湖南省','长沙市','天心区','城南西路111号芙蓉大厦','','2025-04-15 13:32:57','2025-04-15 13:32:57'),(488,'百花村巷-道路停车位',112.9758120,28.1863490,'湖南省','长沙市','天心区','步行商业街与大古道巷交叉口西南60米','','2025-04-15 13:32:57','2025-04-15 13:32:57'),(489,'湖南省财政厅停车场',112.9850320,28.1822490,'湖南省','长沙市','天心区','城南西路1号财信大厦湖南省财政厅','','2025-04-15 13:32:57','2025-04-15 13:32:57'),(490,'国家电网长沙供电公司停车场',112.9737360,28.1741710,'湖南省','长沙市','天心区','白沙路443号','','2025-04-15 13:32:57','2025-04-15 13:32:57'),(491,'新江岸·丽都停车场',112.9693920,28.1932350,'湖南省','长沙市','天心区','湘江中路2段18号(湘江中路地铁站1号口步行200米)','','2025-04-15 13:32:57','2025-04-15 13:32:57'),(492,'疯狂的麦咭长沙店立体停车场',112.9801860,28.1780980,'湖南省','长沙市','天心区','疯狂的麦咭(长沙店)','','2025-04-15 13:32:57','2025-04-15 13:32:57'),(493,'中山国际大厦地下停车场',112.9755530,28.1937560,'湖南省','长沙市','天心区','黄兴中路63号中山国际大厦','','2025-04-15 13:32:57','2025-04-15 13:32:57'),(494,'湘江中路辅路-道路停车位',112.9690910,28.1866670,'湖南省','长沙市','天心区','豆鼓园巷与唐家湾巷交叉口西南160米','','2025-04-15 13:32:57','2025-04-15 13:32:57'),(495,'白沙路高架桥停车场',112.9827370,28.1833020,'湖南省','长沙市','天心区','城南西路与白沙路交叉口西20米','','2025-04-15 13:32:57','2025-04-15 13:32:57'),(496,'女人世界全自动智能立体车库',112.9710770,28.1920740,'湖南省','长沙市','天心区','解放西路398号','','2025-04-15 13:32:57','2025-04-15 13:32:57'),(497,'新下河街公园停车场(建设中)',112.9696300,28.1935260,'湖南省','长沙市','天心区','湘江中路307号(下河街商贸城北侧)','','2025-04-15 13:32:57','2025-04-15 13:32:57'),(498,'长沙市天心区南门口停车场(装修中)',112.9770410,28.1833410,'湖南省','长沙市','天心区','城南西路173号(南门口地铁站2号口步行130米)','','2025-04-15 13:32:57','2025-04-15 13:32:57'),(499,'坡子街街道环卫地面停车场(暂停营业)',112.9691840,28.1954270,'湖南省','长沙市','天心区','橘子洲大桥与五一大道交叉口西60米','','2025-04-15 13:32:57','2025-04-15 13:32:57'),(634,'凯旋大厦停车场',112.9860940,28.1845440,'湖南省','长沙市','天心区','芙蓉中路458号','','2025-04-15 13:45:38','2025-04-15 13:45:38'),(635,'鹿回头酒楼停车场',112.9685460,28.1775420,'湖南省','长沙市','天心区','湘江大道辅路与书院巷交叉口南40米','','2025-04-15 13:45:38','2025-04-15 13:45:38'),(636,'养天和中医馆停车场',112.9729250,28.1794900,'湖南省','长沙市','天心区','沙河街养天和中医馆(灵官渡地铁站2号口步行200米)','','2025-04-15 13:45:38','2025-04-15 13:45:38'),(637,'御景大厦停车场',112.9749080,28.1785040,'湖南省','长沙市','天心区','劳动西路110号御景大厦','','2025-04-15 13:45:38','2025-04-15 13:45:38'),(638,'中国移动长沙分公司停车场',112.9757160,28.1795240,'湖南省','长沙市','天心区','黄兴南路6号(灵官渡地铁站2号口步行460米)','','2025-04-15 13:45:38','2025-04-15 13:45:38'),(639,'湘江中路南路侧停车位',112.9690650,28.1876410,'湖南省','长沙市','天心区','劳动路至解放路路侧','','2025-04-15 13:45:38','2025-04-15 13:45:38'),(640,'桔子水晶长沙黄兴路步行街酒店地下停车点',112.9753320,28.1919550,'湖南省','长沙市','天心区','桔子水晶长沙国金中心黄兴路步行街酒店','','2025-04-15 13:45:38','2025-04-15 13:45:38'),(641,'智邦家园地面停车场',112.9788260,28.1779520,'湖南省','长沙市','天心区','劳动西路209号智邦家园','','2025-04-15 13:45:38','2025-04-15 13:45:38'),(642,'长沙易夜连锁酒店(贺龙店)停车场',112.9792340,28.1752850,'湖南省','长沙市','天心区','天心区劳动西路239号','','2025-04-15 13:45:38','2025-04-15 13:45:38'),(643,'华中心A·B座地下停车场',112.9698880,28.1913290,'湖南省','长沙市','天心区','华远华中心A·B座(湘江中路地铁站1号口步行450米)','','2025-04-15 13:45:38','2025-04-15 13:45:38'),(644,'国家开发银行(湖南分行)-停车场',112.9698230,28.1834070,'湖南省','长沙市','天心区','楚湘街国家开发银行(湖南省分行)','','2025-04-15 13:45:38','2025-04-15 13:45:38'),(645,'长沙汇景城地下停车场',112.9698590,28.1740090,'湖南省','长沙市','天心区','汇景城','','2025-04-15 13:45:38','2025-04-15 13:45:38'),(646,'白沙晶城停车场',112.9764940,28.1762950,'湖南省','长沙市','天心区','白沙路与劳动西路交叉口西南120米','','2025-04-15 13:45:38','2025-04-15 13:45:38'),(647,'天心白沙里地下停车场',112.9835730,28.1839720,'湖南省','长沙市','天心区','白沙里','','2025-04-15 13:45:38','2025-04-15 13:45:38'),(648,'水厂路6号停车场',112.9681900,28.1684610,'湖南省','长沙市','天心区','水产路与湘江中路交汇点','','2025-04-15 13:45:38','2025-04-15 13:45:38'),(649,'城市之心停车场',112.9856790,28.1831070,'湖南省','长沙市','天心区','芙蓉中路144号','','2025-04-15 13:45:38','2025-04-15 13:45:38'),(650,'停车场',112.9697330,28.1688440,'湖南省','长沙市','天心区','书院路148号','','2025-04-15 13:45:38','2025-04-15 13:45:38'),(651,'君临国际地下停车场',112.9743610,28.1892730,'湖南省','长沙市','天心区','人民西路与劳动新村巷交叉口北100米','','2025-04-15 13:45:38','2025-04-15 13:45:38'),(652,'停车场',112.9681920,28.1684080,'湖南省','长沙市','天心区','未知详细地址','','2025-04-15 13:45:38','2025-04-15 13:45:38'),(653,'君临国际停车场',112.9756880,28.1889730,'湖南省','长沙市','天心区','坡子街216号(黄兴广场地铁站2号口步行150米)','','2025-04-15 13:45:38','2025-04-15 13:45:38'),(654,'新怡园酒楼(贺龙店)地面停车场',112.9840170,28.1794240,'湖南省','长沙市','天心区','劳动西路339号','','2025-04-15 13:45:38','2025-04-15 13:45:38'),(655,'江山国际大酒店停车场',112.9806410,28.1742620,'湖南省','长沙市','天心区','江山国际大酒店KTV(侯家塘地铁站1号口步行80米)','','2025-04-15 13:45:38','2025-04-15 13:45:38'),(656,'蓝湾国际广场停车场',112.9711670,28.1651220,'湖南省','长沙市','天心区','书院路与南湖路交叉处东北角蓝湾国际广场','','2025-04-15 13:45:38','2025-04-15 13:45:38'),(657,'新世纪大厦地下停车场',112.9842740,28.1756960,'湖南省','长沙市','天心区','芙蓉中路二段198号新世纪花苑','','2025-04-15 13:45:38','2025-04-15 13:45:38'),(658,'长沙市天心区马益顺巷停车场',112.9746480,28.1808160,'湖南省','长沙市','天心区','马益顺巷(南门口地铁站2号口步行420米)','','2025-04-15 13:45:38','2025-04-15 13:45:38'),(659,'人民西路东侧4号停车场',112.9713560,28.1883430,'湖南省','长沙市','天心区','人民西路与唐家湾巷交叉口东南20米','','2025-04-15 13:45:38','2025-04-15 13:45:38'),(660,'田汉大剧院停车场',112.9840950,28.1734790,'湖南省','长沙市','天心区','劳动西路347田汉大剧院','','2025-04-15 13:45:38','2025-04-15 13:45:38'),(661,'嘉盛商业广场停车场',112.9807560,28.1758580,'湖南省','长沙市','天心区','城南路街道劳动西路289号嘉盛国际广场','','2025-04-15 13:45:38','2025-04-15 13:45:38'),(662,'蓝湾国际广场地下停车场',112.9720750,28.1658840,'湖南省','长沙市','天心区','南湖路458号蓝湾国际广场','','2025-04-15 13:45:38','2025-04-15 13:45:38'),(663,'众东国际停车场',112.9854490,28.1855770,'湖南省','长沙市','天心区','工农桥村巷众东国际大厦','','2025-04-15 13:45:38','2025-04-15 13:45:38'),(664,'长沙美宿悦致酒店五一广场步行街店北侧停车场',112.9723240,28.1787460,'湖南省','长沙市','天心区','劳动西路68号悦致酒店(长沙五一广场黄兴路步行街店)','','2025-04-15 13:45:38','2025-04-15 13:45:38'),(665,'VDVC PARK地下停车场',112.9741360,28.1921290,'湖南省','长沙市','天心区','三兴街与解放西路交叉口东北60米','','2025-04-15 13:45:38','2025-04-15 13:45:38'),(666,'森和大厦停车场',112.9768300,28.1853160,'湖南省','长沙市','天心区','黄兴南路262号森和大厦','','2025-04-15 13:45:38','2025-04-15 13:45:38'),(667,'保利国际广场地下停车场',112.9686540,28.1673160,'湖南省','长沙市','天心区','书院路9号保利·国际广场','','2025-04-15 13:45:38','2025-04-15 13:45:38'),(668,'贺龙体育场西侧停车场',112.9814280,28.1777850,'湖南省','长沙市','天心区','白沙路与白沙街交叉口东南220米','','2025-04-15 13:45:38','2025-04-15 13:45:38'),(669,'摩天轮大厦停车场',112.9861180,28.1789450,'湖南省','长沙市','天心区','芙蓉中路摩天轮大厦','','2025-04-15 13:45:38','2025-04-15 13:45:38'),(670,'7天酒店停车场',112.9859770,28.1854250,'湖南省','长沙市','天心区','芙蓉中路452号','','2025-04-15 13:45:38','2025-04-15 13:45:38'),(671,'天心公园停车点',112.9834820,28.1862600,'湖南省','长沙市','天心区','天心路88号天心公园','','2025-04-15 13:45:38','2025-04-15 13:45:38'),(672,'华夏太古巨幕影城贺龙店地面停车场',112.9848950,28.1791370,'湖南省','长沙市','天心区','华夏太古巨幕影城(贺龙广场店)','','2025-04-15 13:45:38','2025-04-15 13:45:38'),(673,'水厂路-道路停车位',112.9679530,28.1681220,'湖南省','长沙市','天心区','南湖路隧道保利国际广场','','2025-04-15 13:45:38','2025-04-15 13:45:38'),(674,'时尚名堂购物街区停车场',112.9756520,28.1876250,'湖南省','长沙市','天心区','百花村巷与人民西路交叉口东南80米','','2025-04-15 13:45:38','2025-04-15 13:45:38'),(675,'中域蓉城大厦停车场',112.9854940,28.1831430,'湖南省','长沙市','天心区','中域蓉城大厦','','2025-04-15 13:45:38','2025-04-15 13:45:38'),(676,'长沙贺龙A酒店停车点',112.9832540,28.1796710,'湖南省','长沙市','天心区','清真寺巷与红龙庙巷交叉口西南80米','','2025-04-15 13:45:38','2025-04-15 13:45:38'),(677,'白沙路-道路停车位',112.9717100,28.1737370,'湖南省','长沙市','天心区','裕南街与白沙路交叉口东北40米','','2025-04-15 13:45:38','2025-04-15 13:45:38'),(678,'国家电网(城南供电营业厅)-停车场(黄兴南路)',112.9762670,28.1820090,'湖南省','长沙市','天心区','黄兴南路与沙家巷交叉口东北20米','','2025-04-15 13:45:38','2025-04-15 13:45:38'),(679,'摩天一号地下停车场',112.9850170,28.1795490,'湖南省','长沙市','天心区','回龙山巷与好乐迪巷交叉口北40米','','2025-04-15 13:45:38','2025-04-15 13:45:38'),(680,'新世纪花苑停车场',112.9853280,28.1748800,'湖南省','长沙市','天心区','芙蓉中路二段200号新世纪花苑','','2025-04-15 13:45:38','2025-04-15 13:45:38'),(681,'长沙贺龙体育中心南广场停车场',112.9821610,28.1769530,'湖南省','长沙市','天心区','贺龙体育场南广场(侯家塘地铁站4号口步行480米)','','2025-04-15 13:45:38','2025-04-15 13:45:38'),(682,'森和大厦地下停车场',112.9767460,28.1854930,'湖南省','长沙市','天心区','黄兴南路262号森和大厦','','2025-04-15 13:45:38','2025-04-15 13:45:38'),(683,'都江新苑停车场',112.9706310,28.1624790,'湖南省','长沙市','天心区','书院南路(碧沙湖地铁站2号口步行480米)','','2025-04-15 13:45:38','2025-04-15 13:45:38'),(684,'嘉盛国际广场停车场',112.9805270,28.1757810,'湖南省','长沙市','天心区','劳动西路289号嘉盛国际广场F1','','2025-04-15 13:45:39','2025-04-15 13:45:39'),(685,'地面停车场',112.9706050,28.1719150,'湖南省','长沙市','天心区','书院路与杏花园巷交叉口北120米','','2025-04-15 13:45:39','2025-04-15 13:45:39'),(686,'丽枫酒店长沙步行街南门口地铁站店停车点',112.9812510,28.1830760,'湖南省','长沙市','天心区','丽枫酒店(长沙步行街南门口地铁站店)','','2025-04-15 13:45:39','2025-04-15 13:45:39'),(687,'长沙同发大酒店地下停车场',112.9860890,28.1851510,'湖南省','长沙市','天心区','同发大酒店(长沙五一广场IFS国金中心店)','','2025-04-15 13:45:39','2025-04-15 13:45:39'),(688,'南湖医院停车场',112.9765510,28.1657840,'湖南省','长沙市','天心区','南湖路270号','','2025-04-15 13:45:39','2025-04-15 13:45:39'),(689,'白沙晶城A栋地下停车场',112.9764860,28.1762080,'湖南省','长沙市','天心区','劳动西路429号白沙晶城A栋','','2025-04-15 13:45:39','2025-04-15 13:45:39'),(690,'恒力卡瑞尔停车场',112.9803820,28.1754140,'湖南省','长沙市','天心区','劳动西路245号恒力卡瑞尔中心F1','','2025-04-15 13:45:39','2025-04-15 13:45:39'),(691,'天剑路-道路停车位',112.9815600,28.1766680,'湖南省','长沙市','天心区','天剑路与劳动西路交叉口东北240米','','2025-04-15 13:45:39','2025-04-15 13:45:39'),(692,'美丽传说国际温泉会所停车场',112.9808240,28.1748620,'湖南省','长沙市','天心区','劳动西路228号(侯家塘地铁站4号口步行190米)','','2025-04-15 13:45:39','2025-04-15 13:45:39'),(693,'先导童心MAll东广场停车场',112.9843150,28.1788470,'湖南省','长沙市','天心区','先导童心MALL(贺龙店)','','2025-04-15 13:45:39','2025-04-15 13:45:39'),(694,'白沙路立交桥停车场',112.9833290,28.1829170,'湖南省','长沙市','天心区','城南西路辅路与回龙山巷交叉口西40米','','2025-04-15 13:45:39','2025-04-15 13:45:39'),(695,'红橘子立体停车场',112.9641550,28.1555640,'湖南省','长沙市','天心区','未知详细地址','','2025-04-15 13:45:39','2025-04-15 13:45:39'),(696,'地面停车场',112.9800400,28.1848940,'湖南省','长沙市','天心区','蔡锷南路与县正街交叉口南120米','','2025-04-15 13:45:39','2025-04-15 13:45:39'),(697,'君逸康年大酒店停车场',112.9861910,28.1814060,'湖南省','长沙市','天心区','义茶亭巷与芙蓉中路交叉口西40米','','2025-04-15 13:45:39','2025-04-15 13:45:39'),(698,'水厂路6号停车场',112.9681850,28.1685310,'湖南省','长沙市','天心区','书院南路9号','','2025-04-15 13:45:39','2025-04-15 13:45:39'),(699,'财信大厦停车场',112.9850500,28.1822120,'湖南省','长沙市','天心区','回龙山巷与红龙庙巷交叉口东北140米','','2025-04-15 13:45:39','2025-04-15 13:45:39'),(700,'长沙美宿悦致酒店五一广场步行街店南侧停车场',112.9726100,28.1782840,'湖南省','长沙市','天心区','劳动西路68号悦致酒店(长沙五一广场黄兴路步行街店)','','2025-04-15 13:45:39','2025-04-15 13:45:39'),(701,'天心阁古玩城停车场',112.9832320,28.1842820,'湖南省','长沙市','天心区','白沙路与城南西路交叉口北120米','','2025-04-15 13:45:39','2025-04-15 13:45:39'),(702,'西湖路近书院-路公共立体停车楼',112.9724400,28.1840880,'湖南省','长沙市','天心区','西湖路湖南省二轻供销总公司宿舍','','2025-04-15 13:45:39','2025-04-15 13:45:39'),(703,'江山国际大酒店停车点',112.9799750,28.1744110,'湖南省','长沙市','天心区','江山国际大酒店KTV(侯家塘地铁站1号口步行160米)','','2025-04-15 13:45:39','2025-04-15 13:45:39'),(704,'政力世纪大厦停车场',112.9773330,28.1774970,'湖南省','长沙市','天心区','劳动西路与白沙路交叉口西北40米','','2025-04-15 13:45:39','2025-04-15 13:45:39'),(705,'湘江中路辅路-道路停车位',112.9672550,28.1693590,'湖南省','长沙市','天心区','湘江中路与水厂路交叉口北120米','','2025-04-15 13:45:39','2025-04-15 13:45:39'),(706,'侯家塘高架桥停车场',112.9851130,28.1715080,'湖南省','长沙市','天心区','芙蓉中路(侯家塘地铁站2号口步行320米)','','2025-04-15 13:45:39','2025-04-15 13:45:39'),(707,'水厂路3号停车场',112.9690550,28.1682300,'湖南省','长沙市','天心区','水厂路与书院路交叉口西100米','','2025-04-15 13:45:39','2025-04-15 13:45:39'),(708,'湘汉路2号停车场',112.9687980,28.1706400,'湖南省','长沙市','天心区','湘汉路与湘江中路辅路交叉口东100米','','2025-04-15 13:45:39','2025-04-15 13:45:39'),(709,'凯华大厦B栋地下停车场',112.9831320,28.1729260,'湖南省','长沙市','天心区','劳动西路308号(侯家塘地铁站2号口步行50米)','','2025-04-15 13:45:39','2025-04-15 13:45:39'),(710,'嘉盛国际地下停车场',112.9801490,28.1761450,'湖南省','长沙市','天心区','城南路街道劳动西路289号嘉盛国际广场','','2025-04-15 13:45:39','2025-04-15 13:45:39'),(711,'白沙街-道路停车位',112.9800500,28.1800840,'湖南省','长沙市','天心区','白沙路269号','','2025-04-15 13:45:39','2025-04-15 13:45:39'),(712,'停车场(君逸康年大酒店东南)',112.9863100,28.1802290,'湖南省','长沙市','天心区','芙蓉中路508号之3号','','2025-04-15 13:45:39','2025-04-15 13:45:39'),(713,'书院观邸地面停车场',112.9698590,28.1759260,'湖南省','长沙市','天心区','书院路559号书院观邸','','2025-04-15 13:45:39','2025-04-15 13:45:39'),(714,'光大发展大厦停车场',112.9844350,28.1676440,'湖南省','长沙市','天心区','芙蓉中路三段142号(南湖路地铁站3C口步行340米)','','2025-04-15 13:45:39','2025-04-15 13:45:39'),(715,'人民西路东侧3号停车场',112.9734630,28.1881680,'湖南省','长沙市','天心区','人民西路与劳动新村巷交叉口西60米','','2025-04-15 13:45:39','2025-04-15 13:45:39'),(716,'摩天一号地下停车场',112.9860860,28.1798020,'湖南省','长沙市','天心区','芙蓉中路与好乐迪巷交叉口西北80米','','2025-04-15 13:45:39','2025-04-15 13:45:39'),(717,'恒力卡瑞尔地下停车场',112.9799930,28.1756750,'湖南省','长沙市','天心区','恒力卡瑞尔(侯家塘地铁站4号口步行310米)','','2025-04-15 13:45:39','2025-04-15 13:45:39'),(718,'长沙移动妙高峰通信大楼西停车场',112.9756870,28.1794590,'湖南省','长沙市','天心区','黄兴南路6号长沙移动妙高峰通信大楼','','2025-04-15 13:45:39','2025-04-15 13:45:39'),(719,'弘林国际大厦停车场',112.9853980,28.1652780,'湖南省','长沙市','天心区','芙蓉中路与南湖路交叉口南60米','','2025-04-15 13:45:39','2025-04-15 13:45:39'),(720,'南湖东怡大厦停车场',112.9706170,28.1637570,'湖南省','长沙市','天心区','书院南路799号南湖东怡大厦','','2025-04-15 13:45:39','2025-04-15 13:45:39'),(721,'义茶亭巷-道路停车位',112.9846780,28.1811670,'湖南省','长沙市','天心区','回龙山巷与红龙庙巷交叉口东20米','','2025-04-15 13:45:39','2025-04-15 13:45:39'),(722,'湖南邮电职业技术学院停车场',112.9753760,28.1613700,'湖南省','长沙市','天心区','沙湖街湖南邮电职业技术学院','','2025-04-15 13:45:39','2025-04-15 13:45:39'),(723,'长沙市湘剧院停车场',112.9735770,28.1785710,'湖南省','长沙市','天心区','青山祠巷42长沙市湘剧院','','2025-04-15 13:45:39','2025-04-15 13:45:39'),(724,'中国农业银行家属院停车场',112.9777330,28.1861090,'湖南省','长沙市','天心区','城南路街道古道巷社区大古道巷73号中国农业银行家属院','','2025-04-15 13:45:39','2025-04-15 13:45:39'),(725,'叮叮停车场',112.9830180,28.1762330,'湖南省','长沙市','天心区','回龙山巷湖南贺龙体育馆小区','','2025-04-15 13:45:39','2025-04-15 13:45:39'),(726,'地下停车场',112.9681920,28.1652450,'湖南省','长沙市','天心区','湘江中路与南湖路交叉口东180米','','2025-04-15 13:45:39','2025-04-15 13:45:39'),(727,'天辰腾达商务大厦室内停车场',112.9799040,28.1855990,'湖南省','长沙市','天心区','大古道巷与蔡锷南路交叉口西南60米','','2025-04-15 13:45:39','2025-04-15 13:45:39'),(728,'湖南省第一师范学院老校区停车场',112.9717380,28.1762750,'湖南省','长沙市','天心区','书院路与创远街交叉口东南60米','','2025-04-15 13:45:39','2025-04-15 13:45:39'),(729,'政力世纪大厦地下停车场',112.9775800,28.1778470,'湖南省','长沙市','天心区','劳动西路与白沙路交叉口北60米','','2025-04-15 13:45:39','2025-04-15 13:45:39'),(730,'幸福里商业广场停车场',112.9674720,28.1670300,'湖南省','长沙市','天心区','幸福里商业广场(湘江中路店)','','2025-04-15 13:45:39','2025-04-15 13:45:39'),(731,'停车场(星电宾馆西南)',112.9740290,28.1743640,'湖南省','长沙市','天心区','白沙路489号','','2025-04-15 13:45:39','2025-04-15 13:45:39'),(732,'信达大厦停车场',112.9761400,28.1814830,'湖南省','长沙市','天心区','黄兴南路92号信达大厦','','2025-04-15 13:45:39','2025-04-15 13:45:39'),(733,'江山国际大酒店地下停车场',112.9803570,28.1739830,'湖南省','长沙市','天心区','劳动西路256号江山国际大酒店','','2025-04-15 13:45:39','2025-04-15 13:45:39'),(734,'地下停车场',112.9819960,28.1729600,'湖南省','长沙市','天心区','夏家冲巷与劳动西路交叉口西南80米','','2025-04-15 13:45:39','2025-04-15 13:45:39'),(735,'的士就餐专用车位',112.9730180,28.1740010,'湖南省','长沙市','天心区','裕南街与白沙路交叉口东160米','','2025-04-15 13:45:39','2025-04-15 13:45:39'),(736,'7天酒店长沙步行街南门口店停车场',112.9771880,28.1805910,'湖南省','长沙市','天心区','黄兴南路栗茂巷冯家湾1号7天酒店','','2025-04-15 13:45:39','2025-04-15 13:45:39'),(737,'华宫大厦地下停车场',112.9833720,28.1694170,'湖南省','长沙市','天心区','芙蓉中路135号华宫','','2025-04-15 13:45:39','2025-04-15 13:45:39'),(738,'美丽传说大厦地下停车场',112.9812310,28.1752860,'湖南省','长沙市','天心区','美丽传说大厦(侯家塘地铁站4号口步行250米)','','2025-04-15 13:45:39','2025-04-15 13:45:39'),(739,'云上四季酒店长沙南口门店停车场',112.9728260,28.1831790,'湖南省','长沙市','天心区','书院路与下碧湘街交叉口北60米','','2025-04-15 13:45:39','2025-04-15 13:45:39'),(740,'清真寺巷-道路停车位',112.9841860,28.1803180,'湖南省','长沙市','天心区','清真寺巷与回龙山巷交叉口西南20米','','2025-04-15 13:45:39','2025-04-15 13:45:39'),(741,'顺安大厦停车场',112.9828760,28.1663290,'湖南省','长沙市','天心区','顺安大厦(南湖路地铁站1号口步行250米)','','2025-04-15 13:45:39','2025-04-15 13:45:39'),(742,'摩天一号1座地下停车场',112.9851180,28.1795880,'湖南省','长沙市','天心区','回龙山巷与好乐迪巷交叉口北60米','','2025-04-15 13:45:39','2025-04-15 13:45:39'),(743,'李富春故居停车点',112.9741280,28.1921840,'湖南省','长沙市','天心区','三兴街2号(近解放西路弥敦道)李富春故居','','2025-04-15 13:45:39','2025-04-15 13:45:39'),(744,'国美电器候家塘旗舰店停车场',112.9846490,28.1742700,'湖南省','长沙市','天心区','芙蓉中路新世纪花苑(侯家塘地铁站3号口步行350米)','','2025-04-15 13:45:39','2025-04-15 13:45:39'),(745,'中国农业银行长信支行停车场',112.9846250,28.1830610,'湖南省','长沙市','天心区','城南西路66号中国农业银行长信支行','','2025-04-15 13:45:39','2025-04-15 13:45:39'),(746,'湖南佳程酒店地下停车点',112.9784180,28.1767520,'湖南省','长沙市','天心区','劳动西路215号长沙佳程酒店','','2025-04-15 13:45:39','2025-04-15 13:45:39'),(747,'创远景园-地下停车场',112.9710520,28.1767240,'湖南省','长沙市','天心区','书院路521号创远·景园','','2025-04-15 13:45:39','2025-04-15 13:45:39'),(748,'新时空大厦停车场',112.9854040,28.1607620,'湖南省','长沙市','天心区','芙蓉中路与黄土岭路交叉口北60米','','2025-04-15 13:45:39','2025-04-15 13:45:39'),(749,'回龙山巷-道路停车位',112.9838680,28.1758410,'湖南省','长沙市','天心区','芙蓉中路二段200号华侨国际附近','','2025-04-15 13:45:39','2025-04-15 13:45:39'),(750,'江山资源大厦停车场',112.9801340,28.1739870,'湖南省','长沙市','天心区','天剑路与劳动西路交叉口南80米','','2025-04-15 13:45:39','2025-04-15 13:45:39'),(751,'荣悦台地下停车场',112.9809010,28.1622010,'湖南省','长沙市','天心区','荣悦台','','2025-04-15 13:45:39','2025-04-15 13:45:39'),(752,'长沙移动妙高峰通信大楼东停车场',112.9764370,28.1797920,'湖南省','长沙市','天心区','黄兴南路6号长沙移动妙高峰通信大楼','','2025-04-15 13:45:39','2025-04-15 13:45:39'),(753,'百花村巷-路侧停车位',112.9759100,28.1865970,'湖南省','长沙市','天心区','百花村巷(黄兴广场地铁站2号口步行250米)','','2025-04-15 13:45:39','2025-04-15 13:45:39'),(754,'湖南佳程酒店停车点',112.9789230,28.1768500,'湖南省','长沙市','天心区','劳动西路215号长沙佳程酒店','','2025-04-15 13:45:39','2025-04-15 13:45:39'),(755,'江山资源大厦地下停车场',112.9805500,28.1739320,'湖南省','长沙市','天心区','劳动西路与天剑路交叉口东南100米','','2025-04-15 13:45:39','2025-04-15 13:45:39'),(756,'长沙唯忆精品酒店地面停车点',112.9859650,28.1829410,'湖南省','长沙市','天心区','唯忆精品酒店(五一广场芙蓉中路店)','','2025-04-15 13:45:39','2025-04-15 13:45:39'),(757,'中域蓉城大厦地下停车场',112.9853520,28.1835740,'湖南省','长沙市','天心区','中域蓉城大厦','','2025-04-15 13:45:39','2025-04-15 13:45:39'),(758,'在水一方大厦地下停车场',112.9708270,28.1672950,'湖南省','长沙市','天心区','书院路与水厂路交叉口东南120米','','2025-04-15 13:45:39','2025-04-15 13:45:39'),(759,'恒生大厦停车场',112.9862490,28.1852040,'湖南省','长沙市','天心区','芙蓉中路与人民中路交叉口西南80米','','2025-04-15 13:45:39','2025-04-15 13:45:39'),(760,'翼腾体育篮球馆南湖路店停车场',112.9796470,28.1646080,'湖南省','长沙市','天心区','长坡二街与南湖路交叉口南120米','','2025-04-15 13:45:39','2025-04-15 13:45:39'),(761,'长沙供水大厦停车场',112.9847990,28.1856530,'湖南省','长沙市','天心区','人民中路6号长沙供水大厦','','2025-04-15 13:45:39','2025-04-15 13:45:39'),(762,'停车场(向家湾巷)',112.9703590,28.1807290,'湖南省','长沙市','天心区','向家湾巷与楚湘街一条巷交叉口北100米','','2025-04-15 13:45:39','2025-04-15 13:45:39'),(763,'停车场(景泰雅苑西)',112.9698260,28.1807870,'湖南省','长沙市','天心区','向家湾巷与楚湘街一条巷交叉口北100米','','2025-04-15 13:45:39','2025-04-15 13:45:39'),(764,'天剑路-道路停车位',112.9805620,28.1750370,'湖南省','长沙市','天心区','天剑路与劳动西路交叉口东北40米','','2025-04-15 13:45:39','2025-04-15 13:45:39'),(765,'长沙供水大厦地下停车场',112.9850290,28.1859620,'湖南省','长沙市','天心区','人民中路6号长沙供水大厦','','2025-04-15 13:45:39','2025-04-15 13:45:39'),(766,'省财政厅政务楼停车场',112.9852070,28.1826010,'湖南省','长沙市','天心区','城南西路与芙蓉中路交叉口西140米','','2025-04-15 13:45:39','2025-04-15 13:45:39'),(767,'中国移动长沙市城南分公司停车场',112.9760980,28.1797140,'湖南省','长沙市','天心区','黄兴南路与沙河街交叉口东40米','','2025-04-15 13:45:39','2025-04-15 13:45:39'),(768,'谢家冲街-道路停车位',112.9655000,28.1586970,'湖南省','长沙市','天心区','湘江颂东北侧220米','','2025-04-15 13:45:39','2025-04-15 13:45:39'),(769,'天辰腾达商务大厦停车场',112.9797710,28.1856670,'湖南省','长沙市','天心区','大古道巷与大乐嘉巷交叉口东南40米','','2025-04-15 13:45:39','2025-04-15 13:45:39'),(770,'弘林国际地下停车场',112.9848230,28.1656920,'湖南省','长沙市','天心区','芙蓉中路三段266号弘林国际大厦','','2025-04-15 13:45:39','2025-04-15 13:45:39'),(771,'星电花园停车场',112.9825290,28.1628470,'湖南省','长沙市','天心区','黄土岭路155号星电花园','','2025-04-15 13:45:39','2025-04-15 13:45:39'),(772,'中国农业银行长沙天心区支行停车场',112.9782760,28.1778770,'湖南省','长沙市','天心区','白沙路212号中国农业银行长沙天心区支行','','2025-04-15 13:45:39','2025-04-15 13:45:39'),(773,'停车场',112.9695290,28.1606630,'湖南省','长沙市','天心区','都江路17号','','2025-04-15 13:45:39','2025-04-15 13:45:39'),(774,'停车场',112.9701300,28.1753960,'湖南省','长沙市','天心区','书院路与创远街交叉口西北150米','','2025-04-15 13:45:39','2025-04-15 13:45:39'),(775,'凯旋大厦地下停车场',112.9862380,28.1846500,'湖南省','长沙市','天心区','芙蓉中路与人民中路交叉口西南120米','','2025-04-15 13:45:39','2025-04-15 13:45:39'),(776,'芙蓉同发地下停车场',112.9862570,28.1850420,'湖南省','长沙市','天心区','芙蓉中路2段116号','','2025-04-15 13:45:39','2025-04-15 13:45:39'),(777,'燕子岭正街-道路停车位',112.9779750,28.1784690,'湖南省','长沙市','天心区','燕子岭正街与白沙路交叉口北100米','','2025-04-15 13:45:39','2025-04-15 13:45:39'),(778,'天剑路-道路停车位',112.9836740,28.1696380,'湖南省','长沙市','天心区','天剑路与夏家冲巷交叉口东40米','','2025-04-15 13:45:39','2025-04-15 13:45:39'),(779,'佳程广场停车场',112.9787700,28.1763970,'湖南省','长沙市','天心区','劳动西路与石子村巷交叉口东北40米','','2025-04-15 13:45:39','2025-04-15 13:45:39'),(780,'贺龙体育场南侧地面停车场(暂停营业)',112.9816730,28.1771260,'湖南省','长沙市','天心区','白沙路与白沙街交叉口东南300米','','2025-04-15 13:45:39','2025-04-15 13:45:39'),(781,'南湖东怡大厦地下停车场',112.9705070,28.1635750,'湖南省','长沙市','天心区','书院南路799号南湖东怡大厦','','2025-04-15 13:45:39','2025-04-15 13:45:39'),(782,'扫把塘集贸市场停车场',112.9820190,28.1681020,'湖南省','长沙市','天心区','天剑路集贸市场宿舍(南湖路地铁站1号口步行490米)','','2025-04-15 13:45:39','2025-04-15 13:45:39'),(783,'地面停车场',112.9830450,28.1740640,'湖南省','长沙市','天心区','回龙山巷长沙贺龙体育中心','','2025-04-15 13:45:39','2025-04-15 13:45:39'),(784,'潮宗御苑停车场',112.9721460,28.2048150,'湖南省','长沙市','开福区','营盘西路6号潮宗御苑','','2025-04-15 13:47:06','2025-04-15 13:47:06'),(785,'北辰中信银行大厦停车场',112.9794800,28.2391340,'湖南省','长沙市','开福区','芙蓉北路街道湘江北路1500号北辰中信银行大厦','','2025-04-15 13:47:06','2025-04-15 13:47:06'),(786,'华创国际广场购物中心地下停车场',112.9886920,28.2246720,'湖南省','长沙市','开福区','芙蓉中路一段109号华创国际广场购物中心','','2025-04-15 13:47:06','2025-04-15 13:47:06'),(787,'长沙慕弈H酒店五一广场IFS国金中心店地下停车场',112.9757070,28.1958800,'湖南省','长沙市','开福区','五一大道868号(五一广场地铁站8号口步行70米)','','2025-04-15 13:47:06','2025-04-15 13:47:06'),(788,'玉麟阁停车场',112.9787630,28.2228670,'湖南省','长沙市','开福区','开福寺路153号玉麟阁(开福寺地铁站1号口步行70米)','','2025-04-15 13:47:06','2025-04-15 13:47:06'),(789,'北辰三角洲奥城E5停车场',112.9799190,28.2337450,'湖南省','长沙市','开福区','秋月路北辰三角洲','','2025-04-15 13:47:06','2025-04-15 13:47:06'),(790,'上城金都·国际公馆停车场',112.9755470,28.2044970,'湖南省','长沙市','开福区','黄兴北路89号上城金都·国际公馆','','2025-04-15 13:47:06','2025-04-15 13:47:06'),(791,'润和国际广场地下停车场',112.9912960,28.2503130,'湖南省','长沙市','开福区','广铁路旁(马厂地铁站3号口步行340米)','','2025-04-15 13:47:06','2025-04-15 13:47:06'),(792,'地面停车场',112.9721190,28.1988680,'湖南省','长沙市','开福区','西长街与如意街交叉口南40米','','2025-04-15 13:47:06','2025-04-15 13:47:06'),(793,'五一·中央领御停车场(藩城堤街)',112.9736840,28.1975980,'湖南省','长沙市','开福区','五一西路936号五一·中央领御','','2025-04-15 13:47:06','2025-04-15 13:47:06'),(794,'田小狗的饭店停车场',112.9892210,28.2178150,'湖南省','长沙市','开福区','富兴时代御城东门入口B1层','','2025-04-15 13:47:06','2025-04-15 13:47:06'),(795,'一凹窑·刀炙烧烤立体停车场',112.9736460,28.2009460,'湖南省','长沙市','开福区','中山路与三贵街交叉口西北60米','','2025-04-15 13:47:06','2025-04-15 13:47:06'),(796,'地面停车场',112.9778160,28.2136000,'湖南省','长沙市','开福区','黄兴北路与湘雅路交叉口西南80米','','2025-04-15 13:47:06','2025-04-15 13:47:06'),(797,'陋园宾馆停车场',112.9806790,28.2089650,'湖南省','长沙市','开福区','湘春路109号陋园宾馆(湘雅附一省妇幼店)','','2025-04-15 13:47:06','2025-04-15 13:47:06'),(798,'停车场(北辰三角洲奥城E3北)',112.9807610,28.2355530,'湖南省','长沙市','开福区','湘江北路三段1200号北辰三角洲奥城E3区','','2025-04-15 13:47:06','2025-04-15 13:47:06'),(799,'停车场',112.9788310,28.2264420,'湖南省','长沙市','开福区','新河路与黄兴北路交叉口西120米','','2025-04-15 13:47:06','2025-04-15 13:47:06'),(800,'华盛·新外滩停车场',112.9741690,28.2118150,'湖南省','长沙市','开福区','湘江大道288号华盛·新外滩','','2025-04-15 13:47:06','2025-04-15 13:47:06'),(801,'观园地下停车场',112.9911030,28.2138880,'湖南省','长沙市','开福区','东风路43号观园(湘雅医院地铁站3号口步行280米)','','2025-04-15 13:47:06','2025-04-15 13:47:06'),(802,'蔡锷北路2号停车场',112.9822540,28.2089430,'湖南省','长沙市','开福区','蔡锷北路与湘春路交叉口北20米','','2025-04-15 13:47:06','2025-04-15 13:47:06'),(803,'湘江中路辅路-道路停车位',112.9753970,28.2265370,'湖南省','长沙市','开福区','湘江中路与三一大道交叉口北80米','','2025-04-15 13:47:06','2025-04-15 13:47:06'),(804,'领御大厦地下停车场',112.9769270,28.2040460,'湖南省','长沙市','开福区','营盘路108号领御大厦','','2025-04-15 13:47:06','2025-04-15 13:47:06'),(805,'金色屋顶地下停车场',112.9749280,28.2176310,'湖南省','长沙市','开福区','湘江中路辅路与芭茅洲巷交叉口东北80米','','2025-04-15 13:47:06','2025-04-15 13:47:06'),(806,'北辰中信银行大厦停车场',112.9793880,28.2392680,'湖南省','长沙市','开福区','芙蓉北路街道湘江北路1500号北辰中信银行大厦','','2025-04-15 13:47:06','2025-04-15 13:47:06'),(807,'消防医院停车场',112.9881760,28.2314870,'湖南省','长沙市','开福区','芙蓉北路二段178号','','2025-04-15 13:47:06','2025-04-15 13:47:06'),(808,'留芳宾馆停车场',112.9844200,28.2103590,'湖南省','长沙市','开福区','留芳岭巷14号','','2025-04-15 13:47:06','2025-04-15 13:47:06'),(809,'湖南省体育场停车场',112.9908010,28.2069530,'湖南省','长沙市','开福区','体育馆路1号湖南省体育场','','2025-04-15 13:47:06','2025-04-15 13:47:06'),(810,'中南大学湘雅医学院附属长沙医院地下停车场',112.9819280,28.2049110,'湖南省','长沙市','开福区','营盘路311号长沙市第一医院','','2025-04-15 13:47:06','2025-04-15 13:47:06'),(811,'潮宗街区福庆坪停车场',112.9724690,28.2008200,'湖南省','长沙市','开福区','中山路378号','','2025-04-15 13:47:06','2025-04-15 13:47:06'),(812,'地面停车场',112.9794010,28.2367200,'湖南省','长沙市','开福区','平沙路与湘江北路辅路交叉口南20米','','2025-04-15 13:47:06','2025-04-15 13:47:06'),(813,'富兴世界金融中心地下停车场',112.9882920,28.2143400,'湖南省','长沙市','开福区','开福商务中心区芙蓉中路311号富兴世界金融中心','','2025-04-15 13:47:06','2025-04-15 13:47:06'),(814,'长沙置地中心停车场',112.9779610,28.2077040,'湖南省','长沙市','开福区','湘春路319号(培元桥地铁站4号口步行260米)','','2025-04-15 13:47:06','2025-04-15 13:47:06'),(815,'北门饭店湘春路店停车场',112.9784880,28.2095970,'湖南省','长沙市','开福区','湘春路春沐医院(文昌阁地铁站3号口步行410米)','','2025-04-15 13:47:06','2025-04-15 13:47:06'),(816,'长沙运达喜来登酒店停车场',112.9851420,28.2026350,'湖南省','长沙市','开福区','芙蓉中路一段478号长沙运达喜来登酒店','','2025-04-15 13:47:06','2025-04-15 13:47:06'),(817,'北辰时代广场地面停车场',112.9781840,28.2398050,'湖南省','长沙市','开福区','北辰时代广场','','2025-04-15 13:47:06','2025-04-15 13:47:06'),(818,'东风路高架桥9号地面停车场',112.9908380,28.2289070,'湖南省','长沙市','开福区','东风路与建湘新村巷交叉口西南20米','','2025-04-15 13:47:06','2025-04-15 13:47:06'),(819,'北辰三角北门停车场',112.9822940,28.2357260,'湖南省','长沙市','开福区','平沙路与黄兴北路交叉口西60米','','2025-04-15 13:47:06','2025-04-15 13:47:06'),(820,'新湖南大厦地下停车场',112.9859770,28.2067960,'湖南省','长沙市','开福区','新湖南大厦','','2025-04-15 13:47:06','2025-04-15 13:47:06'),(821,'五一大道202地下停车场',112.9752500,28.1963820,'湖南省','长沙市','开福区','五一广场地铁站6A口步行150米','','2025-04-15 13:47:06','2025-04-15 13:47:06'),(822,'伍家岭生活广场停车场',112.9892530,28.2319800,'湖南省','长沙市','开福区','芙蓉中路二段459号伍家岭生活广场','','2025-04-15 13:47:06','2025-04-15 13:47:06'),(823,'欧陆经典停车场',112.9724170,28.2065570,'湖南省','长沙市','开福区','湘江中路208号欧陆经典B座','','2025-04-15 13:47:06','2025-04-15 13:47:06'),(824,'复地·昆玉国际停车场',112.9755610,28.2099230,'湖南省','长沙市','开福区','湘春路与黄兴北路交叉口西160米','','2025-04-15 13:47:06','2025-04-15 13:47:06'),(825,'星沙农村商业银行(湘春路支行)-停车场',112.9799730,28.2096470,'湖南省','长沙市','开福区','湘春路260号湖南星沙农村商业银行(湘春路支行)','','2025-04-15 13:47:06','2025-04-15 13:47:06'),(826,'停车场(潮宗御苑A栋北)',112.9716440,28.2041390,'湖南省','长沙市','开福区','营盘西路6号潮宗御苑','','2025-04-15 13:47:06','2025-04-15 13:47:06'),(827,'停车场(新湘路社区北)',112.9815850,28.2135540,'湖南省','长沙市','开福区','蔡锷北路与湘雅路交叉口西南20米','','2025-04-15 13:47:06','2025-04-15 13:47:06'),(828,'福元路桥(东)停车场',112.9781180,28.2536310,'湖南省','长沙市','开福区','富湾国际(世纪金源购物中心西北)','','2025-04-15 13:47:06','2025-04-15 13:47:06'),(829,'COJOY CITY PARK共悦城市公园立体停车场',112.9732800,28.2009360,'湖南省','长沙市','开福区','中山西路388号COJOY CITY PARK共悦城市公园','','2025-04-15 13:47:06','2025-04-15 13:47:06'),(830,'长沙汇聚大酒店地面停车场',112.9945820,28.2345070,'湖南省','长沙市','开福区','长沙汇聚酒店内','','2025-04-15 13:47:06','2025-04-15 13:47:06'),(831,'东宸·19公馆停车场',112.9782300,28.2095610,'湖南省','长沙市','开福区','湘春路199号东宸·19公馆','','2025-04-15 13:47:06','2025-04-15 13:47:06'),(832,'长沙五一广场智选假日酒店停车场',112.9891180,28.2161700,'湖南省','长沙市','开福区','芙蓉中路303号(湘雅医院地铁站3号口步行270米)','','2025-04-15 13:47:06','2025-04-15 13:47:06'),(833,'湘江中路辅路-道路停车位',112.9740680,28.2179180,'湖南省','长沙市','开福区','湘江中路辅路与庆和里路交叉口西南80米','','2025-04-15 13:47:06','2025-04-15 13:47:06'),(834,'99park地下停车场',112.9914440,28.2120780,'湖南省','长沙市','开福区','东风路9号99park','','2025-04-15 13:47:21','2025-04-15 13:47:21'),(835,'湖南省展览馆停车场',112.9891260,28.2047330,'湖南省','长沙市','开福区','清水塘街道营盘东路19号湖南省展览馆','','2025-04-15 13:47:21','2025-04-15 13:47:21'),(836,'湖南汽车城停车场',112.9934520,28.2225180,'湖南省','长沙市','开福区','东风路360号','','2025-04-15 13:47:21','2025-04-15 13:47:21'),(837,'元盛大厦停车场',112.9842020,28.2034700,'湖南省','长沙市','开福区','元盛大厦','','2025-04-15 13:47:21','2025-04-15 13:47:21'),(838,'兴汉大厦停车场',112.9818870,28.2078550,'湖南省','长沙市','开福区','东兴园巷与富雅坪巷交叉口东20米','','2025-04-15 13:47:21','2025-04-15 13:47:21'),(839,'长宝佳园地面停车场',112.9734520,28.2005640,'湖南省','长沙市','开福区','中山路393号长宝佳园','','2025-04-15 13:47:21','2025-04-15 13:47:21'),(840,'长沙市第二工人文化宫停车场',112.9762290,28.2093760,'湖南省','长沙市','开福区','湘春路305号长沙市第二工人文化宫','','2025-04-15 13:47:22','2025-04-15 13:47:22'),(841,'毛家饭店湘江店停车场',112.9717390,28.2061170,'湖南省','长沙市','开福区','毛家饭店(湘江店)','','2025-04-15 13:47:22','2025-04-15 13:47:22'),(842,'新世界大厦地下停车场',112.9756470,28.1959330,'湖南省','长沙市','开福区','吉祥街与五一大道辅路交叉口东北60米','','2025-04-15 13:47:22','2025-04-15 13:47:22'),(843,'维也纳酒店芙蓉中路五一广场店停车场',112.9866790,28.2055900,'湖南省','长沙市','开福区','芙蓉中路一段459号','','2025-04-15 13:47:22','2025-04-15 13:47:22'),(844,'宇成开福广场停车场',112.9813010,28.2187020,'湖南省','长沙市','开福区','鸳鸯井巷与南园路交叉口西120米','','2025-04-15 13:47:22','2025-04-15 13:47:22'),(845,'铂宫2中山庭地下停车场',112.9790350,28.2019310,'湖南省','长沙市','开福区','又一村巷38号铂宫小区2期','','2025-04-15 13:47:22','2025-04-15 13:47:22'),(846,'长沙好大夫口腔地面停车场',112.9720710,28.2050850,'湖南省','长沙市','开福区','营盘路与草墙湾巷交叉口南40米','','2025-04-15 13:47:22','2025-04-15 13:47:22'),(847,'长沙市周南实验中学停车场',112.9750740,28.2071140,'湖南省','长沙市','开福区','泰安里(培元桥地铁站2号口步行260米)','','2025-04-15 13:47:22','2025-04-15 13:47:22'),(848,'湖南省体育局运动员公寓地面停车场',112.9899040,28.2079980,'湖南省','长沙市','开福区','体育局运动员公寓(烈士公园南地铁站1A口步行410米)','','2025-04-15 13:47:22','2025-04-15 13:47:22'),(849,'停车场',112.9861100,28.2094910,'湖南省','长沙市','开福区','芙蓉中路378号','','2025-04-15 13:47:22','2025-04-15 13:47:22'),(850,'竹山园粮油干货批发市场停车场',112.9760770,28.2222970,'湖南省','长沙市','开福区','湘江中路竹山园粮油干货批发市场','','2025-04-15 13:47:22','2025-04-15 13:47:22'),(851,'金帆大厦地下停车场',112.9848240,28.1991140,'湖南省','长沙市','开福区','芙蓉中路1段524号金帆大厦','','2025-04-15 13:47:22','2025-04-15 13:47:22'),(852,'大西门老码头生态停车场',112.9721650,28.1977800,'湖南省','长沙市','开福区','西长街116号','','2025-04-15 13:47:22','2025-04-15 13:47:22'),(853,'湖南省中医院地面停车场',112.9812050,28.2037490,'湖南省','长沙市','开福区','蔡锷北路233号湖南省中医院','','2025-04-15 13:47:22','2025-04-15 13:47:22'),(854,'都市星光停车场',112.9815100,28.2025970,'湖南省','长沙市','开福区','蔡锷北路118号都市星光','','2025-04-15 13:47:22','2025-04-15 13:47:22'),(855,'泊富国际广场停车场',112.9856940,28.2093320,'湖南省','长沙市','开福区','芙蓉路416号泊富国际广场B4','','2025-04-15 13:47:22','2025-04-15 13:47:22'),(856,'湖南省农业农村厅地面停车场',112.9797280,28.2023930,'湖南省','长沙市','开福区','教育街66号湖南省农业农村厅','','2025-04-15 13:47:22','2025-04-15 13:47:22'),(857,'停车场',112.9756450,28.2109830,'湖南省','长沙市','开福区','湘雅路街道晴佳巷32号','','2025-04-15 13:47:22','2025-04-15 13:47:22'),(858,'牙祖口腔地下停车场',112.9746970,28.2036800,'湖南省','长沙市','开福区','黄兴北路89号上城金都地下停车场','','2025-04-15 13:47:22','2025-04-15 13:47:22'),(859,'天健城·天下仓地下停车场',112.9839580,28.2226930,'湖南省','长沙市','开福区','潘家坪天健城(开福寺东路南)天健城·天下仓B1','','2025-04-15 13:47:22','2025-04-15 13:47:22'),(860,'珠江·星环购物中心地下停车场',112.9951780,28.2527040,'湖南省','长沙市','开福区','福元西路109号珠江·星环','','2025-04-15 13:47:22','2025-04-15 13:47:22'),(861,'顺天·黄金海岸大酒店地下停车场',112.9854770,28.2485300,'湖南省','长沙市','开福区','福城路与陈家铺路交叉口东20米','','2025-04-15 13:47:22','2025-04-15 13:47:22'),(862,'观园停车场',112.9919680,28.2140390,'湖南省','长沙市','开福区','东风路43号观园(湘雅医院地铁站3号口步行390米)','','2025-04-15 13:47:22','2025-04-15 13:47:22'),(863,'长沙鸿业皮肤病专科医院停车场',112.9722850,28.1957370,'湖南省','长沙市','开福区','西长街(湘江中路地铁站2A口步行320米)','','2025-04-15 13:47:22','2025-04-15 13:47:22'),(864,'福天兴业综合楼停车场',112.9861370,28.2510990,'湖南省','长沙市','开福区','金马路与华章路交叉口东南60米','','2025-04-15 13:47:22','2025-04-15 13:47:22'),(865,'五一大道202停车场',112.9750780,28.1962490,'湖南省','长沙市','开福区','吉祥街与五一大道辅路交叉口北100米','','2025-04-15 13:47:22','2025-04-15 13:47:22'),(866,'尚上美寓停车场',112.9768740,28.2175350,'湖南省','长沙市','开福区','油铺街尚上美寓','','2025-04-15 13:47:22','2025-04-15 13:47:22'),(867,'停车场',112.9788010,28.2095620,'湖南省','长沙市','开福区','湘春路东宸·19公馆东北侧约30米','','2025-04-15 13:47:22','2025-04-15 13:47:22'),(868,'中信银行国际东风路支行地面停车场',112.9916410,28.2116280,'湖南省','长沙市','开福区','中信银行(东风路支行)','','2025-04-15 13:47:22','2025-04-15 13:47:22'),(869,'斓鸿停车场',112.9843680,28.2172490,'湖南省','长沙市','开福区','下麻园岭巷56号','','2025-04-15 13:47:22','2025-04-15 13:47:22'),(870,'凯达园停车场',112.9797920,28.2144890,'湖南省','长沙市','开福区','湘雅路212号凯达园(文昌阁地铁站8号口步行70米)','','2025-04-15 13:47:22','2025-04-15 13:47:22'),(871,'华夏路-道路停车位',112.9828420,28.2238670,'湖南省','长沙市','开福区','华夏路(开福寺地铁站出入口步行310米)','','2025-04-15 13:47:22','2025-04-15 13:47:22'),(872,'长沙市第二工人文化宫停车场',112.9762130,28.2094620,'湖南省','长沙市','开福区','湘春路305号2楼长沙市第二工人文化宫(西园北里东北)','','2025-04-15 13:47:22','2025-04-15 13:47:22'),(873,'北辰中信银行大厦地下停车场',112.9791750,28.2391160,'湖南省','长沙市','开福区','芙蓉北路街道湘江北路1500号北辰中信银行大厦','','2025-04-15 13:47:22','2025-04-15 13:47:22'),(874,'湘江中路北路侧停车场',112.9721020,28.2083590,'湖南省','长沙市','开福区','湘江中路北(橘子洲大桥湘春路交汇处)','','2025-04-15 13:47:22','2025-04-15 13:47:22'),(875,'海东青大厦西停车场',112.9856240,28.2045980,'湖南省','长沙市','开福区','芙蓉中路一段466号海东青大厦','','2025-04-15 13:47:22','2025-04-15 13:47:22'),(876,'长沙江湾生殖与遗传专科医院停车场',112.9860120,28.2547550,'湖南省','长沙市','开福区','芙蓉北路盛世路3号101室长沙江湾妇产医院','','2025-04-15 13:47:22','2025-04-15 13:47:22'),(877,'龙湾商业广场停车场',112.9929140,28.2512990,'湖南省','长沙市','开福区','福元西路108号龙湾商业广场','','2025-04-15 13:47:22','2025-04-15 13:47:22'),(878,'湘域智慧广场地下停车场',113.0059370,28.2269160,'湖南省','长沙市','开福区','车站北路与丝茅冲巷交叉口西北160米','','2025-04-15 13:47:22','2025-04-15 13:47:22'),(879,'湖南新闻国际大酒店地面停车点',112.9865000,28.2050970,'湖南省','长沙市','开福区','芙蓉中路与荷花池巷交叉口南140米','','2025-04-15 13:47:22','2025-04-15 13:47:22'),(880,'长沙富力万达文华酒店东侧停车场',112.9720240,28.2003440,'湖南省','长沙市','开福区','湘江中路一段308号长沙富力万达文华酒店','','2025-04-15 13:47:22','2025-04-15 13:47:22'),(881,'湖南省体育场地下停车场',112.9901860,28.2073670,'湖南省','长沙市','开福区','清水塘街道体育馆路1号湖南省体育场','','2025-04-15 13:47:22','2025-04-15 13:47:22'),(882,'笑嘛剧场停车场',112.9872660,28.2393050,'湖南省','长沙市','开福区','芙蓉北路192号','','2025-04-15 13:47:22','2025-04-15 13:47:22'),(883,'运达国际广场停车场',112.9856380,28.2031030,'湖南省','长沙市','开福区','开福商务中心区芙蓉中路一段478号运达国际广场','','2025-04-15 13:47:22','2025-04-15 13:47:22'),(884,'福元路大桥(东)公共地面停车场',112.9803990,28.2535700,'湖南省','长沙市','开福区','盛世路辅路与湘江北路交叉口东南60米','','2025-04-15 13:47:35','2025-04-15 13:47:35'),(885,'长沙华研皮肤病医院停车场',112.9860910,28.2098290,'湖南省','长沙市','开福区','芙蓉中路一段386号长沙华研皮肤病医院','','2025-04-15 13:47:35','2025-04-15 13:47:35'),(886,'湖南省长沙同济医院停车场',112.9946960,28.2297230,'湖南省','长沙市','开福区','三一大道辅路与陡岭路交叉口西20米','','2025-04-15 13:47:35','2025-04-15 13:47:35'),(887,'徐记海鲜湘江店停车场',112.9723150,28.2066260,'湖南省','长沙市','开福区','湘江中路222号(培元桥地铁站2号口步行390米)','','2025-04-15 13:47:35','2025-04-15 13:47:35'),(888,'领御大厦停车场',112.9771710,28.2041440,'湖南省','长沙市','开福区','营盘路108号领御大厦F1','','2025-04-15 13:47:35','2025-04-15 13:47:35'),(889,'机场红利停车场',112.9724340,28.2077550,'湖南省','长沙市','开福区','湘江中路辅路与通泰街交叉口东北120米','','2025-04-15 13:47:35','2025-04-15 13:47:35'),(890,'湖南省少年儿童图书馆停车场',112.9824980,28.2000340,'湖南省','长沙市','开福区','中山路70号湖南省少年儿童图书馆','','2025-04-15 13:47:35','2025-04-15 13:47:35'),(891,'文昌阁·长沙市井菜停车场',112.9790720,28.2152120,'湖南省','长沙市','开福区','文昌阁街与黄兴北路交叉口东20米','','2025-04-15 13:47:35','2025-04-15 13:47:35'),(892,'新时代广场停车场',112.9876310,28.2205140,'湖南省','长沙市','开福区','芙蓉中路一段161号新时代广场B1','','2025-04-15 13:47:35','2025-04-15 13:47:35'),(893,'停车场(兴汉门公寓北)',112.9817760,28.2105710,'湖南省','长沙市','开福区','蔡锷北路与彭家井巷交叉口北20米','','2025-04-15 13:47:35','2025-04-15 13:47:35'),(894,'汉庭酒店长沙芙蓉中路湘春路店停车场',112.9795530,28.2098300,'湖南省','长沙市','开福区','湘春路266号汉庭长沙芙蓉中路湘春路酒店','','2025-04-15 13:47:35','2025-04-15 13:47:35'),(895,'蔡锷北路-道路停车位',112.9819430,28.2094860,'湖南省','长沙市','开福区','蔡锷北路与留芳岭巷交叉口南40米','','2025-04-15 13:47:35','2025-04-15 13:47:35'),(896,'联动云用车点-凯乐国际停车场',112.9789960,28.2185410,'湖南省','长沙市','开福区','大王家巷174号(开福寺地铁站2号口步行400米)','','2025-04-15 13:47:35','2025-04-15 13:47:35'),(897,'地下停车场',112.9730840,28.1973780,'湖南省','长沙市','开福区','藩城堤街与春风街交叉口西60米','','2025-04-15 13:47:35','2025-04-15 13:47:35'),(898,'中国电信伍家岭营业厅停车场',112.9842260,28.2276120,'湖南省','长沙市','开福区','新河路辅路与凤舞路交叉口南60米','','2025-04-15 13:47:35','2025-04-15 13:47:35'),(899,'好旺角园林酒楼地下停车场',112.9919170,28.2087250,'湖南省','长沙市','开福区','好旺角(东风路店)','','2025-04-15 13:47:35','2025-04-15 13:47:35'),(900,'天健·芙蓉盛世2区地下停车场',112.9866120,28.2258740,'湖南省','长沙市','开福区','芙蓉中路88号天健芙蓉盛世','','2025-04-15 13:47:35','2025-04-15 13:47:35'),(901,'万煦园停车场',113.0020220,28.2304020,'湖南省','长沙市','开福区','三一大道万煦园A14栋','','2025-04-15 13:47:35','2025-04-15 13:47:35'),(902,'长沙市税务四分局宿舍(停车场)',112.9917970,28.2152570,'湖南省','长沙市','开福区','东风路107号','','2025-04-15 13:47:35','2025-04-15 13:47:35'),(903,'停车场(都市星光住宅小区西南)',112.9816430,28.2022200,'湖南省','长沙市','开福区','蔡锷北路118号','','2025-04-15 13:47:35','2025-04-15 13:47:35'),(904,'滨江·君悦香邸立体停车场',112.9844390,28.2319370,'湖南省','长沙市','开福区','凤舞路与秋月路交叉口南60米','','2025-04-15 13:47:35','2025-04-15 13:47:35'),(905,'龙湾商业广场地下停车场',112.9927040,28.2507830,'湖南省','长沙市','开福区','福元西路龙湾商业广场(马厂地铁站3号口步行430米)','','2025-04-15 13:47:35','2025-04-15 13:47:35'),(906,'徐记海鲜停车场',112.9716020,28.2073270,'湖南省','长沙市','开福区','湘江大道208号','','2025-04-15 13:47:35','2025-04-15 13:47:35'),(907,'维也纳国际酒店(长沙润和国际广场店)地面停车点',112.9933070,28.2474700,'湖南省','长沙市','开福区','维也纳国际酒店(长沙润和国际广场店)','','2025-04-15 13:47:35','2025-04-15 13:47:35'),(908,'潇湘华天大酒店(芙蓉中路店)停车点',112.9860220,28.1984190,'湖南省','长沙市','开福区','芙蓉中路一段593号潇湘华天大酒店(芙蓉中路店)','','2025-04-15 13:47:35','2025-04-15 13:47:35'),(909,'名富商务酒店地下停车场',112.9858900,28.2201360,'湖南省','长沙市','开福区','芙蓉中路一段198号名富公寓','','2025-04-15 13:47:35','2025-04-15 13:47:35'),(910,'欣彤路-道路停车位',112.9780180,28.2524160,'湖南省','长沙市','开福区','景观带与盛世路辅路交叉口南120米','','2025-04-15 13:47:35','2025-04-15 13:47:35'),(911,'伍家岭立交桥停车场',112.9841840,28.2279250,'湖南省','长沙市','开福区','新河路辅路与凤舞路交叉口西南20米','','2025-04-15 13:47:35','2025-04-15 13:47:35'),(912,'维多利购物中心停车场',112.9872020,28.2291900,'湖南省','长沙市','开福区','伍家岭路与岳麓大道辅路交叉口北60米','','2025-04-15 13:47:35','2025-04-15 13:47:35'),(913,'长沙品酒店停车场',112.9723180,28.2051310,'湖南省','长沙市','开福区','营盘路与草墙湾巷交叉口东南40米','','2025-04-15 13:47:35','2025-04-15 13:47:35'),(914,'亦间·6500酒店停车场',112.9747940,28.2026820,'湖南省','长沙市','开福区','亦间·6500酒店(五一广场潮宗古街店)','','2025-04-15 13:47:35','2025-04-15 13:47:35'),(915,'梦洁家纺(湘江中路店)地面停车场',112.9752680,28.2218550,'湖南省','长沙市','开福区','湘江中路一段24号梦洁高端床上用品(竹山园店)','','2025-04-15 13:47:35','2025-04-15 13:47:35'),(916,'标志商务楼停车场',112.9882910,28.2228570,'湖南省','长沙市','开福区','芙蓉中路一段119号','','2025-04-15 13:47:35','2025-04-15 13:47:35'),(917,'少帅府地下停车场',112.9807930,28.2025580,'湖南省','长沙市','开福区','蔡锷北路教育街8号少帅府','','2025-04-15 13:47:35','2025-04-15 13:47:35'),(918,'黄兴北路地上停车场',112.9763590,28.2053880,'湖南省','长沙市','开福区','左局街恒大·珺璟府(培元桥地铁站4号口步行150米)','','2025-04-15 13:47:35','2025-04-15 13:47:35'),(919,'听香水榭停车场',112.9980940,28.2381500,'湖南省','长沙市','开福区','栖凤路以南听香水榭','','2025-04-15 13:47:35','2025-04-15 13:47:35'),(920,'停车场(茅亭子巷)',112.9833980,28.2041100,'湖南省','长沙市','开福区','茅亭子巷与营盘路交叉口北40米','','2025-04-15 13:47:35','2025-04-15 13:47:35'),(921,'停车场(湖南省电影公司生活区北)',112.9954010,28.2144120,'湖南省','长沙市','开福区','砚瓦池横街与德雅路交叉口东北240米','','2025-04-15 13:47:35','2025-04-15 13:47:35'),(922,'湖南省体育局地面停车场',112.9907600,28.2084510,'湖南省','长沙市','开福区','湖南省体育局(烈士公园南地铁站1A口步行400米)','','2025-04-15 13:47:35','2025-04-15 13:47:35'),(923,'凯乐微谷希尔顿广场停车场',112.9948670,28.2381530,'湖南省','长沙市','开福区','凯乐·微谷','','2025-04-15 13:47:35','2025-04-15 13:47:35'),(924,'麦德龙长沙开福商场店停车场',113.0118480,28.2342090,'湖南省','长沙市','开福区','三一大道麦德龙(中杨华苑西南)','','2025-04-15 13:47:35','2025-04-15 13:47:35'),(925,'欣彤路-道路停车位',112.9789690,28.2490850,'湖南省','长沙市','开福区','景观带与华章路交叉口南60米','','2025-04-15 13:47:35','2025-04-15 13:47:35'),(926,'四季花城社区地面停车场',112.9902710,28.2131010,'湖南省','长沙市','开福区','开福东风路9号烈士公园西大门四季阳光花城','','2025-04-15 13:47:35','2025-04-15 13:47:35'),(927,'学堂园路近车站-北路公共地面停车场',113.0064340,28.2337480,'湖南省','长沙市','开福区','学堂园路长沙市公安消防支队','','2025-04-15 13:47:35','2025-04-15 13:47:35'),(928,'馨域大厦停车场',112.9832580,28.2039800,'湖南省','长沙市','开福区','营盘路315号馨域大厦','','2025-04-15 13:47:35','2025-04-15 13:47:35'),(929,'湘江中路北4号停车场',112.9725940,28.2094560,'湖南省','长沙市','开福区','湘江中路一段168号','','2025-04-15 13:47:35','2025-04-15 13:47:35'),(930,'五一驾校停车场',112.9889550,28.2228780,'湖南省','长沙市','开福区','开福寺路与沙湖桥街交叉口西南40米','','2025-04-15 13:47:35','2025-04-15 13:47:35'),(931,'I City美好生活中心地下停车场',112.9851890,28.2087990,'湖南省','长沙市','开福区','芙蓉路416号泊富ICITY美好生活中心','','2025-04-15 13:47:35','2025-04-15 13:47:35'),(932,'长沙市中心医院北院停车场',112.9802510,28.2110160,'湖南省','长沙市','开福区','长春巷与彭家井巷交叉口北60米','','2025-04-15 13:47:35','2025-04-15 13:47:35'),(933,'鸭嘴公园北停车场',113.0158310,28.2225260,'湖南省','长沙市','开福区','鸭嘴公园(东北角)','','2025-04-15 13:47:35','2025-04-15 13:47:35'),(934,'古开福寺地面停车场',112.9804550,28.2256640,'湖南省','长沙市','开福区','黄兴北路与动力路交叉口东北80米','','2025-04-15 13:48:43','2025-04-15 13:48:43'),(935,'大西门老码头生态地面停车场',112.9692530,28.1991060,'湖南省','长沙市','开福区','湘江中路与落棚桥巷交叉口北120米','','2025-04-15 13:48:43','2025-04-15 13:48:43'),(936,'长沙北辰三角洲大悦城地下停车场',112.9787500,28.2389070,'湖南省','长沙市','开福区','湘江大道1500号长沙北辰三角洲大悦城','','2025-04-15 13:48:43','2025-04-15 13:48:43'),(937,'东岳宫停车场',112.9774010,28.2119650,'湖南省','长沙市','开福区','黄兴北路与晴佳巷交叉口北120米','','2025-04-15 13:48:43','2025-04-15 13:48:43'),(938,'营盘路1号地面停车场',112.9756810,28.2057640,'湖南省','长沙市','开福区','通泰街金汇小区(培元桥地铁站2号口旁)','','2025-04-15 13:48:43','2025-04-15 13:48:43'),(939,'黄兴北路近湘春路公共地面停车场',112.9781100,28.2102010,'湖南省','长沙市','开福区','湘春路与黄兴北路交叉口东北角','','2025-04-15 13:48:43','2025-04-15 13:48:43'),(940,'开福寺文化广场地下停车场',112.9780500,28.2229030,'湖南省','长沙市','开福区','新河街道开福寺路161号开福寺文化广场(西南角)','','2025-04-15 13:48:43','2025-04-15 13:48:43'),(941,'万达广场长沙开福店地下停车场',112.9712800,28.1997670,'湖南省','长沙市','开福区','万达广场(长沙开福店)','','2025-04-15 13:48:43','2025-04-15 13:48:43'),(942,'中南大学湘雅医院停车场',112.9848970,28.2130650,'湖南省','长沙市','开福区','湘雅路与上麻园岭巷交叉口东南80米','','2025-04-15 13:48:43','2025-04-15 13:48:43'),(943,'停车场',112.9762080,28.2231440,'湖南省','长沙市','开福区','开福寺路与新河巷交叉口西南60米','','2025-04-15 13:48:43','2025-04-15 13:48:43'),(944,'长沙市博物馆停车点',112.9812780,28.2423900,'湖南省','长沙市','开福区','长沙博物馆','','2025-04-15 13:48:43','2025-04-15 13:48:43'),(945,'开福寺停车场',112.9777360,28.2228220,'湖南省','长沙市','开福区','毛家桥街258号(开福寺地铁站1号口步行260米)','','2025-04-15 13:48:43','2025-04-15 13:48:43'),(946,'停车场',112.9792590,28.2190580,'湖南省','长沙市','开福区','湘雅路毛家桥39号(开福寺地铁站2号口步行470米)','','2025-04-15 13:48:43','2025-04-15 13:48:43'),(947,'湖南省妇幼保健院地下停车场',112.9834550,28.2083130,'湖南省','长沙市','开福区','湘春路53号湖南省妇幼保健院','','2025-04-15 13:48:43','2025-04-15 13:48:43'),(948,'中南大学湘雅医院地下停车场',112.9837240,28.2121940,'湖南省','长沙市','开福区','湘雅路87号中南大学湘雅医院','','2025-04-15 13:48:43','2025-04-15 13:48:43'),(949,'长沙方圆荟地下停车场',112.9794700,28.2504950,'湖南省','长沙市','开福区','长沙方圆荟','','2025-04-15 13:48:43','2025-04-15 13:48:43'),(950,'湖南省中医院-中医药大学附二院地面停车场',112.9808560,28.2040370,'湖南省','长沙市','开福区','蔡锷北路233号湖南省中医院','','2025-04-15 13:48:43','2025-04-15 13:48:43'),(951,'长沙市音乐厅停车场',112.9792760,28.2419720,'湖南省','长沙市','开福区','滨江文化园三馆一厅长沙音乐厅','','2025-04-15 13:48:43','2025-04-15 13:48:43'),(952,'Hipark凤凰海购物公园地下停车场',112.9827070,28.2367840,'湖南省','长沙市','开福区','晴岚路68号Hipark凤凰海购物公园','','2025-04-15 13:48:43','2025-04-15 13:48:43'),(953,'长沙市青少年宫地下停车场',112.9763580,28.2019990,'湖南省','长沙市','开福区','又一村巷长沙市青少年宫','','2025-04-15 13:48:43','2025-04-15 13:48:43'),(954,'桥头公园地面停车场',112.9687750,28.1969420,'湖南省','长沙市','开福区','长沙湘江风光带-地铁二号线湘江中路(地铁站)4号出口往北30米','','2025-04-15 13:48:43','2025-04-15 13:48:43'),(955,'湘江二桥1号停车场',112.9782620,28.2268040,'湖南省','长沙市','开福区','新河路69号紫凤体育公园','','2025-04-15 13:48:43','2025-04-15 13:48:43'),(956,'潮宗御苑停车场',112.9712910,28.2034620,'湖南省','长沙市','开福区','潮宗古街与福庆街交叉口西40米','','2025-04-15 13:48:43','2025-04-15 13:48:43'),(957,'凯乐国际城停车场',112.9752890,28.2186860,'湖南省','长沙市','开福区','湘江中路','','2025-04-15 13:48:43','2025-04-15 13:48:43'),(958,'CFC富兴时代地下停车场',112.9883270,28.2143650,'湖南省','长沙市','开福区','芙蓉中路一段303号CFC富兴时代','','2025-04-15 13:48:43','2025-04-15 13:48:43'),(959,'栖遇雅致酒店地面停车点',112.9780980,28.2136930,'湖南省','长沙市','开福区','湘雅路225号(文昌阁地铁站4号口步行100米)','','2025-04-15 13:48:43','2025-04-15 13:48:43'),(960,'终点地面停车场',112.9714610,28.1957900,'湖南省','长沙市','开福区','湘江中路102号(湘江中路地铁站2A口步行290米)','','2025-04-15 13:48:43','2025-04-15 13:48:43'),(961,'长沙滨江文化园停车场',112.9815650,28.2422000,'湖南省','长沙市','开福区','栖凤路湘江北路路口长沙滨江文化园内','','2025-04-15 13:48:43','2025-04-15 13:48:43'),(962,'泊富国际广场地下停车场',112.9851240,28.2087540,'湖南省','长沙市','开福区','芙蓉路416号泊富国际广场B3-B4层','','2025-04-15 13:48:43','2025-04-15 13:48:43'),(963,'长湘地面停车场',112.9861140,28.2139310,'湖南省','长沙市','开福区','上麻园岭巷2号(湘雅医院地铁站4号口步行400米)','','2025-04-15 13:48:43','2025-04-15 13:48:43'),(964,'湖南博物院地下停车场',112.9923460,28.2113600,'湖南省','长沙市','开福区','东风路50号湖南博物院内','','2025-04-15 13:48:43','2025-04-15 13:48:43'),(965,'北辰三角洲奥城E4区地下停车场',112.9832850,28.2331550,'湖南省','长沙市','开福区','湘江北路三段1200号北辰三角洲奥城E4区','','2025-04-15 13:48:43','2025-04-15 13:48:43'),(966,'潮宗街区消防站停车场',112.9747820,28.2028250,'湖南省','长沙市','开福区','潮宗街22号潮宗街区(培元桥地铁站2号口步行440米)','','2025-04-15 13:48:43','2025-04-15 13:48:43'),(967,'湖南省文物局地面停车场',112.9808400,28.2015950,'湖南省','长沙市','开福区','蔡锷北路153号','','2025-04-15 13:48:43','2025-04-15 13:48:43'),(968,'中南大学湘雅医学院附属长沙医院停车场',112.9817340,28.2047570,'湖南省','长沙市','开福区','营盘路311号长沙市第一医院','','2025-04-15 13:48:43','2025-04-15 13:48:43'),(969,'瀚江府地下停车场',112.9768180,28.2295050,'湖南省','长沙市','开福区','湘江北路三段1200号瀚江府','','2025-04-15 13:48:43','2025-04-15 13:48:43'),(970,'领航·江阁停车场',112.9773220,28.2209110,'湖南省','长沙市','开福区','毛家桥街208(开福寺地铁站1号口步行440米)','','2025-04-15 13:48:43','2025-04-15 13:48:43'),(971,'幸福桥生态停车场',112.9798040,28.2222640,'湖南省','长沙市','开福区','黄兴北路与开福寺路交叉口东南100米','','2025-04-15 13:48:43','2025-04-15 13:48:43'),(972,'潮宗街区水道巷停车场',112.9742990,28.2018570,'湖南省','长沙市','开福区','潮宗街22号潮宗街区','','2025-04-15 13:48:43','2025-04-15 13:48:43'),(973,'华创国际广场地下停车场',112.9892100,28.2233900,'湖南省','长沙市','开福区','芙蓉中路一段113号(华创国际广场C座)','','2025-04-15 13:48:43','2025-04-15 13:48:43'),(974,'万达广场地下停车场',112.9719910,28.2017760,'湖南省','长沙市','开福区','福庆街48号','','2025-04-15 13:48:43','2025-04-15 13:48:43'),(975,'湘江北尚停车场',112.9848320,28.2325260,'湖南省','长沙市','开福区','秋月路与凤舞路交叉口东40米','','2025-04-15 13:48:43','2025-04-15 13:48:43'),(976,'湖南烈士公园西门停车场',112.9919000,28.2075200,'湖南省','长沙市','开福区','东风路22号','','2025-04-15 13:48:43','2025-04-15 13:48:43'),(977,'金色屋顶停车场',112.9746280,28.2181090,'湖南省','长沙市','开福区','湘江中路辅路与庆和里路交叉口南40米','','2025-04-15 13:48:43','2025-04-15 13:48:43'),(978,'北辰三角洲奥城E5地下停车场',112.9800720,28.2312180,'湖南省','长沙市','开福区','湘江北路三段1200号北辰三角洲奥城E5区','','2025-04-15 13:48:43','2025-04-15 13:48:43'),(979,'停车场',112.9853040,28.2165580,'湖南省','长沙市','开福区','鸳鸯井巷与上麻园岭巷交叉口东南60米','','2025-04-15 13:48:43','2025-04-15 13:48:43'),(980,'湖南中医药大学第二附属医院立体停车场',112.9805890,28.2032870,'湖南省','长沙市','开福区','蔡锷北路与司马里交叉口西北100米','','2025-04-15 13:48:43','2025-04-15 13:48:43'),(981,'营盘路1号停车场',112.9766980,28.2079790,'湖南省','长沙市','开福区','西园巷与黄兴北路交叉口西40米','','2025-04-15 13:48:43','2025-04-15 13:48:43'),(982,'华悦大酒店停车场',112.9868990,28.2280100,'湖南省','长沙市','开福区','芙蓉中路一段2号华悦阳光酒店','','2025-04-15 13:48:43','2025-04-15 13:48:43'),(983,'北辰三角洲奥城D3地下停车场',112.9776850,28.2322300,'湖南省','长沙市','开福区','湘江北路三段1200号北辰三角洲奥城D3区','','2025-04-15 13:48:43','2025-04-15 13:48:43'),(984,'万达广场B区停车场',112.9708070,28.2002860,'湖南省','长沙市','开福区','西长街125号万达广场(长沙开福店)','','2025-04-15 13:48:56','2025-04-15 13:48:56'),(985,'华远华时代停车场',112.9876940,28.2116740,'湖南省','长沙市','开福区','芙蓉中路317号(湘雅医院地铁站2号口步行300米)','','2025-04-15 13:48:56','2025-04-15 13:48:56'),(986,'大地金墅南停车场',112.9727730,28.2081890,'湖南省','长沙市','开福区','湘江中路一段168号大地金墅','','2025-04-15 13:48:56','2025-04-15 13:48:56'),(987,'万达A区外围地面停车场',112.9696690,28.1972620,'湖南省','长沙市','开福区','芙蓉北路街道万达公馆','','2025-04-15 13:48:56','2025-04-15 13:48:56'),(988,'新运停车场',112.9812120,28.2085040,'湖南省','长沙市','开福区','新运街5号','','2025-04-15 13:48:56','2025-04-15 13:48:56'),(989,'大地金墅北停车场',112.9727270,28.2087260,'湖南省','长沙市','开福区','湘江中路一段168号大地金墅','','2025-04-15 13:48:56','2025-04-15 13:48:56'),(990,'北辰三角洲D1区地下停车场',112.9780150,28.2364490,'湖南省','长沙市','开福区','湘江北路三段北辰三角洲D1区','','2025-04-15 13:48:56','2025-04-15 13:48:56'),(991,'紫凤体育公园东门停车场',112.9774230,28.2269710,'湖南省','长沙市','开福区','新河路69号紫凤园','','2025-04-15 13:48:56','2025-04-15 13:48:56'),(992,'天健中心停车场',112.9848760,28.2230150,'湖南省','长沙市','开福区','天健城珺寓(开福寺地铁站南口步行460米)','','2025-04-15 13:48:56','2025-04-15 13:48:56'),(993,'紫凤公园停车场',112.9775890,28.2272070,'湖南省','长沙市','开福区','五水场支路与五水厂支路交叉口西北40米','','2025-04-15 13:48:56','2025-04-15 13:48:56'),(994,'公园九号大都会地下停车场',112.9915780,28.2121440,'湖南省','长沙市','开福区','公园9号2期(湘雅医院地铁站3号口步行450米)','','2025-04-15 13:48:56','2025-04-15 13:48:56'),(995,'长沙富力万达文华酒店西侧停车场',112.9713370,28.2004040,'湖南省','长沙市','开福区','湘江中路一段308号长沙富力万达文华酒店','','2025-04-15 13:48:56','2025-04-15 13:48:56'),(996,'长沙市青少年宫西门停车场',112.9761610,28.2017150,'湖南省','长沙市','开福区','中山路272号长沙市青少年宫','','2025-04-15 13:48:56','2025-04-15 13:48:56'),(997,'世纪金源购物中心地下停车场',112.9795450,28.2503230,'湖南省','长沙市','开福区','金泰路世纪金源购物中心','','2025-04-15 13:48:56','2025-04-15 13:48:56'),(998,'湘江中路辅路-道路停车位',112.9708670,28.2048710,'湖南省','长沙市','开福区','湘江中路辅路与营盘路交叉口南60米','','2025-04-15 13:48:56','2025-04-15 13:48:56'),(999,'五一大道202南侧停车场',112.9749920,28.1955760,'湖南省','长沙市','开福区','五一大道辅路与吉祥街交叉口西40米','','2025-04-15 13:48:56','2025-04-15 13:48:56'),(1000,'潘家坪路近东风路公共地面停车场',112.9922420,28.2214460,'湖南省','长沙市','开福区','东风路与东风路七条街交叉口西北60米','','2025-04-15 13:48:56','2025-04-15 13:48:56'),(1001,'长沙世纪金源大饭店停车场',112.9805560,28.2469720,'湖南省','长沙市','开福区','欣彤路110号长沙世纪金源大饭店','','2025-04-15 13:48:56','2025-04-15 13:48:56'),(1002,'北辰三角洲奥城C3停车场',112.9860260,28.2387690,'湖南省','长沙市','开福区','凤舞路3号北辰三角洲奥城C3区','','2025-04-15 13:48:56','2025-04-15 13:48:56'),(1003,'紫凤体育公园南向停车场',112.9768280,28.2258060,'湖南省','长沙市','开福区','新河路与新河巷交叉口东北80米','','2025-04-15 13:48:56','2025-04-15 13:48:56'),(1004,'湖南烈士公园北门停车场',112.9965060,28.2130090,'湖南省','长沙市','开福区','德雅路与砚瓦池横街交叉口东300米','','2025-04-15 13:48:56','2025-04-15 13:48:56'),(1005,'华天精选酒店五一广场湘雅路店地面停车场',112.9740840,28.2149300,'湖南省','长沙市','开福区','湘江中路与湘雅路交叉口北160米','','2025-04-15 13:48:56','2025-04-15 13:48:56'),(1006,'绿地中心地下停车场',112.9875350,28.2111840,'湖南省','长沙市','开福区','绿地中心(湘雅医院地铁站2号口步行360米)','','2025-04-15 13:48:56','2025-04-15 13:48:56'),(1007,'长沙北辰洲际酒店地下停车点',112.9791950,28.2391340,'湖南省','长沙市','开福区','湘江北路三段1500号长沙北辰洲际酒店附近','','2025-04-15 13:48:56','2025-04-15 13:48:56'),(1008,'潮宗御苑停车场',112.9716390,28.2046930,'湖南省','长沙市','开福区','湘江中路辅路与营盘路交叉口南80米','','2025-04-15 13:48:56','2025-04-15 13:48:56'),(1009,'潮宗街区共悦街区立体停车场',112.9737750,28.2009530,'湖南省','长沙市','开福区','通泰街街道潮宗街22号潮宗街区','','2025-04-15 13:48:56','2025-04-15 13:48:56'),(1010,'万达广场停车场',112.9721010,28.2008140,'湖南省','长沙市','开福区','中山路438号','','2025-04-15 13:48:56','2025-04-15 13:48:56'),(1011,'上城金都·国际公馆地下停车场',112.9749280,28.2038390,'湖南省','长沙市','开福区','北正街通泰街上城金都·国际公馆北门','','2025-04-15 13:48:56','2025-04-15 13:48:56'),(1012,'万达总部国际停车场',112.9717450,28.2020630,'湖南省','长沙市','开福区','福庆街万达·总部国际','','2025-04-15 13:48:56','2025-04-15 13:48:56'),(1013,'徐记海鲜湘江店停车场',112.9718530,28.2063510,'湖南省','长沙市','开福区','湘江大道208号(培元桥地铁站2号口步行480米)','','2025-04-15 13:48:56','2025-04-15 13:48:56'),(1014,'新湖南大厦停车场',112.9857600,28.2080890,'湖南省','长沙市','开福区','新湖南大厦','','2025-04-15 13:48:56','2025-04-15 13:48:56'),(1015,'长沙方圆荟北地面停车场',112.9783870,28.2534010,'湖南省','长沙市','开福区','长沙方圆荟','','2025-04-15 13:48:56','2025-04-15 13:48:56'),(1016,'豪利维拉万代大酒店地下停车场',112.9755960,28.1966210,'湖南省','长沙市','开福区','黄兴中路87号万代大酒店','','2025-04-15 13:48:56','2025-04-15 13:48:56'),(1017,'湖南省中医院-中医药大学附二院立体停车场',112.9805550,28.2033050,'湖南省','长沙市','开福区','蔡锷北路与司马里交叉口西北100米','','2025-04-15 13:48:56','2025-04-15 13:48:56'),(1018,'迪曼酒店(长沙IFS国金中心五一广场店)停车点',112.9750260,28.2005020,'湖南省','长沙市','开福区','中山西路305号迪曼酒店','','2025-04-15 13:48:56','2025-04-15 13:48:56'),(1019,'四方坪地面停车场',113.0066470,28.2338270,'湖南省','长沙市','开福区','学堂园路与开福大道交叉口西北80米','','2025-04-15 13:48:56','2025-04-15 13:48:56'),(1020,'群力里停车场',112.9770000,28.2094450,'湖南省','长沙市','开福区','北正街群力里小区(文昌阁地铁站3号口步行370米)','','2025-04-15 13:48:56','2025-04-15 13:48:56'),(1021,'潮宗街区六堆子停车场',112.9758210,28.2040040,'湖南省','长沙市','开福区','潮宗街22号潮宗街区(培元桥地铁站2号口步行250米)','','2025-04-15 13:48:56','2025-04-15 13:48:56'),(1022,'华远华时代停车场',112.9884190,28.2122600,'湖南省','长沙市','开福区','华远华时代(湘雅医院地铁站2号口步行120米)','','2025-04-15 13:48:56','2025-04-15 13:48:56'),(1023,'湘江中路辅路-道路停车位',112.9698060,28.1996700,'湖南省','长沙市','开福区','湘江中路辅路与中山路交叉口南160米','','2025-04-15 13:48:56','2025-04-15 13:48:56'),(1024,'营盘路1号停车场',112.9768210,28.2080980,'湖南省','长沙市','开福区','西园巷与黄兴北路交叉口西20米','','2025-04-15 13:48:56','2025-04-15 13:48:56'),(1025,'停车场(新湘路社区西)',112.9791620,28.2137420,'湖南省','长沙市','开福区','湘雅路与文昌阁街交叉口南20米(文昌阁地铁站4号口旁)','','2025-04-15 13:48:56','2025-04-15 13:48:56'),(1026,'潮宗街区万达广场停车场',112.9718090,28.2015760,'湖南省','长沙市','开福区','连升街54号','','2025-04-15 13:48:56','2025-04-15 13:48:56'),(1027,'维也纳国际酒店长沙五一广场店停车点',112.9800430,28.2189080,'湖南省','长沙市','开福区','湘雅路庆和里27号维也纳国际酒店(长沙五一广场店)','','2025-04-15 13:48:56','2025-04-15 13:48:56'),(1028,'少帅府停车场',112.9812820,28.2024750,'湖南省','长沙市','开福区','蔡锷北路教育街8号少帅府','','2025-04-15 13:48:56','2025-04-15 13:48:56'),(1029,'北辰三角洲凤凰公元B2E2区商业地下停车场',112.9858520,28.2361140,'湖南省','长沙市','开福区','北辰三角洲凤凰公元B2E2区','','2025-04-15 13:48:56','2025-04-15 13:48:56'),(1030,'凯乐国际城停车场',112.9765170,28.2189950,'湖南省','长沙市','开福区','开福湘江大道326号凯乐国际城','','2025-04-15 13:48:56','2025-04-15 13:48:56'),(1031,'长沙北辰国荟酒店地下停车场',112.9829810,28.2387040,'湖南省','长沙市','开福区','北辰国荟酒店(北辰三角洲地铁站1号口步行320米)','','2025-04-15 13:48:56','2025-04-15 13:48:56'),(1032,'中国电信长沙分公司湘春路营销中心停车场',112.9751200,28.2052110,'湖南省','长沙市','开福区','营盘路61号中国电信长沙分公司湘春路营销中心','','2025-04-15 13:48:56','2025-04-15 13:48:56'),(1033,'喜鹊桥城投地面停车场(暂停营业)',112.9872260,28.2093880,'湖南省','长沙市','开福区','体育馆路116号','','2025-04-15 13:48:56','2025-04-15 13:48:56'),(1034,'五一广场停车场',112.9777930,28.1968260,'湖南省','长沙市','芙蓉区','五一广场南阳街(五一广场地铁站6D口步行180米)','','2025-04-15 13:51:31','2025-04-15 13:51:31'),(1035,'IFS国金中心地下停车场',112.9773400,28.1930450,'湖南省','长沙市','芙蓉区','解放西路188号IFS国金中心','','2025-04-15 13:51:31','2025-04-15 13:51:31'),(1036,'五一广场便民地面停车场',112.9785690,28.1981690,'湖南省','长沙市','芙蓉区','黄兴中路88号五一广场','','2025-04-15 13:51:31','2025-04-15 13:51:31'),(1037,'平和堂百货五一广场店地下停车场',112.9773040,28.1940550,'湖南省','长沙市','芙蓉区','黄兴中路88号平和堂百货B3','','2025-04-15 13:51:31','2025-04-15 13:51:31'),(1038,'湖南省人民医院停车场',112.9821870,28.1905050,'湖南省','长沙市','芙蓉区','解放西路61号湖南省人民医院(天心阁院区)','','2025-04-15 13:51:31','2025-04-15 13:51:31'),(1039,'五一广场新大新3号停车场',112.9780520,28.1964700,'湖南省','长沙市','芙蓉区','五一广场南阳街(五一广场地铁站6D口步行350米)','','2025-04-15 13:51:31','2025-04-15 13:51:31'),(1040,'兴龙盛停车场',112.9802660,28.1977160,'湖南省','长沙市','芙蓉区','邵阳坪巷43号','','2025-04-15 13:51:31','2025-04-15 13:51:31'),(1041,'友阿城市奥莱地下停车场',112.9775330,28.1974090,'湖南省','长沙市','芙蓉区','长治路与南阳街交叉口西南40米','','2025-04-15 13:51:31','2025-04-15 13:51:31'),(1042,'中天广场地下停车场',112.9832120,28.1960870,'湖南省','长沙市','芙蓉区','五一大道766号中天广场','','2025-04-15 13:51:31','2025-04-15 13:51:31'),(1043,'LA NOVA乐和城地下停车场',112.9774200,28.1988520,'湖南省','长沙市','芙蓉区','府后街与黄兴中路交叉口东120米','','2025-04-15 13:51:31','2025-04-15 13:51:31'),(1044,'鸿盛大厦地下停车场',112.9804530,28.1905510,'湖南省','长沙市','芙蓉区','蔡锷南路137号','','2025-04-15 13:51:31','2025-04-15 13:51:31'),(1045,'湖南烈士公园东门停车场',113.0075730,28.2118100,'湖南省','长沙市','芙蓉区','车站北路467号(烈士公园东地铁站2号口步行340米)','','2025-04-15 13:51:31','2025-04-15 13:51:31'),(1046,'新世界百货地下停车场',112.9776430,28.1945350,'湖南省','长沙市','芙蓉区','五一西路153号新世界百货','','2025-04-15 13:51:31','2025-04-15 13:51:31'),(1047,'五一·钻界地下停车场',112.9804610,28.1973700,'湖南省','长沙市','芙蓉区','澡堂巷与邵阳坪巷交叉口东南20米','','2025-04-15 13:51:31','2025-04-15 13:51:31'),(1048,'星光大厦地下停车场',112.9776440,28.1913210,'湖南省','长沙市','芙蓉区','解放西路147号星光大厦','','2025-04-15 13:51:31','2025-04-15 13:51:31'),(1049,'世茂环球金融中心地下停车场',112.9841180,28.1936680,'湖南省','长沙市','芙蓉区','建湘路393号世茂环球金融中心','','2025-04-15 13:51:31','2025-04-15 13:51:31'),(1050,'解放路桥地面停车场',112.9849080,28.1901430,'湖南省','长沙市','芙蓉区','解放西路辅路与菜根香巷交叉口西南60米','','2025-04-15 13:51:31','2025-04-15 13:51:31'),(1051,'湖南烈士公园停车场',112.9931620,28.2038700,'湖南省','长沙市','芙蓉区','营盘东路85号(烈士公园南地铁站2A口步行90米)','','2025-04-15 13:51:31','2025-04-15 13:51:31'),(1052,'X元素酒店停车场',112.9764090,28.1971850,'湖南省','长沙市','芙蓉区','X元素酒店(五一广场地铁站6C口步行170米)','','2025-04-15 13:51:31','2025-04-15 13:51:31'),(1053,'惠农大厦地下停车场',112.9773330,28.1937560,'湖南省','长沙市','芙蓉区','黄兴中路80号','','2025-04-15 13:51:31','2025-04-15 13:51:31'),(1054,'五一广场7号停车场',112.9792410,28.1960320,'湖南省','长沙市','芙蓉区','文运街14号(五一广场地铁站6号口向东步行320米)','','2025-04-15 13:51:31','2025-04-15 13:51:31'),(1055,'中南大学湘雅二医院地面停车场',112.9928740,28.1887250,'湖南省','长沙市','芙蓉区','南元宫巷二院家属院','','2025-04-15 13:51:31','2025-04-15 13:51:31'),(1056,'蚂蚁工房地面停车场',112.9785140,28.1930420,'湖南省','长沙市','芙蓉区','东牌楼街57号蚂蚁工房','','2025-04-15 13:51:31','2025-04-15 13:51:31'),(1057,'5号停车场',112.9782320,28.1976990,'湖南省','长沙市','芙蓉区','长治路56-4号','','2025-04-15 13:51:31','2025-04-15 13:51:31'),(1058,'古道巷停车场',112.9789400,28.1858420,'湖南省','长沙市','芙蓉区','大古道巷25号(黄兴广场地铁站2号口步行460米)','','2025-04-15 13:51:31','2025-04-15 13:51:31'),(1059,'化龙池停车场',112.9777630,28.1881190,'湖南省','长沙市','芙蓉区','化龙池(黄兴广场地铁站2号口步行200米)','','2025-04-15 13:51:31','2025-04-15 13:51:31'),(1060,'LA NOVA乐和城停车场',112.9776270,28.1985820,'湖南省','长沙市','芙蓉区','南阳街与长治路交叉口北120米','','2025-04-15 13:51:31','2025-04-15 13:51:31'),(1061,'湖南宾馆停车场',112.9966900,28.2047120,'湖南省','长沙市','芙蓉区','营盘东路193号湖南宾馆','','2025-04-15 13:51:31','2025-04-15 13:51:31'),(1062,'湖南省人民医院天心阁院区停车场',112.9820310,28.1905420,'湖南省','长沙市','芙蓉区','解放西路61号(湖南省人民医院)','','2025-04-15 13:51:31','2025-04-15 13:51:31'),(1063,'湖南省军区机关医院地面停车场',112.9904280,28.1976050,'湖南省','长沙市','芙蓉区','八一路与迎宾路交叉口西100米','','2025-04-15 13:51:31','2025-04-15 13:51:31'),(1064,'英尚国际酒店公馆停车场',112.9800550,28.1996820,'湖南省','长沙市','芙蓉区','中山路与文运街交叉口东南20米','','2025-04-15 13:51:31','2025-04-15 13:51:31'),(1065,'华盛蓝色地标停车场',112.9828280,28.1911380,'湖南省','长沙市','芙蓉区','解放西路136号14层','','2025-04-15 13:51:31','2025-04-15 13:51:31'),(1066,'联合商厦地下停车场',112.9808540,28.1947720,'湖南省','长沙市','芙蓉区','蔡锷中路75号2层(五一广场地铁站5号口步行380米)','','2025-04-15 13:51:31','2025-04-15 13:51:31'),(1067,'中南大学湘雅二医院外科楼地下停车场',112.9950680,28.1883570,'湖南省','长沙市','芙蓉区','人民中路139号中南大学湘雅二医院','','2025-04-15 13:51:31','2025-04-15 13:51:31'),(1068,'中南大学湘雅二医院精卫楼地下停车场',112.9950770,28.1883570,'湖南省','长沙市','芙蓉区','人民中路139号中南大学湘雅二医院','','2025-04-15 13:51:31','2025-04-15 13:51:31'),(1069,'壹号公馆停车场',112.9783840,28.1963950,'湖南省','长沙市','芙蓉区','五一广场南阳街8号壹号公馆','','2025-04-15 13:51:31','2025-04-15 13:51:31'),(1070,'新青年公寓地下停车场',112.9784940,28.1877170,'湖南省','长沙市','芙蓉区','人民西路188号新青年公寓3楼','','2025-04-15 13:51:31','2025-04-15 13:51:31'),(1071,'九龙仓长沙国金中心东侧停车场',112.9795780,28.1920630,'湖南省','长沙市','芙蓉区','解放西路188号IFS国金中心','','2025-04-15 13:51:31','2025-04-15 13:51:31'),(1072,'停车场(丰盈里)',112.9797970,28.1888010,'湖南省','长沙市','芙蓉区','蔡锷南路与小赢洲巷交叉口西80米','','2025-04-15 13:51:31','2025-04-15 13:51:31'),(1073,'人民西路地面停车场',112.9826910,28.1871870,'湖南省','长沙市','芙蓉区','人民西路与天心路交叉口西南角','','2025-04-15 13:51:31','2025-04-15 13:51:31'),(1074,'湘域国际中心地面停车场',112.9834100,28.1933240,'湖南省','长沙市','芙蓉区','湘域国际中心(芙蓉广场地铁站1号口步行180米)','','2025-04-15 13:51:31','2025-04-15 13:51:31'),(1075,'中国人民银行停车场',112.9818320,28.1912820,'湖南省','长沙市','芙蓉区','金融经济杂志社附近','','2025-04-15 13:51:31','2025-04-15 13:51:31'),(1076,'湘域城邦停车场',112.9828120,28.1938070,'湖南省','长沙市','芙蓉区','藩后街36号湘域城邦','','2025-04-15 13:51:31','2025-04-15 13:51:31'),(1077,'新大新大厦地下停车场',112.9773650,28.1978020,'湖南省','长沙市','芙蓉区','文艺路街道黄兴中路168号新大新大厦(长治路)','','2025-04-15 13:51:31','2025-04-15 13:51:31'),(1078,'湖南供销大厦停车场',112.9778110,28.1943970,'湖南省','长沙市','芙蓉区','走马楼巷与青石井巷交叉口东北60米','','2025-04-15 13:51:31','2025-04-15 13:51:31'),(1079,'维也纳酒店长沙芙蓉广场店停车场',112.9844500,28.1968750,'湖南省','长沙市','芙蓉区','芙蓉中路一段540号维也纳酒店长沙芙蓉广场店','','2025-04-15 13:51:31','2025-04-15 13:51:31'),(1080,'湖南投资大厦地下停车场',112.9838810,28.1940640,'湖南省','长沙市','芙蓉区','五一大道447号湖南投资大厦','','2025-04-15 13:51:31','2025-04-15 13:51:31'),(1081,'华天新城地下停车场',112.9881760,28.1896680,'湖南省','长沙市','芙蓉区','白沙路与复兴街交叉口西40米','','2025-04-15 13:51:31','2025-04-15 13:51:31'),(1082,'中隆国际大厦地下停车场',112.9813200,28.1957270,'湖南省','长沙市','芙蓉区','五一大道800号中隆国际大厦','','2025-04-15 13:51:31','2025-04-15 13:51:31'),(1083,'中隆国际大厦停车场',112.9816820,28.1957500,'湖南省','长沙市','芙蓉区','蔡锷中路蝴蝶大厦(芙蓉广场地铁站5号口步行350米)','','2025-04-15 13:51:31','2025-04-15 13:51:31'),(1084,'中天广场国际公寓地下停车场',112.9828100,28.1961690,'湖南省','长沙市','芙蓉区','宝南街中天广场国际公寓','','2025-04-15 13:51:52','2025-04-15 13:51:52'),(1085,'新福源地下停车场',112.9768320,28.1887930,'湖南省','长沙市','芙蓉区','人民西路249号新福源','','2025-04-15 13:51:52','2025-04-15 13:51:52'),(1086,'城市生活家地面停车场',112.9778370,28.1919350,'湖南省','长沙市','芙蓉区','定王台街道解放西路236号城市生活家','','2025-04-15 13:51:52','2025-04-15 13:51:52'),(1087,'鸿仪大厦地下停车场',112.9835170,28.1966430,'湖南省','长沙市','芙蓉区','建湘路479号曼哈顿大厦','','2025-04-15 13:51:52','2025-04-15 13:51:52'),(1088,'湖南平和堂商务楼地下停车场',112.9773300,28.1940510,'湖南省','长沙市','芙蓉区','黄新中路黄兴中路80号苏宁五一广场店','','2025-04-15 13:51:52','2025-04-15 13:51:52'),(1089,'英尚国际停车场',112.9776250,28.1986630,'湖南省','长沙市','芙蓉区','黄兴中路188号英尚国际','','2025-04-15 13:51:52','2025-04-15 13:51:52'),(1090,'华美欧大厦停车场',112.9892070,28.1945400,'湖南省','长沙市','芙蓉区','五一大道592号(迎宾路口地铁站1号口步行200米)','','2025-04-15 13:51:52','2025-04-15 13:51:52'),(1091,'锦江都城酒店(长沙五一广场IFS国金中心店)停车场A场',112.9849720,28.1974100,'湖南省','长沙市','芙蓉区','芙蓉中路段540号(芙蓉广场地铁站4号口步行280米)','','2025-04-15 13:51:52','2025-04-15 13:51:52'),(1092,'中南大学湘雅二医院新内科楼停车场',112.9931770,28.1887240,'湖南省','长沙市','芙蓉区','中南大学湘雅二医院内科楼','','2025-04-15 13:51:52','2025-04-15 13:51:52'),(1093,'华菱大厦地下停车场',112.9878650,28.1889310,'湖南省','长沙市','芙蓉区','白沙路与水絮塘巷交叉口西40米','','2025-04-15 13:51:52','2025-04-15 13:51:52'),(1094,'郡曼酒店地面停车点',112.9792260,28.1955020,'湖南省','长沙市','芙蓉区','文运街与五一大道交叉口东北20米','','2025-04-15 13:51:52','2025-04-15 13:51:52'),(1095,'长治路-道路停车位',112.9789560,28.1977280,'湖南省','长沙市','芙蓉区','长治路鸿运花苑','','2025-04-15 13:51:52','2025-04-15 13:51:52'),(1096,'长沙站西停车场',113.0120550,28.1936030,'湖南省','长沙市','芙蓉区','车站中路(长沙火车站地铁站4号口旁)','','2025-04-15 13:51:52','2025-04-15 13:51:52'),(1097,'湖南图书馆停车场',112.9982450,28.1886170,'湖南省','长沙市','芙蓉区','韶山北路湖南图书馆','','2025-04-15 13:51:52','2025-04-15 13:51:52'),(1098,'阿波罗商业广场停车场',113.0098980,28.1970310,'湖南省','长沙市','芙蓉区','八一路1号(晓园公园旁边)阿波罗商业广场B1','','2025-04-15 13:51:52','2025-04-15 13:51:52'),(1099,'蚂蚁工房地下停车场',112.9782080,28.1931430,'湖南省','长沙市','芙蓉区','东牌楼街与走马楼巷交叉口东南60米','','2025-04-15 13:51:52','2025-04-15 13:51:52'),(1100,'湖南省粮食厅旧址宿舍停车场',112.9778800,28.1901150,'湖南省','长沙市','芙蓉区','登隆街42号','','2025-04-15 13:51:52','2025-04-15 13:51:52'),(1101,'中山路停车场',112.9831360,28.1988540,'湖南省','长沙市','芙蓉区','宝南街132号','','2025-04-15 13:51:52','2025-04-15 13:51:52'),(1102,'人民西路东区地面停车场',112.9836290,28.1868400,'湖南省','长沙市','芙蓉区','人民西路与天心路交叉口西南角','','2025-04-15 13:51:52','2025-04-15 13:51:52'),(1103,'地下停车场',112.9802840,28.1959230,'湖南省','长沙市','芙蓉区','黄泥街与邵阳坪巷交叉口南60米','','2025-04-15 13:51:52','2025-04-15 13:51:52'),(1104,'名汇达商务楼地下停车场',112.9790130,28.1944310,'湖南省','长沙市','芙蓉区','五一大道591号名汇达商务楼','','2025-04-15 13:51:52','2025-04-15 13:51:52'),(1105,'顺天国际财富中心停车场',112.9869600,28.1896300,'湖南省','长沙市','芙蓉区','定王台街道芙蓉中路2段80号顺天国际财富中心','','2025-04-15 13:51:52','2025-04-15 13:51:52'),(1106,'新天地步行商业街停车场',112.9769310,28.1878380,'湖南省','长沙市','芙蓉区','五一大道655号嘉顿新天地','','2025-04-15 13:51:52','2025-04-15 13:51:52'),(1107,'交银大厦地下停车场',112.9839290,28.1941640,'湖南省','长沙市','芙蓉区','落星田街与允嘉巷交叉口东北40米','','2025-04-15 13:51:52','2025-04-15 13:51:52'),(1108,'新世界百货停车场',112.9782230,28.1942930,'湖南省','长沙市','芙蓉区','五一西路153号新世界百货B2','','2025-04-15 13:51:52','2025-04-15 13:51:52'),(1109,'停车场',112.9804820,28.1983980,'湖南省','长沙市','芙蓉区','顺星桥巷48号','','2025-04-15 13:51:52','2025-04-15 13:51:52'),(1110,'湖南新华大厦停车场',112.9798900,28.1956890,'湖南省','长沙市','芙蓉区','五一大道826号湖南新华大厦','','2025-04-15 13:51:52','2025-04-15 13:51:52'),(1111,'九龙仓长沙国金中心地下停车场',112.9775720,28.1932480,'湖南省','长沙市','芙蓉区','东牌楼街与走马楼巷交叉口南20米','','2025-04-15 13:51:52','2025-04-15 13:51:52'),(1112,'中天国际通讯广场地面停车场',112.9834970,28.1954060,'湖南省','长沙市','芙蓉区','中天国际通讯广场(芙蓉广场地铁站5号口旁)','','2025-04-15 13:51:52','2025-04-15 13:51:52'),(1113,'长沙尼依格罗酒店地下停车点',112.9785100,28.1921110,'湖南省','长沙市','芙蓉区','长沙尼依格罗酒店','','2025-04-15 13:51:52','2025-04-15 13:51:52'),(1114,'定王大厦地下停车场',112.9861750,28.1888270,'湖南省','长沙市','芙蓉区','芙蓉中路二段88号','','2025-04-15 13:51:52','2025-04-15 13:51:52'),(1115,'中山路小商品批发城停车场',112.9787440,28.1999580,'湖南省','长沙市','芙蓉区','文运街三角花园','','2025-04-15 13:51:52','2025-04-15 13:51:52'),(1116,'印象天心地面停车场',112.9801610,28.1866170,'湖南省','长沙市','芙蓉区','定王台街道蔡锷南路77号印象天心','','2025-04-15 13:51:52','2025-04-15 13:51:52'),(1117,'烈士公园东门停车场',113.0075920,28.2128720,'湖南省','长沙市','芙蓉区','车站北路471号(烈士公园东地铁站2号口步行430米)','','2025-04-15 13:51:52','2025-04-15 13:51:52'),(1118,'51度浅境酒店停车场',112.9791820,28.1953160,'湖南省','长沙市','芙蓉区','51度浅境酒店(五一广场地铁站6D口步行250米)','','2025-04-15 13:51:52','2025-04-15 13:51:52'),(1119,'永华大厦停车场',112.9814050,28.1941480,'湖南省','长沙市','芙蓉区','蔡锷中路永华大厦(芙蓉广场地铁站1号口步行410米)','','2025-04-15 13:51:52','2025-04-15 13:51:52'),(1120,'湘雅附二医院维一星城停车场',112.9967340,28.1873150,'湖南省','长沙市','芙蓉区','韶山路维一星城','','2025-04-15 13:51:52','2025-04-15 13:51:52'),(1121,'锦江都城酒店(长沙五一广场IFS国金中心店)停车场B场',112.9837820,28.1970910,'湖南省','长沙市','芙蓉区','建湘路483号(芙蓉广场地铁站5号口步行230米)','','2025-04-15 13:51:52','2025-04-15 13:51:52'),(1122,'青年公寓停车场',112.9798950,28.1933140,'湖南省','长沙市','芙蓉区','东牌楼街25号青年公寓','','2025-04-15 13:51:52','2025-04-15 13:51:52'),(1123,'异国印象·奢酒店停车场',112.9792250,28.1949810,'湖南省','长沙市','芙蓉区','定王台街道五一大道(原五一西路)127号','','2025-04-15 13:51:52','2025-04-15 13:51:52'),(1124,'昊天大厦地下停车场',112.9926280,28.1980860,'湖南省','长沙市','芙蓉区','八一路418号昊天大厦','','2025-04-15 13:51:52','2025-04-15 13:51:52'),(1125,'人民西路-道路停车位',112.9788640,28.1883520,'湖南省','长沙市','芙蓉区','人民西路与丰盈西里交叉口西北20米','','2025-04-15 13:51:52','2025-04-15 13:51:52'),(1126,'郡曼酒店地下停车场',112.9791620,28.1959520,'湖南省','长沙市','芙蓉区','文运街与玉泉街交叉口南20米','','2025-04-15 13:51:52','2025-04-15 13:51:52'),(1127,'鸿盛大厦A座停车场',112.9800820,28.1907200,'湖南省','长沙市','芙蓉区','蔡锷南路与解放西路交叉口西80米','','2025-04-15 13:51:52','2025-04-15 13:51:52'),(1128,'红色剧院停车场',112.9782490,28.1997310,'湖南省','长沙市','芙蓉区','中山路红色剧院-招待所','','2025-04-15 13:51:52','2025-04-15 13:51:52'),(1129,'解放中路高架桥西地面停车场',112.9856530,28.1905450,'湖南省','长沙市','芙蓉区','解放西路辅路与菜根香巷交叉口东40米','','2025-04-15 13:51:52','2025-04-15 13:51:52'),(1130,'壹号座品地下停车场',112.9955680,28.1969110,'湖南省','长沙市','芙蓉区','八一路339-19号壹号座品','','2025-04-15 13:51:52','2025-04-15 13:51:52'),(1131,'鹏程世家停车场',112.9929670,28.2024780,'湖南省','长沙市','芙蓉区','迎宾路246号鹏程世家','','2025-04-15 13:51:52','2025-04-15 13:51:52'),(1132,'小天鹅戴斯酒店停车场',112.9870930,28.1952780,'湖南省','长沙市','芙蓉区','五一大道648号小天鹅戴斯酒店','','2025-04-15 13:51:52','2025-04-15 13:51:52'),(1133,'长沙佳兆业广场地下停车场',113.0001680,28.1953840,'湖南省','长沙市','芙蓉区','五一大道318号长沙佳兆业广场','','2025-04-15 13:51:52','2025-04-15 13:51:52'),(1134,'蝴蝶大厦停车场',112.9805580,28.1958130,'湖南省','长沙市','芙蓉区','蔡锷中路蝴蝶大厦(芙蓉广场地铁站5号口步行400米)','','2025-04-15 13:52:46','2025-04-15 13:52:46'),(1135,'鑫天大厦停车场',112.9963260,28.1939350,'湖南省','长沙市','芙蓉区','韶山北路86号鑫天大厦','','2025-04-15 13:52:46','2025-04-15 13:52:46'),(1136,'丰泉古井停车场',112.9805730,28.1885930,'湖南省','长沙市','芙蓉区','蔡锷南路与小赢洲巷交叉口南20米','','2025-04-15 13:52:46','2025-04-15 13:52:46'),(1137,'华联商住楼停车场',112.9783730,28.1965550,'湖南省','长沙市','芙蓉区','南阳街与长康路交叉口东南40米','','2025-04-15 13:52:46','2025-04-15 13:52:46'),(1138,'停车场(人民西路)',112.9808710,28.1874200,'湖南省','长沙市','芙蓉区','蔡锷南路48号天心华庭','','2025-04-15 13:52:46','2025-04-15 13:52:46'),(1139,'湘豪大厦地下停车场',112.9863770,28.1870890,'湖南省','长沙市','芙蓉区','白沙路与芙蓉中路交叉口西60米','','2025-04-15 13:52:46','2025-04-15 13:52:46'),(1140,'长沙芙蓉国温德姆至尊豪廷大酒店南侧停车场',112.9861500,28.1862460,'湖南省','长沙市','芙蓉区','人民中路与工农桥村巷交叉口东60米','','2025-04-15 13:52:46','2025-04-15 13:52:46'),(1141,'明城国际中心停车场',112.9866390,28.1884170,'湖南省','长沙市','芙蓉区','芙蓉中路二段98号(明城国际中心)','','2025-04-15 13:52:46','2025-04-15 13:52:46'),(1142,'有读书房酒店(五一广场IFS国金店)停车场',112.9832200,28.1987380,'湖南省','长沙市','芙蓉区','宝南街136号','','2025-04-15 13:52:46','2025-04-15 13:52:46'),(1143,'华美欧大厦地下停车场',112.9893350,28.1939880,'湖南省','长沙市','芙蓉区','五一中路13号韭菜园路口','','2025-04-15 13:52:46','2025-04-15 13:52:46'),(1144,'鸿盛大厦停车场',112.9801210,28.1906250,'湖南省','长沙市','芙蓉区','蔡锷南路139号','','2025-04-15 13:52:46','2025-04-15 13:52:46'),(1145,'金烨融府地下停车场',112.9892820,28.1917230,'湖南省','长沙市','芙蓉区','韭菜园路金烨融府','','2025-04-15 13:52:46','2025-04-15 13:52:46'),(1146,'米粉街停车场',112.9869740,28.1978400,'湖南省','长沙市','芙蓉区','八一路613号','','2025-04-15 13:52:46','2025-04-15 13:52:46'),(1147,'湖南图书城停车场',112.9866430,28.1900360,'湖南省','长沙市','芙蓉区','芙蓉中路二段76号湖南图书城','','2025-04-15 13:52:46','2025-04-15 13:52:46'),(1148,'如家商旅酒店国金中心店停车场',112.9796590,28.1885630,'湖南省','长沙市','芙蓉区','人民西路349号(黄兴广场地铁站2号口步行360米)','','2025-04-15 13:52:46','2025-04-15 13:52:46'),(1149,'九龙仓长沙国金中心停车场',112.9776020,28.1918570,'湖南省','长沙市','芙蓉区','定王台街道解放西路188号','','2025-04-15 13:52:46','2025-04-15 13:52:46'),(1150,'菜香根酒楼(长沙店)地面停车场',112.9927690,28.2034960,'湖南省','长沙市','芙蓉区','迎宾路252号菜香根酒楼(迎宾店)','','2025-04-15 13:52:46','2025-04-15 13:52:46'),(1151,'明城国际中心地下停车场',112.9866480,28.1885510,'湖南省','长沙市','芙蓉区','芙蓉中路明城国际中心','','2025-04-15 13:52:46','2025-04-15 13:52:46'),(1152,'维也纳酒店(IFS国金中心店)停车场',112.9844510,28.1982340,'湖南省','长沙市','芙蓉区','维也纳酒店(长沙IFS国金中心店)','','2025-04-15 13:52:46','2025-04-15 13:52:46'),(1153,'新世界商贸城地下停车场',112.9777330,28.1938170,'湖南省','长沙市','芙蓉区','青石井巷37号','','2025-04-15 13:52:46','2025-04-15 13:52:46'),(1154,'湘域国际中心地下停车场',112.9834410,28.1937070,'湖南省','长沙市','芙蓉区','藩后街32号湘域国际中心','','2025-04-15 13:52:46','2025-04-15 13:52:46'),(1155,'人民西路-道路停车位',112.9782650,28.1881570,'湖南省','长沙市','芙蓉区','人民西路与西学巷交叉口西40米','','2025-04-15 13:52:46','2025-04-15 13:52:46'),(1156,'百盛·天心华庭停车场',112.9814970,28.1870580,'湖南省','长沙市','芙蓉区','蔡锷南路48号','','2025-04-15 13:52:46','2025-04-15 13:52:46'),(1157,'中国石油长沙大厦南停车场',112.9864130,28.1863270,'湖南省','长沙市','芙蓉区','中国石油长沙大厦','','2025-04-15 13:52:46','2025-04-15 13:52:46'),(1158,'华天大酒店解放东路店地下停车场',112.9982870,28.1916150,'湖南省','长沙市','芙蓉区','解放东路300号','','2025-04-15 13:52:46','2025-04-15 13:52:46'),(1159,'湖南省人民政府机关二院停车场',112.9917130,28.1940870,'湖南省','长沙市','芙蓉区','解放中路176号湖南省人民政府机关二院','','2025-04-15 13:52:46','2025-04-15 13:52:46'),(1160,'顺天国际财富中心地下停车场',112.9865260,28.1894910,'湖南省','长沙市','芙蓉区','芙蓉中路二段80号顺天国际财富中心','','2025-04-15 13:52:46','2025-04-15 13:52:46'),(1161,'天平大厦停车场',112.9796890,28.1883210,'湖南省','长沙市','芙蓉区','人民中路176号(黄兴广场地铁站2号口步行340米)','','2025-04-15 13:52:46','2025-04-15 13:52:46'),(1162,'城市生活家地下停车场',112.9780310,28.1918900,'湖南省','长沙市','芙蓉区','定王台街道解放西路236号城市生活家','','2025-04-15 13:52:46','2025-04-15 13:52:46'),(1163,'黄金之城珠宝交易中心停车场',112.9849970,28.1880430,'湖南省','长沙市','芙蓉区','建湘路36号芙蓉国际黄金之城','','2025-04-15 13:52:46','2025-04-15 13:52:46'),(1164,'银华大厦停车场',112.9891600,28.1954960,'湖南省','长沙市','芙蓉区','五一大道618号银华大厦','','2025-04-15 13:52:46','2025-04-15 13:52:46'),(1165,'长沙和谐医院停车场',112.9865880,28.1933550,'湖南省','长沙市','芙蓉区','芙蓉中路二段16号长沙和谐医院','','2025-04-15 13:52:46','2025-04-15 13:52:46'),(1166,'印象天心地下停车场',112.9797570,28.1867310,'湖南省','长沙市','芙蓉区','定王台街道蔡锷南路77号印象天心','','2025-04-15 13:52:46','2025-04-15 13:52:46'),(1167,'湖南大剧院地下停车场',112.9974090,28.1894630,'湖南省','长沙市','芙蓉区','韶山北路湖南大剧院(湖南图书馆北)','','2025-04-15 13:52:46','2025-04-15 13:52:46'),(1168,'耕耘圃停车场',112.9785840,28.1888900,'湖南省','长沙市','芙蓉区','人民西路315号(黄兴广场地铁站2号口步行260米)','','2025-04-15 13:52:46','2025-04-15 13:52:46'),(1169,'中国银行保险监督管理委员会湖南监管局停车场',112.9778750,28.1958670,'湖南省','长沙市','芙蓉区','南阳街五一广场(五一广场地铁站6D口步行240米)','','2025-04-15 13:52:46','2025-04-15 13:52:46'),(1170,'文艺新村社区停车场',112.9912280,28.1895890,'湖南省','长沙市','芙蓉区','黄泥坑巷文艺新村社区','','2025-04-15 13:52:46','2025-04-15 13:52:46'),(1171,'长沙站东停车场',113.0171810,28.1940200,'湖南省','长沙市','芙蓉区','车站中路406号长沙站','','2025-04-15 13:52:46','2025-04-15 13:52:46'),(1172,'第一大道南停车场',112.9840960,28.1957700,'湖南省','长沙市','芙蓉区','五一西路2号第一大道(芙蓉广场地铁站5号口步行90米)','','2025-04-15 13:52:46','2025-04-15 13:52:46'),(1173,'长沙融通长城宾馆地面停车场',112.9967430,28.1971200,'湖南省','长沙市','芙蓉区','韶山路28号','','2025-04-15 13:52:46','2025-04-15 13:52:46'),(1174,'湖南文化大厦停车场',112.9974180,28.1896860,'湖南省','长沙市','芙蓉区','韶山北路139号湖南文化大厦','','2025-04-15 13:52:46','2025-04-15 13:52:46'),(1175,'八一桥(西)停车场',112.9852250,28.1982840,'湖南省','长沙市','芙蓉区','八一路(金帆大厦旁)','','2025-04-15 13:52:46','2025-04-15 13:52:46'),(1176,'中国城戴斯酒店停车场',113.0014780,28.1904120,'湖南省','长沙市','芙蓉区','解放东路233号中国城戴斯酒店','','2025-04-15 13:52:46','2025-04-15 13:52:46'),(1177,'壹号公馆地下停车场',112.9786220,28.1966380,'湖南省','长沙市','芙蓉区','五一广场南阳街8号壹号公馆','','2025-04-15 13:52:46','2025-04-15 13:52:46'),(1178,'长沙世茂52+地下停车场',112.9842040,28.1938270,'湖南省','长沙市','芙蓉区','允嘉巷与东庆街交叉口东60米','','2025-04-15 13:52:46','2025-04-15 13:52:46'),(1179,'步步高生活广场停车场',113.0089820,28.2118090,'湖南省','长沙市','芙蓉区','火炬西路与车站北路交叉口东北80米','','2025-04-15 13:52:46','2025-04-15 13:52:46'),(1180,'湖南德岛停车场',113.0056770,28.1946150,'湖南省','长沙市','芙蓉区','湖南省商务厅西边(袁家岭地铁站2号口步行470米)','','2025-04-15 13:52:46','2025-04-15 13:52:46'),(1181,'九所宾馆停车场',112.9967410,28.2018500,'湖南省','长沙市','芙蓉区','韶山北路16号','','2025-04-15 13:52:46','2025-04-15 13:52:46'),(1182,'轻工盐业大厦停车场',112.9837400,28.1980370,'湖南省','长沙市','芙蓉区','建湘路与中山路交叉口西南60米','','2025-04-15 13:52:46','2025-04-15 13:52:46'),(1183,'中国石油长沙大厦地下停车场',112.9861800,28.1869280,'湖南省','长沙市','芙蓉区','白沙路与芙蓉中路交叉口西80米','','2025-04-15 13:52:46','2025-04-15 13:52:46'),(1184,'东成大厦室内停车场',112.9881760,28.1892020,'湖南省','长沙市','芙蓉区','白沙路26号东成大厦','','2025-04-15 13:52:57','2025-04-15 13:52:57'),(1185,'建湘北路1号停车场',112.9836210,28.1962870,'湖南省','长沙市','芙蓉区','建湘路469号(芙蓉广场地铁站5号口步行110米)','','2025-04-15 13:52:57','2025-04-15 13:52:57'),(1186,'景轩年华酒店(长沙IFS国金中心店)地面停车场',112.9791260,28.1902040,'湖南省','长沙市','芙蓉区','东茅街81号景轩年华酒店(IFS国金中心黄兴步行街店)','','2025-04-15 13:52:57','2025-04-15 13:52:57'),(1187,'湖南省电化教育馆综合大楼停车场',112.9788910,28.1966720,'湖南省','长沙市','芙蓉区','湖南省电化教育馆综合大楼','','2025-04-15 13:52:57','2025-04-15 13:52:57'),(1188,'万象新天内部地下停车场',113.0112290,28.1999410,'湖南省','长沙市','芙蓉区','车湘街6号','','2025-04-15 13:52:57','2025-04-15 13:52:57'),(1189,'长沙市少年宫停车场',112.9802740,28.1941520,'湖南省','长沙市','芙蓉区','蔡锷中路85号长沙市少年宫','','2025-04-15 13:52:57','2025-04-15 13:52:57'),(1190,'停车场',113.0123620,28.1917360,'湖南省','长沙市','芙蓉区','车站中路与国储商业街交叉口东140米','','2025-04-15 13:52:57','2025-04-15 13:52:57'),(1191,'长沙市传染病医院停车场',112.9891490,28.1882070,'湖南省','长沙市','芙蓉区','水絮塘巷67号长沙市传染病医院内','','2025-04-15 13:52:57','2025-04-15 13:52:57'),(1192,'兴业银行长沙韶山路支行停车场',112.9968960,28.1881660,'湖南省','长沙市','芙蓉区','兴业银行(韶山路支行)','','2025-04-15 13:52:57','2025-04-15 13:52:57'),(1193,'丽都大厦地下停车场',112.9837860,28.1927750,'湖南省','长沙市','芙蓉区','肇嘉坪巷与东庆街交叉口东南40米','','2025-04-15 13:52:57','2025-04-15 13:52:57'),(1194,'大汉海派停车场',113.0096780,28.2123250,'湖南省','长沙市','芙蓉区','海派·大汉悦中心(烈士公园东地铁站2号口步行480米)','','2025-04-15 13:52:57','2025-04-15 13:52:57'),(1195,'八一路高架桥停车场',112.9858280,28.1980660,'湖南省','长沙市','芙蓉区','建湘路521号(芙蓉广场地铁站4号口步行490米)','','2025-04-15 13:52:57','2025-04-15 13:52:57'),(1196,'碧云天南停车场',112.9875890,28.1940190,'湖南省','长沙市','芙蓉区','芙蓉中路二段13号(芙蓉广场地铁站4号口步行380米)','','2025-04-15 13:52:57','2025-04-15 13:52:57'),(1197,'湖南省建筑科学研究院有限责任公司(解放中路)停车场',112.9936790,28.1910980,'湖南省','长沙市','芙蓉区','解放中路与南元宫巷交叉口西北20米','','2025-04-15 13:52:57','2025-04-15 13:52:57'),(1198,'湖南国贸金融中心西停车场',112.9840370,28.1970260,'湖南省','长沙市','芙蓉区','定王台街道芙蓉中路一段540号','','2025-04-15 13:52:57','2025-04-15 13:52:57'),(1199,'天心华庭停车场',112.9809630,28.1868510,'湖南省','长沙市','芙蓉区','蔡锷南路48号天心华庭','','2025-04-15 13:52:57','2025-04-15 13:52:57'),(1200,'停车场',112.9990950,28.1941780,'湖南省','长沙市','芙蓉区','五一大道185-201号长沙艺星医学美容医院','','2025-04-15 13:52:57','2025-04-15 13:52:57'),(1201,'友谊商店西侧停车场',112.9973650,28.1953710,'湖南省','长沙市','芙蓉区','五一大道368号友谊商店','','2025-04-15 13:52:57','2025-04-15 13:52:57'),(1202,'丰泉大厦停车场',112.9800730,28.1895650,'湖南省','长沙市','芙蓉区','蔡锷南路丰泉大厦(湖南省人民医院西南)','','2025-04-15 13:52:57','2025-04-15 13:52:57'),(1203,'苏宁易家芙蓉广场旗舰店地下停车场',112.9842890,28.1966850,'湖南省','长沙市','芙蓉区','芙蓉中路一段238号苏宁易家(长沙芙蓉广场店)','','2025-04-15 13:52:57','2025-04-15 13:52:57'),(1204,'华夏大酒店停车场',112.9936230,28.2035700,'湖南省','长沙市','芙蓉区','营盘东路82号华夏酒店','','2025-04-15 13:52:57','2025-04-15 13:52:57'),(1205,'中国工商银行(湖南省分行)地面停车场',112.9858570,28.1966900,'湖南省','长沙市','芙蓉区','芙蓉中路一段615号中国工商银行(湖南省分行)','','2025-04-15 13:52:57','2025-04-15 13:52:57'),(1206,'中国银行(芙蓉支行营业部)-停车场',113.0080260,28.1936340,'湖南省','长沙市','芙蓉区','五一大道43号(长沙火车站地铁站1号口步行260米)','','2025-04-15 13:52:57','2025-04-15 13:52:57'),(1207,'人民西路辅路-道路停车位',112.9821240,28.1871900,'湖南省','长沙市','芙蓉区','人民西路辅路与都正街交叉口东南40米','','2025-04-15 13:52:57','2025-04-15 13:52:57'),(1208,'明城国际地下停车场',112.9863650,28.1884160,'湖南省','长沙市','芙蓉区','明城公馆','','2025-04-15 13:52:57','2025-04-15 13:52:57'),(1209,'亚华大厦停车场',112.9891540,28.1971580,'湖南省','长沙市','芙蓉区','八一路与韭菜园路交叉口东60米','','2025-04-15 13:52:57','2025-04-15 13:52:57'),(1210,'长沙佳兆业广场购物中心停车场',113.0011200,28.1948500,'湖南省','长沙市','芙蓉区','五一大道190号敬天广场','','2025-04-15 13:52:57','2025-04-15 13:52:57'),(1211,'东成大厦停车场',112.9875830,28.1894080,'湖南省','长沙市','芙蓉区','芙蓉中路111号华菱大厦22楼(近浏城桥)','','2025-04-15 13:52:57','2025-04-15 13:52:57'),(1212,'停车场(华美欧大厦西北)',112.9892510,28.1947050,'湖南省','长沙市','芙蓉区','五一大道592号(迎宾路口地铁站1号口步行170米)','','2025-04-15 13:52:57','2025-04-15 13:52:57'),(1213,'锦绣红楼(定王台店)地面停车场',112.9857860,28.1895420,'湖南省','长沙市','芙蓉区','定王台街道建湘南路86号锦绣红楼(定王台店)','','2025-04-15 13:52:57','2025-04-15 13:52:57'),(1214,'烈士公园东门停车场',113.0075960,28.2128480,'湖南省','长沙市','芙蓉区','车站北路481号(烈士公园东地铁站2号口步行400米)','','2025-04-15 13:52:57','2025-04-15 13:52:57'),(1215,'四喜富侨健康水会天心店停车场',112.9839160,28.1870760,'湖南省','长沙市','芙蓉区','堂皇里东侧人民西路北侧','','2025-04-15 13:52:57','2025-04-15 13:52:57'),(1216,'停车场(水月林公寓西)',112.9831320,28.1909990,'湖南省','长沙市','芙蓉区','解放西路辅路与东门捷径巷交叉口西北40米','','2025-04-15 13:52:57','2025-04-15 13:52:57'),(1217,'长沙五一广场希尔顿欢朋酒店地下停车场',112.9891100,28.1976340,'湖南省','长沙市','芙蓉区','八一路539号长沙五一广场希尔顿欢朋酒店','','2025-04-15 13:52:57','2025-04-15 13:52:57'),(1218,'新天地步行商业街地下停车场',112.9767850,28.1876960,'湖南省','长沙市','芙蓉区','黄兴南路360号新天地(步行商业街)','','2025-04-15 13:52:57','2025-04-15 13:52:57'),(1219,'第一大道地下停车场',112.9837730,28.1955610,'湖南省','长沙市','芙蓉区','五一西路2号第一大道(芙蓉广场地铁站5号口步行90米)','','2025-04-15 13:52:57','2025-04-15 13:52:57'),(1220,'停车场(鑫天大厦西北)',112.9962840,28.1943530,'湖南省','长沙市','芙蓉区','五一大道7天酒店(袁家岭地铁站店)','','2025-04-15 13:52:57','2025-04-15 13:52:57'),(1221,'华侨大厦地下停车场',112.9958070,28.1913270,'湖南省','长沙市','芙蓉区','解放中路18号(华侨大厦)','','2025-04-15 13:52:57','2025-04-15 13:52:57'),(1222,'V维克斯酒店(长沙IFS国金中心店)地下停车库停车场',112.9795580,28.1958890,'湖南省','长沙市','芙蓉区','文运街与玉泉街交叉口东南40米','','2025-04-15 13:52:57','2025-04-15 13:52:57'),(1223,'丽都大厦停车场',112.9835760,28.1929720,'湖南省','长沙市','芙蓉区','浏正街158号(芙蓉广场地铁站1号口步行220米)','','2025-04-15 13:52:57','2025-04-15 13:52:57'),(1224,'湖南老干部大学地面停车场',113.0071940,28.1988240,'湖南省','长沙市','芙蓉区','蓉园路与竹园路交叉口南160米','','2025-04-15 13:52:57','2025-04-15 13:52:57'),(1225,'湖南富丽华大酒店停车场',113.0083340,28.1976720,'湖南省','长沙市','芙蓉区','八一路与蓉园路交叉口东120米','','2025-04-15 13:52:57','2025-04-15 13:52:57'),(1226,'鸿飞大厦停车场',113.0001330,28.1973810,'湖南省','长沙市','芙蓉区','八一路与杜家园巷交叉口南20米','','2025-04-15 13:52:57','2025-04-15 13:52:57'),(1227,'人瑞·潇湘国际地下停车场',113.0043360,28.1950870,'湖南省','长沙市','芙蓉区','五一大道与长岛路交叉口北100米','','2025-04-15 13:52:57','2025-04-15 13:52:57'),(1228,'凤凰大厦地下停车场',112.9855430,28.1886860,'湖南省','长沙市','芙蓉区','建湘路162号凤凰大厦','','2025-04-15 13:52:57','2025-04-15 13:52:57'),(1229,'海逸·臻品酒店停车场',112.9926580,28.2018790,'湖南省','长沙市','芙蓉区','迎宾路238号','','2025-04-15 13:52:57','2025-04-15 13:52:57'),(1230,'湖南古玩城停车场',112.9883570,28.1946860,'湖南省','长沙市','芙蓉区','五一中路399号湖南古玩城','','2025-04-15 13:52:57','2025-04-15 13:52:57'),(1231,'海豚·五星大酒店停车场',112.9805220,28.1982330,'湖南省','长沙市','芙蓉区','顺星桥巷与蔡锷中路交叉口西60米','','2025-04-15 13:52:57','2025-04-15 13:52:57'),(1232,'证券大厦停车场',113.0080020,28.2110710,'湖南省','长沙市','芙蓉区','车站北路459号证券大厦','','2025-04-15 13:52:57','2025-04-15 13:52:57'),(1233,'新青年公寓停车场',112.9784880,28.1878880,'湖南省','长沙市','芙蓉区','人民西路186号新青年公寓','','2025-04-15 13:52:57','2025-04-15 13:52:57'),(1234,'通程国际大酒店停车场',112.9981410,28.1887670,'湖南省','长沙市','芙蓉区','韶山北路与解放东路交叉口东南220米','','2025-04-15 13:53:16','2025-04-15 13:53:16'),(1235,'芙蓉楼停车场',112.9976870,28.1995420,'湖南省','长沙市','芙蓉区','韶山北路8号','','2025-04-15 13:53:16','2025-04-15 13:53:16'),(1236,'湖南国贸金融中心北停车场',112.9849750,28.1974060,'湖南省','长沙市','芙蓉区','芙蓉中路辅路与八一路辅路交叉口西南100米','','2025-04-15 13:53:16','2025-04-15 13:53:16'),(1237,'明景公寓停车场',112.9800780,28.1872260,'湖南省','长沙市','芙蓉区','蔡锷南路95号明景公寓','','2025-04-15 13:53:16','2025-04-15 13:53:16'),(1238,'金佛大厦停车场',112.9956560,28.1905930,'湖南省','长沙市','芙蓉区','解放中路33金佛大厦','','2025-04-15 13:53:16','2025-04-15 13:53:16'),(1239,'韶山北路-道路停车位',112.9992400,28.2001210,'湖南省','长沙市','芙蓉区','杜家园巷与八一路交叉口北280米','','2025-04-15 13:53:16','2025-04-15 13:53:16'),(1240,'亚大时代南地面停车场',112.9949570,28.1949000,'湖南省','长沙市','芙蓉区','五一大道456号(迎宾路口地铁站4号口步行170米)','','2025-04-15 13:53:16','2025-04-15 13:53:16'),(1241,'城市生活家停车场',112.9776070,28.1919800,'湖南省','长沙市','芙蓉区','黄兴中路与解放西路交叉口东北140米','','2025-04-15 13:53:16','2025-04-15 13:53:16'),(1242,'西罗亚商厦停车场',112.9768210,28.1869790,'湖南省','长沙市','芙蓉区','黄兴南路西罗亚商厦(黄兴广场地铁站2号口步行270米)','','2025-04-15 13:53:16','2025-04-15 13:53:16'),(1243,'长房大厦地下停车场',112.9839420,28.1904000,'湖南省','长沙市','芙蓉区','解放西路35号长房大厦','','2025-04-15 13:53:16','2025-04-15 13:53:16'),(1244,'人民西路桥2停车场',112.9854440,28.1863800,'湖南省','长沙市','芙蓉区','白沙路与人民西路辅路交叉口东20米','','2025-04-15 13:53:16','2025-04-15 13:53:16'),(1245,'桐荫里小区-底商停车场',112.9917620,28.1970740,'湖南省','长沙市','芙蓉区','八一路与迎宾路交叉口北60米(迎宾路口地铁站8号口旁)','','2025-04-15 13:53:16','2025-04-15 13:53:16'),(1246,'顺天城停车场',112.9878560,28.1926310,'湖南省','长沙市','芙蓉区','芙蓉中路二段59号顺天城','','2025-04-15 13:53:16','2025-04-15 13:53:16'),(1247,'黄金之城地面停车场',112.9848800,28.1873500,'湖南省','长沙市','芙蓉区','建湘南路36号黄金之城','','2025-04-15 13:53:16','2025-04-15 13:53:16'),(1248,'长沙德盛道夫酒店停车场',112.9872020,28.1899370,'湖南省','长沙市','芙蓉区','芙蓉中路二段76号长沙德盛道夫酒店(五一广场IFS国金中心店)','','2025-04-15 13:53:16','2025-04-15 13:53:16'),(1249,'南景饭店停车场',112.9924800,28.2020440,'湖南省','长沙市','芙蓉区','迎宾路238号南景饭店','','2025-04-15 13:53:16','2025-04-15 13:53:16'),(1250,'湖南物资产业集团北院停车场',112.9948230,28.1942350,'湖南省','长沙市','芙蓉区','五一大道333号湖南新物产集团北院','','2025-04-15 13:53:16','2025-04-15 13:53:16'),(1251,'长沙市第一医院南院停车场',112.9892230,28.1879630,'湖南省','长沙市','芙蓉区','水絮塘巷67号长沙市第一医院(南院)','','2025-04-15 13:53:16','2025-04-15 13:53:16'),(1252,'银华大厦地下停车场',112.9890330,28.1955390,'湖南省','长沙市','芙蓉区','五一大道618号银华大厦','','2025-04-15 13:53:16','2025-04-15 13:53:16'),(1253,'府后街-道路停车位',112.9790300,28.1989970,'湖南省','长沙市','芙蓉区','府后街与文运街交叉口西20米','','2025-04-15 13:53:16','2025-04-15 13:53:16'),(1254,'湖南省商务厅停车场',113.0065840,28.1950820,'湖南省','长沙市','芙蓉区','五一大道98号湖南省商务厅','','2025-04-15 13:53:16','2025-04-15 13:53:16'),(1255,'蜂鸟酒店(长沙五一大道袁家岭地铁站店)停车场',113.0042970,28.1968120,'湖南省','长沙市','芙蓉区','长岛路与八一路交叉口南40米','','2025-04-15 13:53:16','2025-04-15 13:53:16'),(1256,'长沙市人力资源市场地面停车场',112.9869230,28.1953870,'湖南省','长沙市','芙蓉区','长沙市人力资源市场(芙蓉广场地铁站4号口步行340米)','','2025-04-15 13:53:16','2025-04-15 13:53:16'),(1257,'地面停车场',112.9960390,28.1898380,'湖南省','长沙市','芙蓉区','韶山北路与解放东路交叉口西南100米','','2025-04-15 13:53:16','2025-04-15 13:53:16'),(1258,'维一星城停车场',112.9968090,28.1873090,'湖南省','长沙市','芙蓉区','韶山北路202维一星城','','2025-04-15 13:53:16','2025-04-15 13:53:16'),(1259,'西罗亚商厦地下停车场',112.9769880,28.1869470,'湖南省','长沙市','芙蓉区','人民西路西罗亚商厦西南门(长郡中学东)','','2025-04-15 13:53:16','2025-04-15 13:53:16'),(1260,'湖南省直单位住房公积金管理中心识字岭营业厅地面停车场',112.9875730,28.1860600,'湖南省','长沙市','芙蓉区','芙蓉区人民中路35号','','2025-04-15 13:53:16','2025-04-15 13:53:16'),(1261,'君逸山水大酒店停车场',113.0119250,28.2075990,'湖南省','长沙市','芙蓉区','晚报大道150号君逸山水大酒店','','2025-04-15 13:53:16','2025-04-15 13:53:16'),(1262,'和府大厦停车场',112.9849150,28.1973750,'湖南省','长沙市','芙蓉区','芙蓉中路218号和府大厦','','2025-04-15 13:53:16','2025-04-15 13:53:16'),(1263,'千喜华城停车场',113.0111050,28.1983070,'湖南省','长沙市','芙蓉区','车站北路22号千喜华城','','2025-04-15 13:53:16','2025-04-15 13:53:16'),(1264,'湘华宾馆停车场',112.9793700,28.1947360,'湖南省','长沙市','芙蓉区','五一大道573号(五一广场地铁站5号口步行150米)','','2025-04-15 13:53:16','2025-04-15 13:53:16'),(1265,'中南大学湘雅二医院P科教楼停车场',112.9921080,28.1888720,'湖南省','长沙市','芙蓉区','中南大学湘雅二医院科教楼','','2025-04-15 13:53:16','2025-04-15 13:53:16'),(1266,'桔子酒店(湘雅附二店)停车场',112.9970130,28.1860120,'湖南省','长沙市','芙蓉区','韶山北路228号桔子酒店(湘雅附二店)','','2025-04-15 13:53:16','2025-04-15 13:53:16'),(1267,'湖南证券大厦管理服务中心停车场',113.0081500,28.2103740,'湖南省','长沙市','芙蓉区','车站北路与火炬西路交叉口南80米','','2025-04-15 13:53:16','2025-04-15 13:53:16'),(1268,'顺风楼停车场',112.9942020,28.2035120,'湖南省','长沙市','芙蓉区','湖南省长沙市芙蓉区营盘东路86号','','2025-04-15 13:53:16','2025-04-15 13:53:16'),(1269,'友谊商店地下停车场',112.9977380,28.1955230,'湖南省','长沙市','芙蓉区','五一大道368号友谊商店','','2025-04-15 13:53:16','2025-04-15 13:53:16'),(1270,'黄金之城地下停车场',112.9850720,28.1883260,'湖南省','长沙市','芙蓉区','建湘南路36号黄金之城','','2025-04-15 13:53:16','2025-04-15 13:53:16'),(1271,'湘泉大酒店地面停车场',112.9962980,28.1902740,'湖南省','长沙市','芙蓉区','韶山北路166号','','2025-04-15 13:53:16','2025-04-15 13:53:16'),(1272,'维一星城国际停车场',112.9968740,28.1873760,'湖南省','长沙市','芙蓉区','韶山北路218号(湖南省图书馆对面)','','2025-04-15 13:53:16','2025-04-15 13:53:16'),(1273,'长沙威斯顿国际酒店(长沙五一广场店)停车场',112.9809320,28.1876350,'湖南省','长沙市','芙蓉区','人民西路与蔡锷南路交叉口南20米','','2025-04-15 13:53:16','2025-04-15 13:53:16'),(1274,'华盛蓝色地标地下停车场',112.9832700,28.1917250,'湖南省','长沙市','芙蓉区','解放西路136号华盛蓝色地标','','2025-04-15 13:53:16','2025-04-15 13:53:16'),(1275,'赛格数码广场停车场',113.0103910,28.1938720,'湖南省','长沙市','芙蓉区','赛格数码广场(五一大道店)(长沙火车站地铁站1号口旁)','','2025-04-15 13:53:16','2025-04-15 13:53:16'),(1276,'长沙市中医医院东院停车场',113.0094390,28.1930690,'湖南省','长沙市','芙蓉区','五一大道39号长沙市中医医院东院','','2025-04-15 13:53:16','2025-04-15 13:53:16'),(1277,'咖啡之翼大厦停车场',112.9856990,28.1976580,'湖南省','长沙市','芙蓉区','芙蓉中路辅路与八一路辅路交叉口南60米','','2025-04-15 13:53:16','2025-04-15 13:53:16'),(1278,'湖南文化大厦地下停车场',112.9972220,28.1895460,'湖南省','长沙市','芙蓉区','韶山北路湖南大剧院(湖南图书馆北)','','2025-04-15 13:53:16','2025-04-15 13:53:16'),(1279,'亚大时代地下停车场',112.9948170,28.1951800,'湖南省','长沙市','芙蓉区','五一大道与乔庄巷交叉口东160米','','2025-04-15 13:53:16','2025-04-15 13:53:16'),(1280,'湖南省花鼓戏剧场停车场',113.0003520,28.1859840,'湖南省','长沙市','芙蓉区','人民中路321号湖南省花鼓戏剧院','','2025-04-15 13:53:16','2025-04-15 13:53:16'),(1281,'天心电子大厦东停车场',112.9964240,28.1928930,'湖南省','长沙市','芙蓉区','韶山北路辅路与向韶街交叉口西北80米','','2025-04-15 13:53:16','2025-04-15 13:53:16'),(1282,'芙蓉华天大酒店停车场',113.0029460,28.1949030,'湖南省','长沙市','芙蓉区','五一大道176号芙蓉华天大酒店','','2025-04-15 13:53:16','2025-04-15 13:53:16'),(1283,'丽枫酒店长沙五一广场袁家岭店地下停车场',112.9963330,28.1935460,'湖南省','长沙市','芙蓉区','韶山北路98号丽枫酒店(长沙五一广场袁家岭地铁站店)','','2025-04-15 13:53:16','2025-04-15 13:53:16'),(1284,'银星湾公园潇湘北路停车场',112.9429200,28.2835630,'湖南省','长沙市','望城区','银星湾公园内(南侧)','','2025-04-15 13:53:58','2025-04-15 13:53:58'),(1285,'长沙汉王陵停车场',112.9471480,28.2677180,'湖南省','长沙市','望城区','汉王陵公园地铁站1号口步行90米','','2025-04-15 13:53:58','2025-04-15 13:53:58'),(1286,'龙湖长沙月亮岛天街地下停车场',112.9285260,28.2868820,'湖南省','长沙市','望城区','银杉路1699号龙湖长沙月亮岛天街','','2025-04-15 13:53:58','2025-04-15 13:53:58'),(1287,'望城谷山体育公园网球场停车场',112.9112060,28.2753530,'湖南省','长沙市','望城区','金甲冲路谷山体育公园','','2025-04-15 13:53:58','2025-04-15 13:53:58'),(1288,'砂之船(长沙)奥特莱斯地下停车场',112.9200510,28.2898400,'湖南省','长沙市','望城区','金星北路砂之船(长沙)奥特莱斯(东北角)','','2025-04-15 13:53:58','2025-04-15 13:53:58'),(1289,'时代倾城2期地下停车场',112.9323630,28.2782200,'湖南省','长沙市','望城区','银杉路长沙玫瑰园时代·倾城二期','','2025-04-15 13:53:58','2025-04-15 13:53:58'),(1290,'银星湾公园南地面停车场',112.9539360,28.2751480,'湖南省','长沙市','望城区','银星湾公园','','2025-04-15 13:53:58','2025-04-15 13:53:58'),(1291,'时代倾城五期地下停车场',112.9314950,28.2745080,'湖南省','长沙市','望城区','长沙玫瑰园时代·倾城五期','','2025-04-15 13:53:58','2025-04-15 13:53:58'),(1292,'万科·滨河道地下停车场',112.9349250,28.2840370,'湖南省','长沙市','望城区','万科·滨河道(湘江新城地铁站4号口步行230米)','','2025-04-15 13:53:58','2025-04-15 13:53:58'),(1293,'乾源国际广场北停车场',112.9181490,28.2786170,'湖南省','长沙市','望城区','银星路与桑梓二路交叉口东120米','','2025-04-15 13:53:58','2025-04-15 13:53:58'),(1294,'望城谷山体育公园篮球专业馆停车场',112.9071890,28.2732020,'湖南省','长沙市','望城区','澳海路望城谷山体育公园(西南角)','','2025-04-15 13:53:58','2025-04-15 13:53:58'),(1295,'时代倾城2期停车场',112.9328700,28.2792110,'湖南省','长沙市','望城区','银杉路长沙玫瑰园时代·倾城二期','','2025-04-15 13:53:58','2025-04-15 13:53:58'),(1296,'砂之船(长沙)奥特莱斯北地面停车场',112.9179200,28.2890910,'湖南省','长沙市','望城区','金星北路三段378号长沙砂之船奥特莱斯','','2025-04-15 13:53:58','2025-04-15 13:53:58'),(1297,'乾源国际广场地下停车场',112.9208320,28.2786030,'湖南省','长沙市','望城区','银星路与金星北路辅路交叉口西南220米','','2025-04-15 13:53:58','2025-04-15 13:53:58'),(1298,'星巢PARK停车场',112.9218270,28.2787670,'湖南省','长沙市','望城区','银星路乾源国际广场','','2025-04-15 13:53:58','2025-04-15 13:53:58'),(1299,'玛丽的花园停车场',112.9223380,28.2825620,'湖南省','长沙市','望城区','金星北路辅路与金潇路交叉口东北约140米','','2025-04-15 13:53:58','2025-04-15 13:53:58'),(1300,'地面停车场',112.9210570,28.2813740,'湖南省','长沙市','望城区','金星北路与金潇路交叉口西南40米','','2025-04-15 13:53:58','2025-04-15 13:53:58'),(1301,'珠江东方明珠3期停车场',112.9171200,28.2764700,'湖南省','长沙市','望城区','梅园路与桑梓二路交叉口西南60米','','2025-04-15 13:53:58','2025-04-15 13:53:58'),(1302,'砂之船(长沙)奥特莱斯南地面停车场',112.9193570,28.2872780,'湖南省','长沙市','望城区','金星北路三段378号长沙砂之船奥特莱斯','','2025-04-15 13:53:58','2025-04-15 13:53:58'),(1303,'润和湘江天地A区西门停车场',112.9323830,28.2880120,'湖南省','长沙市','望城区','王家湾路与月亮岛路交叉口东南160米','','2025-04-15 13:53:58','2025-04-15 13:53:58'),(1304,'望城谷山体育公园综合馆停车场',112.9090220,28.2760760,'湖南省','长沙市','望城区','金澳路谷山体育公园','','2025-04-15 13:53:58','2025-04-15 13:53:58'),(1305,'润和星城-润和长郡5西门车库',112.9010980,28.2818350,'湖南省','长沙市','望城区','杨峰路与桑梓路交叉口南140米','','2025-04-15 13:53:58','2025-04-15 13:53:58'),(1306,'星巢PARK地下停车场',112.9232640,28.2779990,'湖南省','长沙市','望城区','梅园路与金星北路辅路交叉口西100米','','2025-04-15 13:53:58','2025-04-15 13:53:58'),(1307,'澳海·谷山府地下停车场',112.9057200,28.2720950,'湖南省','长沙市','望城区','澳海路59号澳海·谷山府','','2025-04-15 13:53:58','2025-04-15 13:53:58'),(1308,'润和星城-润和长郡5北门车库',112.9024610,28.2833030,'湖南省','长沙市','望城区','桑梓路与杨峰路交叉口东120米','','2025-04-15 13:53:58','2025-04-15 13:53:58'),(1309,'新华联梦想城停车场',112.9060050,28.2801390,'湖南省','长沙市','望城区','银星路与澳海路交叉口西220米','','2025-04-15 13:53:58','2025-04-15 13:53:58'),(1310,'润和·又一城二期地下停车场',112.9113050,28.2853210,'湖南省','长沙市','望城区','润和·又一城二期','','2025-04-15 13:53:58','2025-04-15 13:53:58'),(1311,'润和·山水郡地下停车场',112.8863770,28.2648020,'湖南省','长沙市','望城区','润和·山水郡','','2025-04-15 13:53:58','2025-04-15 13:53:58'),(1312,'新华联梦想城地下停车场',112.9059520,28.2812330,'湖南省','长沙市','望城区','黄金大道与银星路交叉口东260米','','2025-04-15 13:53:58','2025-04-15 13:53:58'),(1313,'小鳖大院(月亮岛店)地面停车场',112.9009740,28.2643210,'湖南省','长沙市','望城区','戴公庙村金甲冲尾小鳖大院(月亮岛店)','','2025-04-15 13:53:58','2025-04-15 13:53:58'),(1314,'新华联梦想城停车场(金甲冲路)',112.9086070,28.2832320,'湖南省','长沙市','望城区','金甲冲路216号','','2025-04-15 13:53:58','2025-04-15 13:53:58'),(1315,'吾悦广场长沙望城店地下停车场',112.8774850,28.2772190,'湖南省','长沙市','望城区','吾悦广场(长沙湘江新区店)','','2025-04-15 13:53:58','2025-04-15 13:53:58'),(1316,'星澜之悦地下停车场',112.9104290,28.2883440,'湖南省','长沙市','望城区','金甲冲路与月亮岛路交叉口西北160米','','2025-04-15 13:53:58','2025-04-15 13:53:58'),(1317,'停车场',112.9494310,28.2809910,'湖南省','长沙市','望城区','潇湘北路辅路与银江路交叉口东360米','','2025-04-15 13:53:58','2025-04-15 13:53:58'),(1318,'中粮鸿云七期9栋停车场',112.8765410,28.2652110,'湖南省','长沙市','望城区','长沙中粮观澜壹品东南侧230米','','2025-04-15 13:53:58','2025-04-15 13:53:58'),(1319,'樟木路-道路停车位',112.9230060,28.2855620,'湖南省','长沙市','望城区','樟木路与金潇路交叉口西北120米','','2025-04-15 13:53:58','2025-04-15 13:53:58'),(1320,'润和·紫郡南停车场',112.9024140,28.2867220,'湖南省','长沙市','望城区','黄金东路西100米润和紫郡','','2025-04-15 13:53:58','2025-04-15 13:53:58'),(1321,'长燃新奥佳园停车场',112.9260960,28.2968330,'湖南省','长沙市','望城区','普瑞大道与汪家湾路交叉口东北80米','','2025-04-15 13:53:58','2025-04-15 13:53:58'),(1322,'银星湾公园-停车场',112.9397430,28.2868100,'湖南省','长沙市','望城区','银星东路与潇湘北大道(东线)交叉口西南120米','','2025-04-15 13:53:58','2025-04-15 13:53:58'),(1323,'岳麓峰景商业街停车场',112.8654590,28.2555730,'湖南省','长沙市','望城区','黄金西路荣盛岳麓峰景','','2025-04-15 13:53:58','2025-04-15 13:53:58'),(1324,'康乃馨医院停车场',112.8839470,28.2787360,'湖南省','长沙市','望城区','银星路长沙康乃馨老年病医院','','2025-04-15 13:53:58','2025-04-15 13:53:58'),(1325,'润和彩虹MALL地下停车场',112.9033450,28.2931820,'湖南省','长沙市','望城区','普瑞大道与黄金大道交叉口西180米','','2025-04-15 13:53:58','2025-04-15 13:53:58'),(1326,'嘉宇西苑停车场',112.9318100,28.2841300,'湖南省','长沙市','望城区','银杉北路与银星东路交叉口西北320米','','2025-04-15 13:53:58','2025-04-15 13:53:58'),(1327,'湖南省交通规划勘察设计院有限公司停车场',112.9071570,28.2872470,'湖南省','长沙市','望城区','月亮岛路一段598号湖南省交通规划勘察设计院有限公司','','2025-04-15 13:53:58','2025-04-15 13:53:58'),(1328,'康桥悦城售楼中心地面停车场',112.9273260,28.2802140,'湖南省','长沙市','望城区','月亮岛街道盛腾路33号康桥悦城售楼中心','','2025-04-15 13:53:58','2025-04-15 13:53:58'),(1329,'金色阳光家园地下停车场',112.9212590,28.2840620,'湖南省','长沙市','望城区','月亮岛街道金星北路金色阳光家园','','2025-04-15 13:53:58','2025-04-15 13:53:58'),(1330,'廷泊酒店停车场',112.9167150,28.2856530,'湖南省','长沙市','望城区','金星北路396号','','2025-04-15 13:53:58','2025-04-15 13:53:58'),(1331,'澳海澜庭停车场',112.9041000,28.2798520,'湖南省','长沙市','望城区','银星路与黄金大道交叉口东80米','','2025-04-15 13:53:58','2025-04-15 13:53:58'),(1332,'金富·江山院营销中心停车场',112.9039910,28.2828100,'湖南省','长沙市','望城区','桑梓路25号','','2025-04-15 13:53:58','2025-04-15 13:53:58'),(1333,'时代倾城南停车场',112.9300420,28.2776090,'湖南省','长沙市','望城区','玫园路与银星路交叉口东南280米','','2025-04-15 13:53:58','2025-04-15 13:53:58'),(1334,'长沙万泰国际停车场',112.9178490,28.2856660,'湖南省','长沙市','望城区','金星北路388号万泰国际广场','','2025-04-15 13:54:28','2025-04-15 13:54:28'),(1335,'乾源国际广场南停车场',112.9196920,28.2772310,'湖南省','长沙市','望城区','梅园路与桑梓二路交叉口东220米','','2025-04-15 13:54:28','2025-04-15 13:54:28'),(1336,'润和星城·润和美郡地面停车场',112.9007270,28.2813320,'湖南省','长沙市','望城区','润和星城·润和美郡','','2025-04-15 13:54:28','2025-04-15 13:54:28'),(1337,'谷山体育馆西侧停车场',112.9084100,28.2756860,'湖南省','长沙市','望城区','金澳路谷山体育公园','','2025-04-15 13:54:28','2025-04-15 13:54:28'),(1338,'天恒生活广场停车场',112.9159450,28.2939010,'湖南省','长沙市','望城区','金星北路与普瑞大道交汇处399号天恒超市(普瑞大道店)','','2025-04-15 13:54:28','2025-04-15 13:54:28'),(1339,'地面停车场',112.9265770,28.2794370,'湖南省','长沙市','望城区','银星路与盛腾路交叉口西60米','','2025-04-15 13:54:28','2025-04-15 13:54:28'),(1340,'三润城地下停车场',112.9005770,28.2869530,'湖南省','长沙市','望城区','月亮岛路与杨峰路交叉口北60米','','2025-04-15 13:54:28','2025-04-15 13:54:28'),(1341,'太阳城地下停车场',112.9228270,28.2980610,'湖南省','长沙市','望城区','太阳城(罐子岭地铁站2号口步行430米)','','2025-04-15 13:54:28','2025-04-15 13:54:28'),(1342,'万泰国际写字楼停车场',112.9179160,28.2856140,'湖南省','长沙市','望城区','桑梓路与金星北路辅路交叉口西40米','','2025-04-15 13:54:28','2025-04-15 13:54:28'),(1343,'好又多购物广场富基店地面停车场',112.8968850,28.2940200,'湖南省','长沙市','望城区','好又多(普瑞大道店)','','2025-04-15 13:54:28','2025-04-15 13:54:28'),(1344,'时代汀蓝营销中心地面停车场',112.9269470,28.2753990,'湖南省','长沙市','望城区','时代汀蓝营销中心','','2025-04-15 13:54:28','2025-04-15 13:54:28'),(1345,'停车场(长沙玫瑰园南)',112.9273420,28.2737810,'湖南省','长沙市','望城区','金星北路221号山与墅','','2025-04-15 13:54:28','2025-04-15 13:54:28'),(1346,'润和·谷山郡地下停车场',112.8844330,28.2582660,'湖南省','长沙市','望城区','雷锋大道769号润和·谷山郡','','2025-04-15 13:54:28','2025-04-15 13:54:28'),(1347,'停车场(南山·苏迪亚诺北)',112.9189270,28.2925970,'湖南省','长沙市','望城区','金星北路辅路与普瑞东路交叉口东南320米','','2025-04-15 13:54:28','2025-04-15 13:54:28'),(1348,'地下停车场',112.9203610,28.2954130,'湖南省','长沙市','望城区','普瑞东路勤诚达·新界(罐子岭地铁站2号口步行290米)','','2025-04-15 13:54:28','2025-04-15 13:54:28'),(1349,'月亮岛停车场',112.9316760,28.3039080,'湖南省','长沙市','望城区','湘江西岸','','2025-04-15 13:54:28','2025-04-15 13:54:28'),(1350,'停车场',112.9263080,28.2948780,'湖南省','长沙市','望城区','汪家湾路与普瑞大道辅路交叉口东南180米','','2025-04-15 13:54:28','2025-04-15 13:54:28'),(1351,'长沙新奥燃气总部办公楼地下停车场',112.9303430,28.2977230,'湖南省','长沙市','望城区','大泽湖街道长沙新奥燃气总部办公楼','','2025-04-15 13:54:28','2025-04-15 13:54:28'),(1352,'八家寨生态农庄(正门)地面停车场',112.8935480,28.2770370,'湖南省','长沙市','望城区','八角寨农家','','2025-04-15 13:54:28','2025-04-15 13:54:28'),(1353,'地面停车场',112.9270850,28.2881140,'湖南省','长沙市','望城区','月亮岛路与盛腾路交叉口东北100米','','2025-04-15 13:54:28','2025-04-15 13:54:28'),(1354,'润和长郡停车场',112.9026910,28.2836610,'湖南省','长沙市','望城区','桑梓路润和星城润和长郡-2期','','2025-04-15 13:54:28','2025-04-15 13:54:28'),(1355,'太阳城商业停车场',112.9249010,28.2969070,'湖南省','长沙市','望城区','普瑞东路8号','','2025-04-15 13:54:28','2025-04-15 13:54:28'),(1356,'地面停车场',112.9151540,28.3030190,'湖南省','长沙市','望城区','金星北路浩龙音乐界','','2025-04-15 13:54:28','2025-04-15 13:54:28'),(1357,'长沙康乃馨老年病医院停车场',112.8839340,28.2787240,'湖南省','长沙市','望城区','银星路与新巷南路交叉口东60米','','2025-04-15 13:54:28','2025-04-15 13:54:28'),(1358,'悦禧·国际停车场',112.8836060,28.2597250,'湖南省','长沙市','望城区','来齐中医诊所西北侧50米','','2025-04-15 13:54:28','2025-04-15 13:54:28'),(1359,'停车场',112.9097100,28.2797980,'湖南省','长沙市','望城区','银星路与澳海路交叉口东140米','','2025-04-15 13:54:28','2025-04-15 13:54:28'),(1360,'龙湖·湘凤原著B1区停车场',112.9098390,28.2787520,'湖南省','长沙市','望城区','银星路与金甲冲路交叉口西140米','','2025-04-15 13:54:28','2025-04-15 13:54:28'),(1361,'三润城东南停车场',112.9004520,28.2866990,'湖南省','长沙市','望城区','月亮岛路与杨峰路交叉口西北40米','','2025-04-15 13:54:28','2025-04-15 13:54:28'),(1362,'长沙万泰国际地下停车场',112.9170710,28.2856310,'湖南省','长沙市','望城区','金星北路388号万泰国际广场','','2025-04-15 13:54:28','2025-04-15 13:54:28'),(1363,'名家·翡翠花园停车场',112.9229940,28.2802540,'湖南省','长沙市','望城区','金星北路辅路与银星路交叉口东北80米','','2025-04-15 13:54:28','2025-04-15 13:54:28'),(1364,'润和之悦停车场',112.9053910,28.2927080,'湖南省','长沙市','望城区','润和之悦','','2025-04-15 13:54:28','2025-04-15 13:54:28'),(1365,'味立方鱼塘院子地面停车场',112.8948510,28.2925740,'湖南省','长沙市','望城区','鱼塘院子','','2025-04-15 13:54:28','2025-04-15 13:54:28'),(1366,'长沙望城月亮岛天恒购物广场停车场',112.9160450,28.2939620,'湖南省','长沙市','望城区','金星北路辅路与普瑞东路交叉口西南120米','','2025-04-15 13:54:28','2025-04-15 13:54:28'),(1367,'月亮岛装饰材料城地面停车场',112.9020950,28.2800710,'湖南省','长沙市','望城区','月亮岛装饰材料城','','2025-04-15 13:54:28','2025-04-15 13:54:28'),(1368,'润和·紫郡北停车场',112.9051040,28.2913240,'湖南省','长沙市','望城区','黄金东路西100米润和紫郡','','2025-04-15 13:54:28','2025-04-15 13:54:28'),(1369,'月亮岛路-道路停车位',112.9253480,28.2875670,'湖南省','长沙市','望城区','月亮岛路与盛腾路交叉口西80米','','2025-04-15 13:54:28','2025-04-15 13:54:28'),(1370,'心悦湾公寓酒店地面停车点',112.9046270,28.2797820,'湖南省','长沙市','望城区','银星路与黄金大道交汇处澳海澜庭商务楼15层1509号心悦湾民宿','','2025-04-15 13:54:28','2025-04-15 13:54:28'),(1371,'月亮岛星空露营公园北门停车场',112.9340360,28.3021270,'湖南省','长沙市','望城区','月亮岛(西北角)月亮岛星空露营公园(东北角)','','2025-04-15 13:54:28','2025-04-15 13:54:28'),(1372,'大汉无忧星城实验二小停车场',112.9246210,28.2926710,'湖南省','长沙市','望城区','银杉路与星峰路交叉口西北200米','','2025-04-15 13:54:28','2025-04-15 13:54:28'),(1373,'停车场',112.9053860,28.2796020,'湖南省','长沙市','望城区','银星路与黄金大道交叉口东200米','','2025-04-15 13:54:28','2025-04-15 13:54:28'),(1374,'时代倾城北停车场',112.9290700,28.2795860,'湖南省','长沙市','望城区','银星路与玫园路交叉口东60米','','2025-04-15 13:54:28','2025-04-15 13:54:28'),(1375,'润和·紫郡地下停车场',112.9048270,28.2909040,'湖南省','长沙市','望城区','黄金大道润和·紫郡','','2025-04-15 13:54:28','2025-04-15 13:54:28'),(1376,'停车场',112.9121190,28.2790670,'湖南省','长沙市','望城区','银星路与金甲冲路交叉口东80米','','2025-04-15 13:54:28','2025-04-15 13:54:28'),(1377,'莫林酒店长沙望城区月亮岛店停车场',112.8932100,28.2867510,'湖南省','长沙市','望城区','月亮岛路','','2025-04-15 13:54:28','2025-04-15 13:54:28'),(1378,'三润和苑停车场',112.8955570,28.2912800,'湖南省','长沙市','望城区','谷山路','','2025-04-15 13:54:28','2025-04-15 13:54:28'),(1379,'停车场(时代倾城北)',112.9247000,28.2770030,'湖南省','长沙市','望城区','金星北路辅路与梅园路交叉口东南100米','','2025-04-15 13:54:28','2025-04-15 13:54:28'),(1380,'地面停车场',112.9179760,28.2924960,'湖南省','长沙市','望城区','金星北路辅路与普瑞东路交叉口东南280米','','2025-04-15 13:54:28','2025-04-15 13:54:28'),(1381,'三润城北停车场',112.8968760,28.2882390,'湖南省','长沙市','望城区','谷山路与月亮岛路交叉口北200米','','2025-04-15 13:54:28','2025-04-15 13:54:28'),(1382,'长沙市第四医院滨水新城院区地下停车场',112.9150170,28.3065530,'湖南省','长沙市','望城区','金星北路4段200号长沙市第四医院(滨水新城院区)','','2025-04-15 13:54:28','2025-04-15 13:54:28'),(1383,'时代倾城地下停车场(暂停营业)',112.9320320,28.2782640,'湖南省','长沙市','望城区','博士路时代倾城-一期','','2025-04-15 13:54:28','2025-04-15 13:54:28'),(1384,'三润城西南停车场',112.8982650,28.2866730,'湖南省','长沙市','望城区','月亮岛路与谷山路交叉口东140米','','2025-04-15 13:54:51','2025-04-15 13:54:51'),(1385,'月亮岛路-道路停车位',112.9318210,28.2895810,'湖南省','长沙市','望城区','月亮岛路与王家湾路交叉口东北80米','','2025-04-15 13:54:51','2025-04-15 13:54:51'),(1386,'璞园农庄地面停车场',112.8909410,28.2843970,'湖南省','长沙市','望城区','长润路与桑梓西路交叉口西北220米','','2025-04-15 13:54:51','2025-04-15 13:54:51'),(1387,'仁安医院停车场',112.9049640,28.2941040,'湖南省','长沙市','望城区','仁安中医康复医院','','2025-04-15 13:54:51','2025-04-15 13:54:51'),(1388,'天恒生活广场地下停车场',112.9162010,28.2939170,'湖南省','长沙市','望城区','金星北路与普瑞大道交汇处399号天恒超市(普瑞大道店)','','2025-04-15 13:54:51','2025-04-15 13:54:51'),(1389,'国际花都停车场',112.8773490,28.2774850,'湖南省','长沙市','望城区','雷锋大道988号新城·国际花都','','2025-04-15 13:54:51','2025-04-15 13:54:51'),(1390,'地面停车场',112.9007140,28.2820790,'湖南省','长沙市','望城区','杨峰路与桑梓路交叉口南140米','','2025-04-15 13:54:51','2025-04-15 13:54:51'),(1391,'长沙市第四医院滨水新城院区地面停车场',112.9116720,28.3081970,'湖南省','长沙市','望城区','金星北路4段200号长沙市第四医院(滨水新城院区)','','2025-04-15 13:54:51','2025-04-15 13:54:51'),(1392,'地下停车场',112.9265460,28.2880300,'湖南省','长沙市','望城区','月亮岛路与盛腾路交叉口东北60米','','2025-04-15 13:54:51','2025-04-15 13:54:51'),(1393,'停车场',112.9133210,28.2865440,'湖南省','长沙市','望城区','月亮岛路与桑梓二路交叉口西南60米','','2025-04-15 13:54:51','2025-04-15 13:54:51'),(1394,'富基世纪公园停车场',112.8987180,28.2966750,'湖南省','长沙市','望城区','普瑞大道二段888号富基世纪公园','','2025-04-15 13:54:51','2025-04-15 13:54:51'),(1395,'宁儿妇产医院停车场',112.8502760,28.1986620,'湖南省','长沙市','望城区','枫林三路1389号长沙宁儿妇产医院','','2025-04-15 13:54:51','2025-04-15 13:54:51'),(1396,'润和之悦内部地下停车场',112.9060760,28.2930410,'湖南省','长沙市','望城区','润和之悦','','2025-04-15 13:54:51','2025-04-15 13:54:51'),(1397,'地面停车场',112.9465310,28.2717820,'湖南省','长沙市','望城区','北二环入口与北二环交叉口西北500米','','2025-04-15 13:54:51','2025-04-15 13:54:51'),(1398,'长沙芙瑞商务酒店地面停车点',112.8717430,28.2560260,'湖南省','长沙市','望城区','芙瑞商务酒店','','2025-04-15 13:54:51','2025-04-15 13:54:51'),(1399,'金地三千府联排二号车库',112.8715940,28.2739140,'湖南省','长沙市','望城区','金地·三千府','','2025-04-15 13:54:51','2025-04-15 13:54:51'),(1400,'泊然酒店(长沙月亮岛店)地面停车点',112.9064260,28.2981970,'湖南省','长沙市','望城区','泊然酒店(长沙望城金星北路店)','','2025-04-15 13:54:51','2025-04-15 13:54:51'),(1401,'月亮岛派出所户政大厅停车场',112.8983410,28.2922950,'湖南省','长沙市','望城区','月亮岛派出所户政大厅','','2025-04-15 13:54:51','2025-04-15 13:54:51'),(1402,'金甲冲路-道路停车位',112.9113840,28.2759350,'湖南省','长沙市','望城区','金甲冲路与金澳路交叉口南20米','','2025-04-15 13:54:51','2025-04-15 13:54:51'),(1403,'普瑞酒店停车场',112.8872070,28.2931910,'湖南省','长沙市','望城区','普瑞大道8号普瑞温泉酒店','','2025-04-15 13:54:51','2025-04-15 13:54:51'),(1404,'雷锋大道-道路停车位',112.8804190,28.2663570,'湖南省','长沙市','望城区','彩霞路与金坪路交叉口西南360米','','2025-04-15 13:54:51','2025-04-15 13:54:51'),(1405,'铂玥酒店地面停车点',112.9147180,28.2985240,'湖南省','长沙市','望城区','月亮岛街道金星北路89号铂玥酒店(长沙月亮岛罐子岭地铁站店)','','2025-04-15 13:54:51','2025-04-15 13:54:51'),(1406,'雷锋大道-道路停车位',112.8791630,28.2699990,'湖南省','长沙市','望城区','中粮·北纬28度东北(雷锋大道东)','','2025-04-15 13:54:51','2025-04-15 13:54:51'),(1407,'停车场(金地亚西)',112.8656920,28.2503690,'湖南省','长沙市','望城区','东方红路与立新路交叉口北300米','','2025-04-15 13:54:51','2025-04-15 13:54:51'),(1408,'谷山体育馆东侧停车场',112.9111530,28.2753350,'湖南省','长沙市','望城区','金甲冲路与金澳路交叉口南100米','','2025-04-15 13:54:51','2025-04-15 13:54:51'),(1409,'停车场(澳海路)',112.9084160,28.2769810,'湖南省','长沙市','望城区','澳海路金富星城','','2025-04-15 13:54:51','2025-04-15 13:54:51'),(1410,'地面停车场',112.9300620,28.2823540,'湖南省','长沙市','望城区','银杉路与银星路交叉口西360米','','2025-04-15 13:54:51','2025-04-15 13:54:51'),(1411,'停车场(澳海澜庭东)',112.9065210,28.2796880,'湖南省','长沙市','望城区','银星路与澳海路交叉口西160米','','2025-04-15 13:54:51','2025-04-15 13:54:51'),(1412,'地面停车场',112.9325680,28.2830870,'湖南省','长沙市','望城区','银杉北路与银星东路交叉口西北180米','','2025-04-15 13:54:51','2025-04-15 13:54:51'),(1413,'金甲冲路-道路停车位',112.9113530,28.2804030,'湖南省','长沙市','望城区','银星路与金甲冲路交叉口北80米','','2025-04-15 13:54:51','2025-04-15 13:54:51'),(1414,'地面停车场',112.9019150,28.2832480,'湖南省','长沙市','望城区','桑梓路与杨峰路交叉口东120米','','2025-04-15 13:54:51','2025-04-15 13:54:51'),(1415,'地面停车场',112.9118540,28.2943620,'湖南省','长沙市','望城区','江山韵','','2025-04-15 13:54:51','2025-04-15 13:54:51'),(1416,'地面停车场',112.9244060,28.2795930,'湖南省','长沙市','望城区','银星路与金星北路交叉口东120米','','2025-04-15 13:54:51','2025-04-15 13:54:51'),(1417,'地面停车场',112.8951950,28.2864800,'湖南省','长沙市','望城区','月亮岛路与谷山路交叉口西120米','','2025-04-15 13:54:51','2025-04-15 13:54:51'),(1418,'地面停车场',112.9255030,28.2760910,'湖南省','长沙市','望城区','金星北路辅路与梅园路交叉口东南240米','','2025-04-15 13:54:51','2025-04-15 13:54:51'),(1419,'停车场(月亮岛路)',112.9148480,28.2866040,'湖南省','长沙市','望城区','月亮岛路南50米','','2025-04-15 13:54:51','2025-04-15 13:54:51'),(1420,'金甲冲路-道路停车位',112.9113110,28.2770180,'湖南省','长沙市','望城区','金甲冲路s4-111号附近','','2025-04-15 13:54:51','2025-04-15 13:54:51'),(1421,'停车场(暂停营业)',112.9339920,28.3002480,'湖南省','长沙市','望城区','圆月北路与圆月路交叉口西100米','','2025-04-15 13:54:51','2025-04-15 13:54:51'),(1422,'道路停车位',112.9438340,28.2719930,'湖南省','长沙市','望城区','银杉路辅路与银晟路交叉口东南420米','','2025-04-15 13:54:51','2025-04-15 13:54:51'),(1423,'地面停车场',112.9025060,28.2834960,'湖南省','长沙市','望城区','桑梓路与黄金大道交叉口西100米','','2025-04-15 13:54:51','2025-04-15 13:54:51'),(1424,'蓝宝石体育馆停车场',112.8962500,28.2940110,'湖南省','长沙市','望城区','普瑞东路蓝宝石体育馆','','2025-04-15 13:54:51','2025-04-15 13:54:51'),(1425,'长沙芒果·艺栈影院酒店地面停车点',112.9274180,28.2740830,'湖南省','长沙市','望城区','长沙芒果·艺栈影院酒店','','2025-04-15 13:54:51','2025-04-15 13:54:51'),(1426,'黄金西路-道路停车位',112.8573300,28.2535810,'湖南省','长沙市','望城区','黄金西路与金塘路交叉口西180米','','2025-04-15 13:54:51','2025-04-15 13:54:51'),(1427,'地面停车场',112.8837260,28.2735150,'湖南省','长沙市','望城区','金圆路与新巷南路交叉口西120米','','2025-04-15 13:54:51','2025-04-15 13:54:51'),(1428,'道路停车位',112.8874190,28.2794230,'湖南省','长沙市','望城区','银星路与永通大道交叉口西100米','','2025-04-15 13:54:51','2025-04-15 13:54:51'),(1429,'黄金西路-道路停车位',112.8564720,28.2536550,'湖南省','长沙市','望城区','未知详细地址','','2025-04-15 13:54:51','2025-04-15 13:54:51'),(1430,'地面停车场',112.9155830,28.2849320,'湖南省','长沙市','望城区','桑梓二路与月亮岛路交叉口东南240米','','2025-04-15 13:54:51','2025-04-15 13:54:51'),(1431,'澳海路-道路停车位',112.9082410,28.2781380,'湖南省','长沙市','望城区','澳海路与银星路交叉口南160米','','2025-04-15 13:54:51','2025-04-15 13:54:51'),(1432,'地面停车场',112.8711670,28.2586690,'湖南省','长沙市','望城区','长望路与龙湖路交叉口东北100米','','2025-04-15 13:54:51','2025-04-15 13:54:51'),(1433,'地面停车场',112.9169890,28.2795300,'湖南省','长沙市','望城区','桑梓二路与银星路交叉口北20米','','2025-04-15 13:54:51','2025-04-15 13:54:51'),(1434,'停车场(天鹅堡西)',112.9166830,28.2955060,'湖南省','长沙市','望城区','高塘岭街道金星北路399号附近','','2025-04-15 13:55:19','2025-04-15 13:55:19'),(1435,'长沙新奥燃气总部办公楼停车场',112.9301530,28.2979040,'湖南省','长沙市','望城区','大泽湖街道长沙新奥燃气总部办公楼','','2025-04-15 13:55:19','2025-04-15 13:55:19'),(1436,'停车场(西城路)(暂停营业)',112.9144730,28.2951470,'湖南省','长沙市','望城区','西城路与普瑞大道交叉口东北40米','','2025-04-15 13:55:19','2025-04-15 13:55:19'),(1437,'地面停车场',112.9126530,28.2796940,'湖南省','长沙市','望城区','银星路与金甲冲路交叉口东140米','','2025-04-15 13:55:19','2025-04-15 13:55:19'),(1438,'雷锋大道-道路停车位',112.8763170,28.2762370,'湖南省','长沙市','望城区','雷锋大道与银星路交叉口南160米','','2025-04-15 13:55:19','2025-04-15 13:55:19'),(1439,'中华岭农贸市场停车场',112.9067900,28.2954620,'湖南省','长沙市','望城区','普瑞大道与黄金大道交叉口东北240米','','2025-04-15 13:55:19','2025-04-15 13:55:19'),(1440,'停车场',112.9054780,28.2898830,'湖南省','长沙市','望城区','黄金大道与月亮岛路交叉口北360米','','2025-04-15 13:55:19','2025-04-15 13:55:19'),(1441,'星月公园地面停车场',112.9149290,28.2954110,'湖南省','长沙市','望城区','星月公园','','2025-04-15 13:55:19','2025-04-15 13:55:19'),(1442,'黄金西路-道路停车位',112.8579000,28.2535320,'湖南省','长沙市','望城区','黄金西路与金塘路交叉口西120米','','2025-04-15 13:55:19','2025-04-15 13:55:19'),(1443,'黄金西路-道路停车位',112.8768510,28.2611350,'湖南省','长沙市','望城区','黄金西路与香园路交叉口东240米','','2025-04-15 13:55:19','2025-04-15 13:55:19'),(1444,'长高·圆梦佳苑-地下一层停车场',112.9163450,28.2898980,'湖南省','长沙市','望城区','金星北路辅路与月亮岛路交叉口西北300米','','2025-04-15 13:55:19','2025-04-15 13:55:19'),(1445,'长沙顺银宾馆地面停车点',112.9322610,28.2809980,'湖南省','长沙市','望城区','月亮岛街道星城镇月亮岛社区湘江重建地C02栋19号长沙顺银宾馆','','2025-04-15 13:55:19','2025-04-15 13:55:19'),(1446,'龙湖·璟宸原著A区停车场',112.9144320,28.2731400,'湖南省','长沙市','望城区','银星路555号龙湖·璟宸原著A区','','2025-04-15 13:55:19','2025-04-15 13:55:19'),(1447,'银星路-路侧停车位',112.9159910,28.2793840,'湖南省','长沙市','望城区','银星路附近','','2025-04-15 13:55:19','2025-04-15 13:55:19'),(1448,'润和瑞玺台营销中心停车场',112.8838660,28.2936320,'湖南省','长沙市','望城区','普瑞大道171号','','2025-04-15 13:55:19','2025-04-15 13:55:19'),(1449,'地下停车场',112.9285470,28.2938500,'湖南省','长沙市','望城区','星峰路与潇湘北路辅路交叉口西160米','','2025-04-15 13:55:19','2025-04-15 13:55:19'),(1450,'长沙瑞和酒店停车场',112.9167800,28.2956500,'湖南省','长沙市','望城区','金星北路与普瑞东路交叉口北60米','','2025-04-15 13:55:19','2025-04-15 13:55:19'),(1451,'雷锋大道-道路停车位',112.8838060,28.2569560,'湖南省','长沙市','望城区','金泽车检东北侧130米','','2025-04-15 13:55:19','2025-04-15 13:55:19'),(1452,'道路停车位',112.9168820,28.2827010,'湖南省','长沙市','望城区','桑梓路与金星北路辅路交叉口西南340米','','2025-04-15 13:55:19','2025-04-15 13:55:19'),(1453,'停车场',112.9026090,28.2725940,'湖南省','长沙市','望城区','黄金大道与澳海路交叉口西南80米','','2025-04-15 13:55:19','2025-04-15 13:55:19'),(1454,'地面停车场',112.9108540,28.2940700,'湖南省','长沙市','望城区','金甲冲路与普瑞大道交叉口西南40米','','2025-04-15 13:55:19','2025-04-15 13:55:19'),(1455,'地面停车场',112.9289340,28.2957770,'湖南省','长沙市','望城区','潇湘北路与普瑞大道交叉口南100米','','2025-04-15 13:55:19','2025-04-15 13:55:19'),(1456,'地面停车场',112.9048940,28.2730560,'湖南省','长沙市','望城区','澳海路与黄金大道交叉口东180米','','2025-04-15 13:55:19','2025-04-15 13:55:19'),(1457,'月亮岛南停车场',112.9367450,28.2951500,'湖南省','长沙市','望城区','湘江西岸','','2025-04-15 13:55:19','2025-04-15 13:55:19'),(1458,'道路停车位',112.9127010,28.2966120,'湖南省','长沙市','望城区','西城路与义西巷交叉口西北180米','','2025-04-15 13:55:19','2025-04-15 13:55:19'),(1459,'澳海路-道路停车位',112.9080150,28.2756760,'湖南省','长沙市','望城区','澳海路与金澳路交叉口南60米','','2025-04-15 13:55:19','2025-04-15 13:55:19'),(1460,'地下停车场',112.8838240,28.2737710,'湖南省','长沙市','望城区','金圆路与新巷南路交叉口西120米','','2025-04-15 13:55:19','2025-04-15 13:55:19'),(1461,'停车场(金圆路)',112.8768920,28.2738540,'湖南省','长沙市','望城区','雷锋大道与金圆路交叉口西北60米','','2025-04-15 13:55:19','2025-04-15 13:55:19'),(1462,'月泮湾庭院餐厅地面停车场',112.8960120,28.2989360,'湖南省','长沙市','望城区','星月路与谷山路交叉口西20米','','2025-04-15 13:55:19','2025-04-15 13:55:19'),(1463,'雷锋大道-道路停车位',112.8836980,28.2569740,'湖南省','长沙市','望城区','金泽车检北侧130米','','2025-04-15 13:55:19','2025-04-15 13:55:19'),(1464,'停车场',112.8957380,28.2932200,'湖南省','长沙市','望城区','谷山路与普瑞大道交叉口南80米','','2025-04-15 13:55:19','2025-04-15 13:55:19'),(1465,'湖南雷锋纪念馆停车场(装修中)',112.8443470,28.2027130,'湖南省','长沙市','望城区','雷锋街道黄花塘','','2025-04-15 13:55:19','2025-04-15 13:55:19'),(1466,'洗心禅寺停车点',112.8582960,28.2797660,'湖南省','长沙市','望城区','洗心路洗心禅寺','','2025-04-15 13:55:19','2025-04-15 13:55:19'),(1467,'普瑞酒店地下停车场',112.8874450,28.2926090,'湖南省','长沙市','望城区','普瑞大道与永通大道交叉口西500米','','2025-04-15 13:55:19','2025-04-15 13:55:19'),(1468,'国家税务总局湖南湘江新区税务局莲花税务所停车场',112.8526450,28.2008710,'湖南省','长沙市','望城区','清泉路与枫林三路交叉口北80米','','2025-04-15 13:55:19','2025-04-15 13:55:19'),(1469,'雷锋大道-道路停车位',112.8769870,28.2747160,'湖南省','长沙市','望城区','雷锋大道与金圆路交叉口北140米','','2025-04-15 13:55:19','2025-04-15 13:55:19'),(1470,'华瑞酒店(长沙医学院普瑞大道店)地面停车场',112.8901520,28.2944940,'湖南省','长沙市','望城区','普瑞大道8号华瑞酒店(长沙医学院普瑞大道店)','','2025-04-15 13:55:19','2025-04-15 13:55:19'),(1471,'山水英伦海德广场停车场',112.8503050,28.2007720,'湖南省','长沙市','望城区','山水英伦海德广场','','2025-04-15 13:55:19','2025-04-15 13:55:19'),(1472,'地面停车场',112.8643980,28.2548730,'湖南省','长沙市','望城区','长望路与东方红路交叉口东北140米','','2025-04-15 13:55:19','2025-04-15 13:55:19'),(1473,'地面停车场',112.8660450,28.2497410,'湖南省','长沙市','望城区','东方红路与立新路交叉口北220米','','2025-04-15 13:55:19','2025-04-15 13:55:19'),(1474,'停车场',112.9021660,28.2937430,'湖南省','长沙市','望城区','普瑞大道北30米','','2025-04-15 13:55:19','2025-04-15 13:55:19'),(1475,'停车场',112.8730590,28.2598590,'湖南省','长沙市','望城区','黄金西路与景明道交叉口东北60米','','2025-04-15 13:55:19','2025-04-15 13:55:19'),(1476,'地面停车场',112.8711290,28.2580850,'湖南省','长沙市','望城区','长望路与龙湖路交叉口东80米','','2025-04-15 13:55:19','2025-04-15 13:55:19'),(1477,'地面停车场',112.8632810,28.2644310,'湖南省','长沙市','望城区','未知详细地址','','2025-04-15 13:55:19','2025-04-15 13:55:19'),(1478,'地下停车场',112.8627200,28.2644090,'湖南省','长沙市','望城区','未知详细地址','','2025-04-15 13:55:19','2025-04-15 13:55:19'),(1479,'云科智谷停车场',112.8733970,28.2905420,'湖南省','长沙市','望城区','普瑞西路105号','','2025-04-15 13:55:19','2025-04-15 13:55:19'),(1480,'怡莱酒店(长沙枫林三路店)停车点',112.8533200,28.2002730,'湖南省','长沙市','望城区','枫林三路1218号怡莱酒店(长沙梅溪新天地枫林三路店)','','2025-04-15 13:55:19','2025-04-15 13:55:19'),(1481,'长沙医学院附属第一医院停车场',112.8757020,28.2948790,'湖南省','长沙市','望城区','长沙医学院附属第一医院','','2025-04-15 13:55:19','2025-04-15 13:55:19'),(1482,'松柏路-道路停车位',112.8538940,28.1938280,'湖南省','长沙市','望城区','松柏路与铃兰路交叉口东南400米','','2025-04-15 13:55:19','2025-04-15 13:55:19'),(1483,'华城商厦停车场',112.8755150,28.2769040,'湖南省','长沙市','望城区','雷锋大道199号','','2025-04-15 13:55:19','2025-04-15 13:55:19'),(1484,'地面停车场',112.8607380,28.2536490,'湖南省','长沙市','望城区','黄金西路与金塘路交叉口东120米','','2025-04-15 13:55:30','2025-04-15 13:55:30'),(1485,'城市时光商业广场地下停车场',112.8733890,28.2935220,'湖南省','长沙市','望城区','普瑞大道与富民路交叉口西南80米','','2025-04-15 13:55:30','2025-04-15 13:55:30'),(1486,'美的翰城停车场',112.8769720,28.2980980,'湖南省','长沙市','望城区','雷锋大道美的翰城','','2025-04-15 13:55:30','2025-04-15 13:55:30'),(1487,'停车场',112.8957310,28.2919890,'湖南省','长沙市','望城区','谷山路与普瑞大道交叉口南220米','','2025-04-15 13:55:30','2025-04-15 13:55:30'),(1488,'长沙农村商业银行(黄花塘支行)-停车场',112.8498390,28.2005540,'湖南省','长沙市','望城区','枫林三路1320号长沙农村商业银行(黄花塘支行)','','2025-04-15 13:55:30','2025-04-15 13:55:30'),(1489,'长沙医学院停车场',112.8749270,28.2957520,'湖南省','长沙市','望城区','雷锋大道长沙医学院','','2025-04-15 13:55:30','2025-04-15 13:55:30'),(1490,'黄金创业园停车场',112.8738430,28.2921260,'湖南省','长沙市','望城区','雷锋大道1389号','','2025-04-15 13:55:30','2025-04-15 13:55:30'),(1491,'沈味食尚先锋(雷锋店)-停车场',112.8535240,28.2003590,'湖南省','长沙市','望城区','枫林三路湖南创业电力安装有限责任公司办公楼1层','','2025-04-15 13:55:30','2025-04-15 13:55:30'),(1492,'湖南党史陈列馆停车点(暂停营业)',112.8441780,28.2026250,'湖南省','长沙市','望城区','雷锋街道振兴路43号湖南党史陈列馆','','2025-04-15 13:55:30','2025-04-15 13:55:30'),(1493,'越秀亲爱里南区停车场',112.8507160,28.1883870,'湖南省','长沙市','望城区','秀风路219号','','2025-04-15 13:55:30','2025-04-15 13:55:30'),(1494,'雷锋故居停车点(暂停营业)',112.8442060,28.2026060,'湖南省','长沙市','望城区','雷高路与文明路交叉口北120米','','2025-04-15 13:55:30','2025-04-15 13:55:30'),(1495,'地面停车场',112.8625850,28.2637220,'湖南省','长沙市','望城区','未知详细地址','','2025-04-15 13:55:30','2025-04-15 13:55:30'),(1496,'博萃梅溪停车场',112.8481830,28.1917390,'湖南省','长沙市','望城区','紫荆路与纳秋路交汇处东北角','','2025-04-15 13:55:30','2025-04-15 13:55:30'),(1497,'木槿路停车场',112.8533230,28.1866700,'湖南省','长沙市','望城区','看云路与枫树井路交叉口','','2025-04-15 13:55:30','2025-04-15 13:55:30'),(1498,'地面停车场',112.8455640,28.2014830,'湖南省','长沙市','望城区','文明路与枫林三路交叉口北100米','','2025-04-15 13:55:30','2025-04-15 13:55:30'),(1499,'雷锋大道-道路停车位',112.8752850,28.2830290,'湖南省','长沙市','望城区','雷锋大道与月亮岛路交叉口南260米','','2025-04-15 13:55:30','2025-04-15 13:55:30'),(1500,'山水英伦海德广场地下停车场',112.8499740,28.2009400,'湖南省','长沙市','望城区','山水英伦海德广场','','2025-04-15 13:55:30','2025-04-15 13:55:30'),(1501,'征鸿城市时光地下停车场',112.8743360,28.2925680,'湖南省','长沙市','望城区','征鸿城市时光','','2025-04-15 13:55:30','2025-04-15 13:55:30'),(1502,'皇盛购物广场停车场',112.8434480,28.2008550,'湖南省','长沙市','望城区','枫林三路与雷高路交叉口西100米','','2025-04-15 13:55:30','2025-04-15 13:55:30'),(1503,'地面停车场',112.8716900,28.2869170,'湖南省','长沙市','望城区','育林路与月亮岛路交叉口北160米','','2025-04-15 13:55:30','2025-04-15 13:55:30'),(1504,'骏达大厦停车场',112.8441990,28.1986930,'湖南省','长沙市','望城区','枫林三路与雷高路交叉口南220米','','2025-04-15 13:55:30','2025-04-15 13:55:30'),(1505,'金安大厦停车场',112.8466220,28.2010650,'湖南省','长沙市','望城区','枫林三路1458号金安大厦','','2025-04-15 13:55:30','2025-04-15 13:55:30'),(1506,'长沙黑麋峰森林公园南门停车场',113.0084940,28.4430460,'湖南省','长沙市','望城区','未知详细地址','','2025-04-15 13:55:30','2025-04-15 13:55:30'),(1507,'地面停车场',112.9133660,28.3049030,'湖南省','长沙市','望城区','南塘路与金星北路辅路交叉口西100米','','2025-04-15 13:55:30','2025-04-15 13:55:30'),(1508,'玉湖公园停车场',112.8238220,28.3274140,'湖南省','长沙市','望城区','高塘岭路附近','','2025-04-15 13:55:30','2025-04-15 13:55:30'),(1509,'地面停车场',112.8475780,28.2002670,'湖南省','长沙市','望城区','枫林三路与安庆路交叉口南20米','','2025-04-15 13:55:30','2025-04-15 13:55:30'),(1510,'长沙新华联铜官窑古镇1号停车场',112.8325240,28.4077060,'湖南省','长沙市','望城区','铜官街道彩陶村1号铜官窑国风乐园内(西侧)','','2025-04-15 13:55:30','2025-04-15 13:55:30'),(1511,'靖港古镇游客服务中心停车场',112.7947430,28.4554660,'湖南省','长沙市','望城区','靖港古镇游客服务中心','','2025-04-15 13:55:30','2025-04-15 13:55:30'),(1512,'贝拉小镇停车点(暂停营业)',112.7196680,28.2348370,'湖南省','长沙市','望城区','金洲大道贝拉路88号贝拉小镇','','2025-04-15 13:55:30','2025-04-15 13:55:30'),(1513,'征鸿城市时光停车场',112.8749100,28.2932290,'湖南省','长沙市','望城区','征鸿城市时光','','2025-04-15 13:55:30','2025-04-15 13:55:30'),(1514,'靖港古镇西门停车场',112.7840650,28.4520660,'湖南省','长沙市','望城区','景观大道(靖港古镇)','','2025-04-15 13:55:30','2025-04-15 13:55:30'),(1515,'千龙湖生态旅游度假区停车场',112.7003060,28.4109980,'湖南省','长沙市','望城区','千龙湖生态旅游度假区内(南侧)','','2025-04-15 13:55:30','2025-04-15 13:55:30'),(1516,'荷塘月色一路-道路停车位',112.9081640,28.3088970,'湖南省','长沙市','望城区','荷塘月色一路与黄埔路交叉口西20米','','2025-04-15 13:55:30','2025-04-15 13:55:30'),(1517,'地面停车场',112.8698880,28.2851990,'湖南省','长沙市','望城区','月亮岛路与育林路交叉口西140米','','2025-04-15 13:55:30','2025-04-15 13:55:30'),(1518,'望城步行街地面停车场',112.8196930,28.3573940,'湖南省','长沙市','望城区','龙潭巷望城步行街','','2025-04-15 13:55:30','2025-04-15 13:55:30'),(1519,'长沙市公安局交通警察支队车辆管理所城西分所停车场',112.8925870,28.3096320,'湖南省','长沙市','望城区','永通大道与喻家湾路交叉口北140米','','2025-04-15 13:55:30','2025-04-15 13:55:30'),(1520,'普瑞西路-道路停车位',112.8761010,28.2945040,'湖南省','长沙市','望城区','雷锋大道长沙医学院','','2025-04-15 13:55:30','2025-04-15 13:55:30'),(1521,'停车场(洗心路)',112.8580050,28.2796160,'湖南省','长沙市','望城区','洗心路南50米','','2025-04-15 13:55:30','2025-04-15 13:55:30'),(1522,'地面停车场',112.9084920,28.3079130,'湖南省','长沙市','望城区','黄埔路与荷塘月色一路交叉口南100米','','2025-04-15 13:55:30','2025-04-15 13:55:30'),(1523,'茶亭花海停车点',112.9449740,28.4914890,'湖南省','长沙市','望城区','S102(芙蓉大道)茶亭花海','','2025-04-15 13:55:30','2025-04-15 13:55:30'),(1524,'长沙铜官窑文化旅游度假区停车点',112.8320710,28.4074740,'湖南省','长沙市','望城区','湘江大道景观道长沙铜官窑文化旅游度假区内(南侧)','','2025-04-15 13:55:30','2025-04-15 13:55:30'),(1525,'望城区人民医院停车场',112.8146360,28.3722550,'湖南省','长沙市','望城区','郭亮北路与连江路交叉口南60米','','2025-04-15 13:55:30','2025-04-15 13:55:30'),(1526,'正荣·财富中心购物中心东停车场',112.8338340,28.3502710,'湖南省','长沙市','望城区','正荣·财富中心购物中心','','2025-04-15 13:55:30','2025-04-15 13:55:30'),(1527,'中国人民银行(望城支行)地面停车场',112.8155540,28.3570850,'湖南省','长沙市','望城区','郭亮中路与体育东路交叉口南60米','','2025-04-15 13:55:30','2025-04-15 13:55:30'),(1528,'新华联铜官窑古镇2号停车场',112.8320680,28.4047780,'湖南省','长沙市','望城区','湘江大道景观道与福街交叉路口西北侧(铜官窑古镇)','','2025-04-15 13:55:30','2025-04-15 13:55:30'),(1529,'停车场',112.8285060,28.3476910,'湖南省','长沙市','望城区','家园北路与望城大道交叉口西20米','','2025-04-15 13:55:30','2025-04-15 13:55:30'),(1530,'长沙医学院停车场',112.8719240,28.2945420,'湖南省','长沙市','望城区','普瑞大道与观音岩路交叉口东100米','','2025-04-15 13:55:30','2025-04-15 13:55:30'),(1531,'美来美商业广场地面停车场',112.9086970,28.3671900,'湖南省','长沙市','望城区','芙蓉北路东侧MCC-WOW麻石公园','','2025-04-15 13:55:30','2025-04-15 13:55:30'),(1532,'长沙职业技术学院停车场',112.8391030,28.2131210,'湖南省','长沙市','望城区','高新开发区谷苑路522号长沙职业技术学院','','2025-04-15 13:55:30','2025-04-15 13:55:30'),(1533,'骏达大厦地下停车场',112.8441490,28.1988340,'湖南省','长沙市','望城区','枫林三路与雷高路交叉口南200米','','2025-04-15 13:55:30','2025-04-15 13:55:30'),(1534,'湖南松雅湖国家湿地公园停车场',113.1126250,28.2577580,'湖南省','长沙市','长沙县','滨湖东路松雅湖湿地公园','','2025-04-15 14:02:07','2025-04-15 14:02:07'),(1535,'湖南松雅湖国家湿地公园停车场',113.1066310,28.2576310,'湖南省','长沙市','长沙县','特立东路21号','','2025-04-15 14:02:07','2025-04-15 14:02:07'),(1536,'长沙黄花国际机场T2航站楼P2停车场',113.2178010,28.1865850,'湖南省','长沙市','长沙县','长沙大道','','2025-04-15 14:02:07','2025-04-15 14:02:07'),(1537,'长沙黄花国际机场T1航站楼P5停车场',113.2187640,28.1932390,'湖南省','长沙市','长沙县','荷塘路(磁浮机场站地铁站A口步行270米)','','2025-04-15 14:02:07','2025-04-15 14:02:07'),(1538,'长沙黄花国际机场T2航站楼P1停车场',113.2177340,28.1893540,'湖南省','长沙市','长沙县','长沙大道附近','','2025-04-15 14:02:07','2025-04-15 14:02:07'),(1539,'中茂城地下停车场',113.0756110,28.2278000,'湖南省','长沙市','长沙县','中茂城','','2025-04-15 14:02:07','2025-04-15 14:02:07'),(1540,'星沙汽车站停车场',113.0819160,28.2322550,'湖南省','长沙市','长沙县','天华中路4号附近','','2025-04-15 14:02:07','2025-04-15 14:02:07'),(1541,'百联奥特莱斯购物广场停车场',113.2027230,28.1986130,'湖南省','长沙市','长沙县','黄花镇大元东路108号长沙百联奥特莱斯','','2025-04-15 14:02:07','2025-04-15 14:02:07'),(1542,'地面停车场',113.1003640,28.2573650,'湖南省','长沙市','长沙县','滨湖东路与东四路交叉口西320米','','2025-04-15 14:02:07','2025-04-15 14:02:07'),(1543,'永旺梦乐城长沙星沙地面停车场',113.1355600,28.2432830,'湖南省','长沙市','长沙县','星沙街道开元东路308号永旺梦乐城','','2025-04-15 14:02:07','2025-04-15 14:02:07'),(1544,'长沙黄花国际机场T1航站楼P6停车场',113.2176780,28.1929980,'湖南省','长沙市','长沙县','长沙黄花国际机场','','2025-04-15 14:02:07','2025-04-15 14:02:07'),(1545,'长沙黄花国际机场T2航站楼P2南停车场B区',113.2184110,28.1843410,'湖南省','长沙市','长沙县','机场大道(长沙黄花国际机场)','','2025-04-15 14:02:07','2025-04-15 14:02:07'),(1546,'停车场(万明路)',113.1084600,28.2640060,'湖南省','长沙市','长沙县','万名路西50米','','2025-04-15 14:02:07','2025-04-15 14:02:07'),(1547,'长沙松雅湖新城吾悦广场地下停车场',113.1023570,28.2525760,'湖南省','长沙市','长沙县','吾悦广场(长沙松雅湖店)','','2025-04-15 14:02:07','2025-04-15 14:02:07'),(1548,'松雅湖儿童乐园沙滩停车点',113.1093870,28.2781570,'湖南省','长沙市','长沙县','松雅湖儿童乐园沙滩','','2025-04-15 14:02:07','2025-04-15 14:02:07'),(1549,'长沙县妇幼保健院停车场',113.1268480,28.2433370,'湖南省','长沙市','长沙县','长沙县妇幼保健院','','2025-04-15 14:02:07','2025-04-15 14:02:07'),(1550,'万象汇地下停车场',113.0866430,28.2489520,'湖南省','长沙市','长沙县','星沙大道178号万象汇(星沙地铁站7号口步行390米)','','2025-04-15 14:02:07','2025-04-15 14:02:07'),(1551,'长沙黄花国际机场T2航站楼P4地下停车场',113.2185350,28.1874250,'湖南省','长沙市','长沙县','黄花镇机场大道308号长沙黄花国际机场B1层','','2025-04-15 14:02:07','2025-04-15 14:02:07'),(1552,'长沙市中医院地面停车场',113.0870940,28.2342500,'湖南省','长沙市','长沙县','星沙大道22号、东院湖南省长沙市芙蓉区五一大道39号、南院湖南省长沙市天心长沙市中医医院','','2025-04-15 14:02:07','2025-04-15 14:02:07'),(1553,'星沙天虹购物中心地下停车场',113.0992070,28.2445260,'湖南省','长沙市','长沙县','星沙天虹购物中心(松雅湖南地铁站出入口步行460米)','','2025-04-15 14:02:07','2025-04-15 14:02:07'),(1554,'长沙国际会展中心停车场',113.0776070,28.1437150,'湖南省','长沙市','长沙县','滨河路长沙国际会展中心','','2025-04-15 14:02:07','2025-04-15 14:02:07'),(1555,'长沙保利广场地下停车场',113.0512440,28.2680200,'湖南省','长沙市','长沙县','保利广场','','2025-04-15 14:02:07','2025-04-15 14:02:07'),(1556,'长沙县恺宸大酒店停车场',113.1228960,28.2182680,'湖南省','长沙市','长沙县','长沙县经济技术开发区和东大酒店','','2025-04-15 14:02:07','2025-04-15 14:02:07'),(1557,'磨盘洲生态公园北停车点',113.0786790,28.1554950,'湖南省','长沙市','长沙县','磨盘洲生态公园','','2025-04-15 14:02:07','2025-04-15 14:02:07'),(1558,'文达地面停车场',113.0908640,28.3173150,'湖南省','长沙市','长沙县','京港澳高速','','2025-04-15 14:02:07','2025-04-15 14:02:07'),(1559,'星沙全民健身中心停车场',113.0864860,28.2322360,'湖南省','长沙市','长沙县','星沙街道星沙大道20号星沙全民健身中心游泳馆','','2025-04-15 14:02:07','2025-04-15 14:02:07'),(1560,'韦尔斯利酒店停车场',113.1039830,28.2177800,'湖南省','长沙市','长沙县','盼盼路与东四路交叉口东南60米','','2025-04-15 14:02:07','2025-04-15 14:02:07'),(1561,'新长海广场地下停车场',113.0761950,28.2274100,'湖南省','长沙市','长沙县','新长海广场','','2025-04-15 14:02:07','2025-04-15 14:02:07'),(1562,'长沙松雅湖新城吾悦广场立体停车楼',113.1002750,28.2533520,'湖南省','长沙市','长沙县','吾悦广场(长沙松雅湖店)','','2025-04-15 14:02:07','2025-04-15 14:02:07'),(1563,'浔龙河樱花谷停车场',113.1880190,28.3483430,'湖南省','长沙市','长沙县','果园镇浔龙河村浔龙河樱花谷(东北角)','','2025-04-15 14:02:07','2025-04-15 14:02:07'),(1564,'白鹭地面停车场',113.2160330,28.1800170,'湖南省','长沙市','长沙县','机场大道','','2025-04-15 14:02:07','2025-04-15 14:02:07'),(1565,'长沙青旅地面停车场',113.2177640,28.2097280,'湖南省','长沙市','长沙县','机场大道辅路与思源东路交叉口东北300米','','2025-04-15 14:02:07','2025-04-15 14:02:07'),(1566,'杨开慧纪念馆正门南停车场',113.2116570,28.5879480,'湖南省','长沙市','长沙县','开慧镇开慧村178号杨开慧纪念馆内(东侧)','','2025-04-15 14:02:07','2025-04-15 14:02:07'),(1567,'通程商业广场板仓路地下停车场',113.0800190,28.2442380,'湖南省','长沙市','长沙县','星沙街道板仓路154号通程商业广场','','2025-04-15 14:02:07','2025-04-15 14:02:07'),(1568,'中茂商业广场地下停车场',113.0762540,28.2290260,'湖南省','长沙市','长沙县','东升路中茂城','','2025-04-15 14:02:07','2025-04-15 14:02:07'),(1569,'时代星空地面停车场',113.0822500,28.2244590,'湖南省','长沙市','长沙县','漓湘西路与天华南路交叉口东80米','','2025-04-15 14:02:07','2025-04-15 14:02:07'),(1570,'星沙生态公园南停车场',113.0705940,28.2513750,'湖南省','长沙市','长沙县','腾辉路168号','','2025-04-15 14:02:07','2025-04-15 14:02:07'),(1571,'湖湾世景地下停车场',113.0975670,28.2508290,'湖南省','长沙市','长沙县','湖湾世景','','2025-04-15 14:02:07','2025-04-15 14:02:07'),(1572,'华润·凤凰城二期倚云府地下停车场',113.0921150,28.2481070,'湖南省','长沙市','长沙县','棠坡路华润·凤凰城凤凰城倚云府南门','','2025-04-15 14:02:07','2025-04-15 14:02:07'),(1573,'湖南佰祥大型地面停车场',113.1645680,28.1780190,'湖南省','长沙市','长沙县','黄兴镇宾塘路2号','','2025-04-15 14:02:07','2025-04-15 14:02:07'),(1574,'紫华郡四期停车场',113.1623510,28.2263830,'湖南省','长沙市','长沙县','远大三路','','2025-04-15 14:02:07','2025-04-15 14:02:07'),(1575,'长沙徐特立公园停车场',113.0813370,28.2551430,'湖南省','长沙市','长沙县','特立路徐特立公园','','2025-04-15 14:02:07','2025-04-15 14:02:07'),(1576,'长沙机场凯悦嘉轩酒店停车场',113.2147530,28.1895520,'湖南省','长沙市','长沙县','临空路与长沙大道交叉口西120米','','2025-04-15 14:02:07','2025-04-15 14:02:07'),(1577,'金科·时代中心地下停车场',113.0741350,28.2289990,'湖南省','长沙市','长沙县','泉塘街道梨江社区向阳路1号金科·时代中心','','2025-04-15 14:02:07','2025-04-15 14:02:07'),(1578,'尚城小区停车场',113.0866100,28.2462150,'湖南省','长沙市','长沙县','开元东路与开元中路交叉口东北150米尚城小区','','2025-04-15 14:02:07','2025-04-15 14:02:07'),(1579,'湖南湘一机动车检测中心停车场',113.0708210,28.2235850,'湖南省','长沙市','长沙县','漓湘西路与桂花路交叉口东140米','','2025-04-15 14:02:07','2025-04-15 14:02:07'),(1580,'长沙县第二人民医院停车场',113.1104090,28.1830350,'湖南省','长沙市','长沙县','榔梨镇新建路4号长沙县第二人民医院','','2025-04-15 14:02:07','2025-04-15 14:02:07'),(1581,'华润凤凰城3期紫云府地下停车场',113.0943480,28.2515350,'湖南省','长沙市','长沙县','星沙街道望仙东路凤凰城紫云府北门','','2025-04-15 14:02:07','2025-04-15 14:02:07'),(1582,'松雅湖捞刀河停车场',113.1020040,28.2805950,'湖南省','长沙市','长沙县','松雅湖旁','','2025-04-15 14:02:07','2025-04-15 14:02:07'),(1583,'明城国际大酒店停车场',113.0780060,28.2253840,'湖南省','长沙市','长沙县','长沙县经济开发区漓湘西路19号','','2025-04-15 14:02:07','2025-04-15 14:02:07'),(1584,'北外岗停车场',113.1455850,28.1839990,'湖南省','长沙市','长沙县','东十路与三合路交叉口北80米','','2025-04-15 14:02:28','2025-04-15 14:02:28'),(1585,'蝴蝶谷地下停车场',113.0720150,28.2320680,'湖南省','长沙市','长沙县','星沙街道东升路42号蝴蝶谷','','2025-04-15 14:02:28','2025-04-15 14:02:28'),(1586,'长沙县政务服务中心停车场',113.1078120,28.2509390,'湖南省','长沙市','长沙县','东五路长沙县政务服务中心','','2025-04-15 14:02:28','2025-04-15 14:02:28'),(1587,'湘雅博爱康复医院湘龙院区地面停车场',113.0593390,28.2686000,'湖南省','长沙市','长沙县','万家丽北路湘雅博爱康复医院','','2025-04-15 14:02:28','2025-04-15 14:02:28'),(1588,'长沙北山森林公园停车场',113.0423880,28.4510830,'湖南省','长沙市','长沙县','北山镇晒谷石常家寨长沙北山森林公园','','2025-04-15 14:02:28','2025-04-15 14:02:28'),(1589,'新长海尚鑫海悦地下停车场',113.1035250,28.2442000,'湖南省','长沙市','长沙县','新长海·尚悦广场(松雅湖南地铁站1号口步行60米)','','2025-04-15 14:02:28','2025-04-15 14:02:28'),(1590,'方略·城市广场地下停车场',113.1056830,28.2460170,'湖南省','长沙市','长沙县','方略国际金融中心(松雅湖南地铁站3号口步行100米)','','2025-04-15 14:02:28','2025-04-15 14:02:28'),(1591,'恒广国际物流园停车场',113.0834700,28.3089560,'湖南省','长沙市','长沙县','107国道与迈科路交叉口西南80米','','2025-04-15 14:02:28','2025-04-15 14:02:28'),(1592,'长沙经开医院地面停车场',113.1267200,28.2018040,'湖南省','长沙市','长沙县','黄兴大道南段52号长沙经开医院','','2025-04-15 14:02:28','2025-04-15 14:02:28'),(1593,'湘雅博爱康复医院福源院区地面停车场',113.0532270,28.2591110,'湖南省','长沙市','长沙县','万家丽北路一段168号湘雅博爱康复医院福源院区','','2025-04-15 14:02:28','2025-04-15 14:02:28'),(1594,'卜蜂莲花星沙店地下停车场',113.0842910,28.2463960,'湖南省','长沙市','长沙县','开元路17号卜蜂莲花B1','','2025-04-15 14:02:28','2025-04-15 14:02:28'),(1595,'磨盘洲生态公园南停车点',113.0768810,28.1455060,'湖南省','长沙市','长沙县','磨盘洲生态公园','','2025-04-15 14:02:28','2025-04-15 14:02:28'),(1596,'新安路货-车停车场',113.0784180,28.2153320,'湖南省','长沙市','长沙县','新安路与板仓南路交叉口东160米','','2025-04-15 14:02:28','2025-04-15 14:02:28'),(1597,'筑梦佳园停车场',113.0936720,28.2472120,'湖南省','长沙市','长沙县','东二路29号','','2025-04-15 14:02:28','2025-04-15 14:02:28'),(1598,'松雅湖停车场',113.1083080,28.2641350,'湖南省','长沙市','长沙县','东三路118号湖南松雅湖国家湿地公园内(东南角)','','2025-04-15 14:02:28','2025-04-15 14:02:28'),(1599,'通程商业广场天华中路地下停车场',113.0818470,28.2436680,'湖南省','长沙市','长沙县','星沙街道板仓路154号通程商业广场内(东侧)','','2025-04-15 14:02:28','2025-04-15 14:02:28'),(1600,'广汽三菱汽车有限公司地面停车场',113.0980720,28.2252160,'湖南省','长沙市','长沙县','东三路与漓湘中路交叉口东120米','','2025-04-15 14:02:28','2025-04-15 14:02:28'),(1601,'长沙县星沙医院板仓路院区停车场',113.0760790,28.2543940,'湖南省','长沙市','长沙县','板仓路399号长沙县星沙医院板仓路院区','','2025-04-15 14:02:28','2025-04-15 14:02:28'),(1602,'国泰·九龙湾地下停车场',113.0981110,28.2549380,'湖南省','长沙市','长沙县','东三路与特立东路交叉口东140米','','2025-04-15 14:02:28','2025-04-15 14:02:28'),(1603,'领东汇停车场',113.1312990,28.1990820,'湖南省','长沙市','长沙县','榔梨街道龙华黄兴大道领东汇','','2025-04-15 14:02:28','2025-04-15 14:02:28'),(1604,'吉安停车场',113.2186000,28.2090470,'湖南省','长沙市','长沙县','机场大道159号','','2025-04-15 14:02:28','2025-04-15 14:02:28'),(1605,'蓝思科技地面停车场',113.1395650,28.1898360,'湖南省','长沙市','长沙县','榔梨街道阳光东路10号蓝思科技(长沙)有限公司(㮾梨园区)','','2025-04-15 14:02:28','2025-04-15 14:02:28'),(1606,'停车场(紫鑫大酒店西南)',113.0770920,28.2309900,'湖南省','长沙市','长沙县','东升路与晏家冲巷交叉口东北40米','','2025-04-15 14:02:28','2025-04-15 14:02:28'),(1607,'筑梦星园停车场',113.0618890,28.2555510,'湖南省','长沙市','长沙县','南塘路筑梦星园','','2025-04-15 14:02:28','2025-04-15 14:02:28'),(1608,'湘绣城停车场',113.0658470,28.2462050,'湖南省','长沙市','长沙县','湘龙街道开元西路湘绣城南门','','2025-04-15 14:02:28','2025-04-15 14:02:28'),(1609,'招商物流停车场',113.1144180,28.2358850,'湖南省','长沙市','长沙县','招商物流西北门旁','','2025-04-15 14:02:28','2025-04-15 14:02:28'),(1610,'长沙黄兴海吉星国际农产品物流园地面停车场',113.1487700,28.1285070,'湖南省','长沙市','长沙县','宋公塘路与黄江路交叉口北180米','','2025-04-15 14:02:28','2025-04-15 14:02:28'),(1611,'松雅湖悦动露营停车场',113.1101120,28.2766640,'湖南省','长沙市','长沙县','万明路','','2025-04-15 14:02:28','2025-04-15 14:02:28'),(1612,'长沙黄花国际机场T2航站楼P2南停车场A区',113.2181690,28.1838800,'湖南省','长沙市','长沙县','黄花镇长沙黄花国际机场T2航站楼','','2025-04-15 14:02:28','2025-04-15 14:02:28'),(1613,'卜蜂莲花星沙店东北侧停车场',113.0853620,28.2470540,'湖南省','长沙市','长沙县','星沙街道开元路45号7号卜蜂莲花(星沙店)','','2025-04-15 14:02:28','2025-04-15 14:02:28'),(1614,'国泰·九龙湾停车场',113.0981430,28.2548300,'湖南省','长沙市','长沙县','特立东路与东三路交叉口东140米','','2025-04-15 14:02:28','2025-04-15 14:02:28'),(1615,'韦尔斯利酒店地下停车场',113.1046240,28.2176410,'湖南省','长沙市','长沙县','盼盼路与东四路交叉口东120米','','2025-04-15 14:02:28','2025-04-15 14:02:28'),(1616,'停车场',113.0938500,28.2701500,'湖南省','长沙市','长沙县','星沙大道北325号','','2025-04-15 14:02:28','2025-04-15 14:02:28'),(1617,'锦鑫停车场',113.2137860,28.1959690,'湖南省','长沙市','长沙县','大元路58号金鹏名都南门','','2025-04-15 14:02:28','2025-04-15 14:02:28'),(1618,'百联奥特莱斯购物广场地下停车场',113.2033520,28.1955940,'湖南省','长沙市','长沙县','黄花镇大元东路108号长沙百联奥特莱斯','','2025-04-15 14:02:28','2025-04-15 14:02:28'),(1619,'保利香槟国际停车场',113.0491410,28.2680440,'湖南省','长沙市','长沙县','湘龙西路与丽康路交叉口西北40米','','2025-04-15 14:02:28','2025-04-15 14:02:28'),(1620,'荣盛·花语城地面停车场',113.0625050,28.2793860,'湖南省','长沙市','长沙县','荣盛·花语城(水渡河地铁站6号口步行110米)','','2025-04-15 14:02:28','2025-04-15 14:02:28'),(1621,'浔龙河生态艺术小镇停车场',113.1813510,28.3530440,'湖南省','长沙市','长沙县','经一路与南辅道交叉口东南80米','','2025-04-15 14:02:28','2025-04-15 14:02:28'),(1622,'影珠山森林公园游客中心停车场',113.2112430,28.5250430,'湖南省','长沙市','长沙县','福临镇境内影珠山森林公园','','2025-04-15 14:02:28','2025-04-15 14:02:28'),(1623,'停车场',113.0969080,28.2403420,'湖南省','长沙市','长沙县','凉塘路与东三路交叉口南140米','','2025-04-15 14:02:28','2025-04-15 14:02:28'),(1624,'新长海广场北地面停车场',113.0753560,28.2276360,'湖南省','长沙市','长沙县','新长海广场','','2025-04-15 14:02:28','2025-04-15 14:02:28'),(1625,'乐运魔方地面停车场',113.0948470,28.2414670,'湖南省','长沙市','长沙县','东二路乐运魔方','','2025-04-15 14:02:28','2025-04-15 14:02:28'),(1626,'晨汇大型停车场',113.0955380,28.2990950,'湖南省','长沙市','长沙县','107国道113号','','2025-04-15 14:02:28','2025-04-15 14:02:28'),(1627,'长沙县人民政府停车场',113.0794070,28.2470450,'湖南省','长沙市','长沙县','开元路1号长沙县人民政府','','2025-04-15 14:02:28','2025-04-15 14:02:28'),(1628,'进出口商品交易展示中心地下停车场',113.2018100,28.1946260,'湖南省','长沙市','长沙县','进出口商品交易展示中心','','2025-04-15 14:02:28','2025-04-15 14:02:28'),(1629,'东八线电力走廊停车点',113.1225610,28.2491060,'湖南省','长沙市','长沙县','黄兴大道辅路与棠坡路交叉口西北160米','','2025-04-15 14:02:28','2025-04-15 14:02:28'),(1630,'未来·漫城写字楼地下停车场',113.0866100,28.2594070,'湖南省','长沙市','长沙县','灰埠路未来漫城','','2025-04-15 14:02:28','2025-04-15 14:02:28'),(1631,'MOMA当代广场停车场',113.1247400,28.2448550,'湖南省','长沙市','长沙县','开元东路MOMA当代广场','','2025-04-15 14:02:28','2025-04-15 14:02:28'),(1632,'恒广国际景园一区地下停车场',113.0620780,28.2429180,'湖南省','长沙市','长沙县','恒广国际景园一区(湘龙地铁站2号口步行320米)','','2025-04-15 14:02:28','2025-04-15 14:02:28'),(1633,'湖南松雅湖国家湿地公园1号入口停车场(暂停营业)',113.0887600,28.2603150,'湖南省','长沙市','长沙县','滨湖东路(湖南松雅湖国家湿地公园)','','2025-04-15 14:02:28','2025-04-15 14:02:28'),(1634,'路安停车场',113.1271950,28.1759820,'湖南省','长沙市','长沙县','榔梨镇土岭村东升路16号附近','','2025-04-15 14:02:39','2025-04-15 14:02:39'),(1635,'广汽三菱汽车有限公司立体停车场',113.1027840,28.2301410,'湖南省','长沙市','长沙县','东四路与厂中三路交叉口西北40米','','2025-04-15 14:02:39','2025-04-15 14:02:39'),(1636,'星隆国际广场停车场',113.0826800,28.2453320,'湖南省','长沙市','长沙县','开元中路88号星隆国际广场','','2025-04-15 14:02:39','2025-04-15 14:02:39'),(1637,'东十二路地面停车场',113.1556610,28.2094520,'湖南省','长沙市','长沙县','东十二路与王家冲路交叉口南120米','','2025-04-15 14:02:39','2025-04-15 14:02:39'),(1638,'东升路-道路停车位',113.0745410,28.2432810,'湖南省','长沙市','长沙县','东升路与凉塘路交叉口北100米','','2025-04-15 14:02:39','2025-04-15 14:02:39'),(1639,'长沙国际会议中心停车场',113.0795250,28.1518470,'湖南省','长沙市','长沙县','学园路与临河路交叉口东南100米','','2025-04-15 14:02:39','2025-04-15 14:02:39'),(1640,'湘域国际广场地下停车场',113.2138500,28.1953090,'湖南省','长沙市','长沙县','大元路湘域国际广场(木马塅地铁站4号口步行160米)','','2025-04-15 14:02:39','2025-04-15 14:02:39'),(1641,'停车场',113.1365500,28.1819060,'湖南省','长沙市','长沙县','机场高速北辅道与黄兴大道南段交叉口东120米','','2025-04-15 14:02:39','2025-04-15 14:02:39'),(1642,'黄花机场金凯停车场',113.2185210,28.1645150,'湖南省','长沙市','长沙县','机场大道东','','2025-04-15 14:02:39','2025-04-15 14:02:39'),(1643,'湖湘家具城停车场',113.1070120,28.1950920,'湖南省','长沙市','长沙县','东四路南段155号湖湘家具城','','2025-04-15 14:02:39','2025-04-15 14:02:39'),(1644,'金鹰商业大厦停车场',113.0693780,28.2692430,'湖南省','长沙市','长沙县','金鹰商业大厦','','2025-04-15 14:02:39','2025-04-15 14:02:39'),(1645,'盛地·尊域停车场',113.0650690,28.2614350,'湖南省','长沙市','长沙县','湘龙路29号','','2025-04-15 14:02:39','2025-04-15 14:02:39'),(1646,'湖南机电职业技术学院停车场',113.0602570,28.2621250,'湖南省','长沙市','长沙县','湘龙路与贺龙体校路交叉口西南80米','','2025-04-15 14:02:39','2025-04-15 14:02:39'),(1647,'时代星城东停车场',113.0894140,28.2251030,'湖南省','长沙市','长沙县','东一路与漓湘中路交叉口北40米','','2025-04-15 14:02:39','2025-04-15 14:02:39'),(1648,'电信大楼停车场',113.0862140,28.2445210,'湖南省','长沙市','长沙县','星沙大道与开元中路交叉口东南80米','','2025-04-15 14:02:39','2025-04-15 14:02:39'),(1649,'星湖湾停车场',113.1274060,28.2483620,'湖南省','长沙市','长沙县','经济开发区开元东路189号(洪家铺子以南)星湖湾','','2025-04-15 14:02:39','2025-04-15 14:02:39'),(1650,'松雅湖湿地公园停车场',113.0998730,28.2572290,'湖南省','长沙市','长沙县','松雅湖成湖小区(松雅湖国际友谊林西)','','2025-04-15 14:02:39','2025-04-15 14:02:39'),(1651,'长沙县湘龙清水塘停车场',113.0583420,28.2477290,'湖南省','长沙市','长沙县','湘龙街道锦绣路335号(湘龙地铁站4号口步行460米)','','2025-04-15 14:02:39','2025-04-15 14:02:39'),(1652,'索恩格汽车部件地面停车场',113.1116680,28.1941550,'湖南省','长沙市','长沙县','㮾梨街道东五路75号索恩格汽车电动系统有限公司','','2025-04-15 14:02:39','2025-04-15 14:02:39'),(1653,'长永佳苑停车场',113.0652060,28.2313340,'湖南省','长沙市','长沙县','长永佳苑','','2025-04-15 14:02:39','2025-04-15 14:02:39'),(1654,'金鹏名都地下停车场',113.2128820,28.1960710,'湖南省','长沙市','长沙县','大元路58号金鹏名都(木马塅地铁站4号口步行70米)','','2025-04-15 14:02:39','2025-04-15 14:02:39'),(1655,'长沙县星沙医院停车场',113.0890000,28.2460050,'湖南省','长沙市','长沙县','经济技术开发区星沙开元路53号长沙市星沙医院(开元路院区)','','2025-04-15 14:02:39','2025-04-15 14:02:39'),(1656,'长沙百联购物公园·空港8号地下停车场',113.2034670,28.1993020,'湖南省','长沙市','长沙县','临空经济示范区核心区,人民东路和黄金大道交界口西南侧长沙百联购物公园·空港8号','','2025-04-15 14:02:39','2025-04-15 14:02:39'),(1657,'龙喜水乡度假酒店停车场',113.1185430,28.0978750,'湖南省','长沙市','长沙县','未知详细地址','','2025-04-15 14:02:39','2025-04-15 14:02:39'),(1658,'佳利酒店停车场',113.0777170,28.2344240,'湖南省','长沙市','长沙县','板仓中路65号','','2025-04-15 14:02:39','2025-04-15 14:02:39'),(1659,'龙华公园停车点',113.1395710,28.1937210,'湖南省','长沙市','长沙县','未知详细地址','','2025-04-15 14:02:39','2025-04-15 14:02:39'),(1660,'公共停车场',113.0761310,28.2305360,'湖南省','长沙市','长沙县','东升路6号','','2025-04-15 14:02:39','2025-04-15 14:02:39'),(1661,'湖南松雅湖国家湿地公园停车场(建设中)',113.0975480,28.2756760,'湖南省','长沙市','长沙县','安沙大道与捞刀河南路辅路交叉口南120米','','2025-04-15 14:02:39','2025-04-15 14:02:39'),(1662,'长沙市轨道交通龙湘停车场',113.1459910,28.2402190,'湖南省','长沙市','长沙县','长龙街道龙湘社区','','2025-04-15 14:02:39','2025-04-15 14:02:39'),(1663,'长沙半棠酒店停车场',113.1391300,28.1739870,'湖南省','长沙市','长沙县','㮾梨街道梨江大道8号长沙韦尔斯利半棠酒店(长沙黄花国际机场店)','','2025-04-15 14:02:39','2025-04-15 14:02:39'),(1664,'隆平稻作公园停车场',113.2265100,28.4092360,'湖南省','长沙市','长沙县','027县道东40米隆平稻作公园','','2025-04-15 14:02:39','2025-04-15 14:02:39'),(1665,'长桥公园停车场',113.1188980,28.2134630,'湖南省','长沙市','长沙县','东七路与远大二路交叉口南80米','','2025-04-15 14:02:39','2025-04-15 14:02:39'),(1666,'长沙黄花机场兰新停车场',113.2064870,28.2031900,'湖南省','长沙市','长沙县','人民东路1号(大路村地铁站2号口步行150米)','','2025-04-15 14:02:39','2025-04-15 14:02:39'),(1667,'黄兴故居纪念馆停车场',113.1041890,28.1162450,'湖南省','长沙市','长沙县','黄兴镇黄兴故居纪念馆','','2025-04-15 14:02:39','2025-04-15 14:02:39'),(1668,'中南汽车世界停车场',113.0615540,28.2416080,'湖南省','长沙市','长沙县','卫星路137号中南汽车世界小区','','2025-04-15 14:02:39','2025-04-15 14:02:39'),(1669,'湖南星沙广益实验中学停车场',113.1351250,28.2242030,'湖南省','长沙市','长沙县','弘益高级中学','','2025-04-15 14:02:39','2025-04-15 14:02:39'),(1670,'东四路-路侧停车位',113.1033910,28.2322930,'湖南省','长沙市','长沙县','东四路附近','','2025-04-15 14:02:39','2025-04-15 14:02:39'),(1671,'货车免费停车位',113.1479780,28.1764280,'湖南省','长沙市','长沙县','梨江大道215号','','2025-04-15 14:02:39','2025-04-15 14:02:39'),(1672,'唐人万寿园(全国生态文明示范墓园)北地面停车场',113.1030180,28.3101460,'湖南省','长沙市','长沙县','未知详细地址','','2025-04-15 14:02:39','2025-04-15 14:02:39'),(1673,'唐人万寿园停车场',113.1063870,28.3122340,'湖南省','长沙市','长沙县','028县道西100米','','2025-04-15 14:02:39','2025-04-15 14:02:39'),(1674,'新长海尚都美寓地下停车场',113.0783130,28.2271540,'湖南省','长沙市','长沙县','新长海尚都美寓','','2025-04-15 14:02:39','2025-04-15 14:02:39'),(1675,'大将军酒店(长沙县机电学院土桥地铁站店)地面停车点',113.0557350,28.2624120,'湖南省','长沙市','长沙县','万家丽北路111号大将军酒店(长沙县机电学院土桥地铁站店)','','2025-04-15 14:02:39','2025-04-15 14:02:39'),(1676,'东方·韵动汇地面停车场',113.1483860,28.2040850,'湖南省','长沙市','长沙县','人民东路211号东方韵动汇游泳健身运动中心','','2025-04-15 14:02:39','2025-04-15 14:02:39'),(1677,'MOMA Baby购物乐园地下停车场',113.1248070,28.2444180,'湖南省','长沙市','长沙县','开元东路与黄兴大道交叉口东南180米','','2025-04-15 14:02:39','2025-04-15 14:02:39'),(1678,'高林·金三华邸停车场',113.0626770,28.2250550,'湖南省','长沙市','长沙县','汽配城路与时中路交叉口西北20米','','2025-04-15 14:02:39','2025-04-15 14:02:39'),(1679,'星城国际停车场',113.1113760,28.2315380,'湖南省','长沙市','长沙县','泉塘街道东六路','','2025-04-15 14:02:39','2025-04-15 14:02:39'),(1680,'长沙县星沙医院停车场',113.0760400,28.2544290,'湖南省','长沙市','长沙县','板仓路与特立路交叉口西南80米','','2025-04-15 14:02:39','2025-04-15 14:02:39'),(1681,'博雅·例外停车场',113.0923160,28.2459460,'湖南省','长沙市','长沙县','星沙街道开元东路锦璨家园南门','','2025-04-15 14:02:39','2025-04-15 14:02:39'),(1682,'秦皇食府(星沙店)地面停车场',113.0852900,28.2435780,'湖南省','长沙市','长沙县','秦皇食府(星沙店)(星沙地铁站1号口步行140米)','','2025-04-15 14:02:39','2025-04-15 14:02:39'),(1683,'中国移动长沙县服务厅停车场',113.0876530,28.2452960,'湖南省','长沙市','长沙县','开元中路与星沙大道交叉口东140米','','2025-04-15 14:02:39','2025-04-15 14:02:39'),(1684,'鑫安大型停车场',113.1472080,28.1836800,'湖南省','长沙市','长沙县','三合路','','2025-04-15 14:03:06','2025-04-15 14:03:06'),(1685,'长沙科技新城停车场',113.1168180,28.1983200,'湖南省','长沙市','长沙县','东六路南段与人民东路二段交叉口东北220米','','2025-04-15 14:03:06','2025-04-15 14:03:06'),(1686,'君合新城玺樾地下停车场',113.1215240,28.2059410,'湖南省','长沙市','长沙县','君合新城·玺樾','','2025-04-15 14:03:06','2025-04-15 14:03:06'),(1687,'蓝思科技榔梨园区地面停车场',113.1438360,28.1916660,'湖南省','长沙市','长沙县','东十路与大元路交叉口南120米','','2025-04-15 14:03:06','2025-04-15 14:03:06'),(1688,'恒广国际景园停车场',113.0617970,28.2444660,'湖南省','长沙市','长沙县','卫星路与开元西路交叉口南140米','','2025-04-15 14:03:06','2025-04-15 14:03:06'),(1689,'华润·置地广场2期B区地面停车场',113.1112770,28.2466730,'湖南省','长沙市','长沙县','东六路与开元路交叉口西北80米','','2025-04-15 14:03:06','2025-04-15 14:03:06'),(1690,'长沙服务区停车场',113.0728740,28.2638260,'湖南省','长沙市','长沙县','京港澳高速公路长沙经济技术开发区','','2025-04-15 14:03:06','2025-04-15 14:03:06'),(1691,'星沙爱尔眼科医院地面停车场',113.0746870,28.2426050,'湖南省','长沙市','长沙县','东升路与凉塘路交叉口东北40米','','2025-04-15 14:03:06','2025-04-15 14:03:06'),(1692,'开源鑫贸大楼停车场',113.0822890,28.2461030,'湖南省','长沙市','长沙县','天华北路开源鑫城大酒店(星沙地铁站8号口步行330米)','','2025-04-15 14:03:06','2025-04-15 14:03:06'),(1693,'金凯停车场',113.2189040,28.1646200,'湖南省','长沙市','长沙县','机场大道东','','2025-04-15 14:03:06','2025-04-15 14:03:06'),(1694,'四季如春休闲度假酒店停车场',113.0679610,28.2460120,'湖南省','长沙市','长沙县','星沙开元西路1号四季如春休闲度假酒店附近','','2025-04-15 14:03:06','2025-04-15 14:03:06'),(1695,'长沙黄花综合保税区地面停车场',113.2000310,28.1946080,'湖南省','长沙市','长沙县','大元路与鹏盛路交叉口西南80米','','2025-04-15 14:03:06','2025-04-15 14:03:06'),(1696,'松雅湖香堤路1号停车场',113.0910340,28.2634880,'湖南省','长沙市','长沙县','香堤路与星沙大道交叉口东480米','','2025-04-15 14:03:06','2025-04-15 14:03:06'),(1697,'兰新停车场',113.2064020,28.2025210,'湖南省','长沙市','长沙县','黄金大道与人民东路交汇处','','2025-04-15 14:03:06','2025-04-15 14:03:06'),(1698,'长沙世景广场皇冠假日酒店地下停车点',113.0993370,28.2446420,'湖南省','长沙市','长沙县','开元东路与东三路交叉口东南240米','','2025-04-15 14:03:06','2025-04-15 14:03:06'),(1699,'爱都停车场',113.0883790,28.2459530,'湖南省','长沙市','长沙县','开元东路49号(星沙地铁站7号口步行220米)','','2025-04-15 14:03:06','2025-04-15 14:03:06'),(1700,'湘豫停车场',113.1525140,28.1844950,'湖南省','长沙市','长沙县','东十一路南段86号','','2025-04-15 14:03:06','2025-04-15 14:03:06'),(1701,'星沙生态公园北停车场',113.0705410,28.2637190,'湖南省','长沙市','长沙县','明月路与东升路交叉口西380米','','2025-04-15 14:03:06','2025-04-15 14:03:06'),(1702,'旺德府恺悦国际停车场',113.0564910,28.2302070,'湖南省','长沙市','长沙县','三一大道526号旺德府恺悦国际','','2025-04-15 14:03:06','2025-04-15 14:03:06'),(1703,'和悦城地下停车场',113.0653830,28.2800230,'湖南省','长沙市','长沙县','蟠龙路与万家丽北路交叉口东140米','','2025-04-15 14:03:06','2025-04-15 14:03:06'),(1704,'长沙住房公积金管理中心长沙县管理部地面停车场',113.0768660,28.2345210,'湖南省','长沙市','长沙县','金茂路与板仓路交叉口西100米','','2025-04-15 14:03:06','2025-04-15 14:03:06'),(1705,'维也纳酒店长沙万家丽北路土桥地铁站店地面停车点',113.0547650,28.2618780,'湖南省','长沙市','长沙县','维也纳酒店(长沙县万家丽北路土桥地铁站店)','','2025-04-15 14:03:06','2025-04-15 14:03:06'),(1706,'华润·置地广场西停车场',113.1088060,28.2455840,'湖南省','长沙市','长沙县','东六路266号华润置地广场','','2025-04-15 14:03:06','2025-04-15 14:03:06'),(1707,'榔梨公租房小区停车场',113.1439940,28.1886260,'湖南省','长沙市','长沙县','东十路','','2025-04-15 14:03:06','2025-04-15 14:03:06'),(1708,'新长海广场南地面停车场',113.0768200,28.2270780,'湖南省','长沙市','长沙县','新长海广场','','2025-04-15 14:03:06','2025-04-15 14:03:06'),(1709,'许光达故居停车点',113.0901710,28.1356520,'湖南省','长沙市','长沙县','黄兴镇许光达故居','','2025-04-15 14:03:06','2025-04-15 14:03:06'),(1710,'地面停车场',113.0633430,28.2703720,'湖南省','长沙市','长沙县','滨湖西路与社仓路交叉口西南40米','','2025-04-15 14:03:06','2025-04-15 14:03:06'),(1711,'水渡河市场停车场',113.0674160,28.2862360,'湖南省','长沙市','长沙县','捞刀河路水渡河农副产品交易中心','','2025-04-15 14:03:06','2025-04-15 14:03:06'),(1712,'安沙国际建材城(闽商总部)停车场',113.0786250,28.3129020,'湖南省','长沙市','长沙县','万家丽北路168号安沙国际建材城(闽商总部)','','2025-04-15 14:03:06','2025-04-15 14:03:06'),(1713,'东方美地南停车场',113.1292520,28.1971800,'湖南省','长沙市','长沙县','红树坡路与佳园路交叉口东220米','','2025-04-15 14:03:06','2025-04-15 14:03:06'),(1714,'湘绣苑公共租赁住宅小区停车场',113.0714610,28.2700020,'湖南省','长沙市','长沙县','腾辉路与滨湖西路交叉口北140米','','2025-04-15 14:03:06','2025-04-15 14:03:06'),(1715,'长沙会展诺富特酒店停车点',113.0843370,28.1495490,'湖南省','长沙市','长沙县','国展路99号长沙高铁南站会展诺富特酒店','','2025-04-15 14:03:06','2025-04-15 14:03:06'),(1716,'群晟国际大酒店地面停车场',113.0641610,28.2742550,'湖南省','长沙市','长沙县','星沙联络线辅路与万家丽北路交叉口东南40米','','2025-04-15 14:03:06','2025-04-15 14:03:06'),(1717,'星为·创芯园地面停车场',113.1276610,28.2018160,'湖南省','长沙市','长沙县','黄兴大道南段与人民东路二段交叉口北100米','','2025-04-15 14:03:06','2025-04-15 14:03:06'),(1718,'湖南晟象智慧物流园地面停车场',113.1756320,28.1260430,'湖南省','长沙市','长沙县','黄江大道2段8号湖南晟象智慧物流园','','2025-04-15 14:03:06','2025-04-15 14:03:06'),(1719,'长沙县妇幼保健院地下停车场',113.1271170,28.2437620,'湖南省','长沙市','长沙县','长沙县妇幼保健院(螺丝塘地铁站2号口步行460米)','','2025-04-15 14:03:06','2025-04-15 14:03:06'),(1720,'印山湖停车点',113.3329860,28.0886530,'湖南省','长沙市','长沙县','印山湖内(南侧)','','2025-04-15 14:03:06','2025-04-15 14:03:06'),(1721,'爵士湘停车场',113.1231670,28.2197820,'湖南省','长沙市','长沙县','盼盼路777爵士湘','','2025-04-15 14:03:06','2025-04-15 14:03:06'),(1722,'万科天空之境车库',113.0910430,28.1571490,'湖南省','长沙市','长沙县','上湾东路万科天空之镜内部路','','2025-04-15 14:03:06','2025-04-15 14:03:06'),(1723,'开鑫商城地下停车场',113.0823860,28.2465400,'湖南省','长沙市','长沙县','天华北路与开元中路交叉口东北60米','','2025-04-15 14:03:06','2025-04-15 14:03:06'),(1724,'未来·漫城SOHO国际地下停车场',113.0866670,28.2593490,'湖南省','长沙市','长沙县','星沙大道与滨湖东路交叉口东南140米','','2025-04-15 14:03:06','2025-04-15 14:03:06'),(1725,'长沙百联购物公园·空港8号地面停车场',113.2019950,28.2007730,'湖南省','长沙市','长沙县','临空经济示范区核心区,人民东路和黄金大道交界口西南侧长沙百联购物公园·空港8号','','2025-04-15 14:03:06','2025-04-15 14:03:06'),(1726,'华耀国际影城(泉塘店)地面停车场',113.1148300,28.2170480,'湖南省','长沙市','长沙县','小塘路与盼盼路交叉口南100米','','2025-04-15 14:03:06','2025-04-15 14:03:06'),(1727,'长沙盛喜华美达广场酒店地下停车场',113.0631950,28.2608520,'湖南省','长沙市','长沙县','南塘路与湘龙路交叉口南120米','','2025-04-15 14:03:06','2025-04-15 14:03:06'),(1728,'中南汽车世界停车场',113.0626520,28.2360260,'湖南省','长沙市','长沙县','卫星路中南汽车世界-G区','','2025-04-15 14:03:06','2025-04-15 14:03:06'),(1729,'晴溪莊园(长沙店)地面停车场',113.0860830,28.2330120,'湖南省','长沙市','长沙县','星沙大道与金茂路交叉口南120米','','2025-04-15 14:03:06','2025-04-15 14:03:06'),(1730,'湘豫大型停车场',113.1900050,28.1381450,'湖南省','长沙市','长沙县','黄江大道145号','','2025-04-15 14:03:06','2025-04-15 14:03:06'),(1731,'华润凤凰城一期停车场',113.0885130,28.2511270,'湖南省','长沙市','长沙县','星沙街道星沙大道188号凤凰城1期','','2025-04-15 14:03:06','2025-04-15 14:03:06'),(1732,'泉星公园地下停车场',113.1140430,28.2295010,'湖南省','长沙市','长沙县','快乐惠连锁酒店对面','','2025-04-15 14:03:06','2025-04-15 14:03:06'),(1733,'长沙经开区力都广场地下停车场',113.1154160,28.2288040,'湖南省','长沙市','长沙县','长沙经开区力都广场','','2025-04-15 14:03:06','2025-04-15 14:03:06'),(1734,'中南汽车世界停车场',113.0617170,28.2333800,'湖南省','长沙市','长沙县','卫星路137号中南汽车世界小区','','2025-04-15 14:03:20','2025-04-15 14:03:20'),(1735,'凤凰城倚云府地下停车场',113.0908850,28.2514400,'湖南省','长沙市','长沙县','凤凰城倚云府','','2025-04-15 14:03:20','2025-04-15 14:03:20'),(1736,'停车场',113.0872700,28.2608890,'湖南省','长沙市','长沙县','滨湖东路与星沙大道交叉口东120米','','2025-04-15 14:03:20','2025-04-15 14:03:20'),(1737,'松雅湖·金岸地下停车场',113.0813620,28.2657750,'湖南省','长沙市','长沙县','未知详细地址','','2025-04-15 14:03:20','2025-04-15 14:03:20'),(1738,'长沙黄花机场临空充电站停车场',113.2210950,28.2216970,'湖南省','长沙市','长沙县','103省道聚福轩大酒店前坪','','2025-04-15 14:03:20','2025-04-15 14:03:20'),(1739,'恒基凯旋门3C栋停车场',113.0971720,28.2487820,'湖南省','长沙市','长沙县','国家税务总局长沙县税务局长沙经济技术开发区税务局西门旁','','2025-04-15 14:03:20','2025-04-15 14:03:20'),(1740,'影珠山森林公园福影度假生态园停车场',113.1938640,28.5244310,'湖南省','长沙市','长沙县','影珠山森林公园附近','','2025-04-15 14:03:20','2025-04-15 14:03:20'),(1741,'兆坤星悦荟大众传媒店停车场',113.0789680,28.2546270,'湖南省','长沙市','长沙县','天华北路与特立路交叉口东南40米','','2025-04-15 14:03:20','2025-04-15 14:03:20'),(1742,'星沙比亚迪宿舍停车场',113.1609150,28.2284080,'湖南省','长沙市','长沙县','漓湘东路与长株辅道交叉口东340米','','2025-04-15 14:03:20','2025-04-15 14:03:20'),(1743,'希尔顿欢朋酒店停车场',113.0998980,28.2178020,'湖南省','长沙市','长沙县','盼盼路28号长沙星沙希尔顿欢朋酒店','','2025-04-15 14:03:20','2025-04-15 14:03:20'),(1744,'长沙碧桂园凤凰酒店停车场',113.0871900,28.2658450,'湖南省','长沙市','长沙县','香堤路与星沙大道交叉口北400米','','2025-04-15 14:03:20','2025-04-15 14:03:20'),(1745,'通和停车场',113.1299970,28.1271920,'湖南省','长沙市','长沙县','黄江大道胜利路口公交站西','','2025-04-15 14:03:20','2025-04-15 14:03:20'),(1746,'碧桂园中央花园停车场',113.0938530,28.2451410,'湖南省','长沙市','长沙县','开元东路与东二路交叉口东40米','','2025-04-15 14:03:20','2025-04-15 14:03:20'),(1747,'湖南水利水电职业技术学院停车场',113.1053670,28.2135180,'湖南省','长沙市','长沙县','泉塘街道东四路20号湖南水利水电职业技术学院','','2025-04-15 14:03:20','2025-04-15 14:03:20'),(1748,'维也纳酒店(海德公园店)停车场',113.1120910,28.2224540,'湖南省','长沙市','长沙县','维也纳酒店(长沙海德公园电力职院店)','','2025-04-15 14:03:20','2025-04-15 14:03:20'),(1749,'星沙花卉大市场停车场',113.0745490,28.2655210,'湖南省','长沙市','长沙县','星沙互通与长沙服务区交叉口东南160米','','2025-04-15 14:03:20','2025-04-15 14:03:20'),(1750,'长沙县湘龙清水塘停车场',113.0581480,28.2483130,'湖南省','长沙市','长沙县','锦绣路与湘绣路交叉口南200米','','2025-04-15 14:03:20','2025-04-15 14:03:20'),(1751,'田汉文化园停车场',113.2106930,28.3237730,'湖南省','长沙市','长沙县','果园大道田汉文化园(东北角)','','2025-04-15 14:03:20','2025-04-15 14:03:20'),(1752,'水渡家园-地下停车场',113.0683880,28.2857670,'湖南省','长沙市','长沙县','捞刀河路与望新路交叉口西180米','','2025-04-15 14:03:20','2025-04-15 14:03:20'),(1753,'长沙开元路停车场',113.0915710,28.2452850,'湖南省','长沙市','长沙县','开元东路178号','','2025-04-15 14:03:20','2025-04-15 14:03:20'),(1754,'延禧大酒店停车场',113.1184710,28.1314670,'湖南省','长沙市','长沙县','树新路北','','2025-04-15 14:03:20','2025-04-15 14:03:20'),(1755,'停车场',113.1079800,28.2810350,'湖南省','长沙市','长沙县','万明路','','2025-04-15 14:03:20','2025-04-15 14:03:20'),(1756,'湘雅博爱康复医院湘龙院区地面停车场',113.0589860,28.2685010,'湖南省','长沙市','长沙县','未知详细地址','','2025-04-15 14:03:20','2025-04-15 14:03:20'),(1757,'停车场(万明路)',113.1101290,28.2766670,'湖南省','长沙市','长沙县','万明路','','2025-04-15 14:03:20','2025-04-15 14:03:20'),(1758,'城市花园停车场',113.1365950,28.1743840,'湖南省','长沙市','长沙县','车身路与黄兴大道南段交叉路口东侧(城市花园)','','2025-04-15 14:03:20','2025-04-15 14:03:20'),(1759,'香槟花苑停车场',113.0852260,28.2320770,'湖南省','长沙市','长沙县','星沙大道与北斗路交叉口西北40米','','2025-04-15 14:03:20','2025-04-15 14:03:20'),(1760,'长沙县文体中心南停车场',113.1100570,28.2479150,'湖南省','长沙市','长沙县','东六路棠坡路长沙县文体中心','','2025-04-15 14:03:20','2025-04-15 14:03:20'),(1761,'维也纳国际酒店长沙机场店停车场',113.1439580,28.1935590,'湖南省','长沙市','长沙县','㮾梨街道东十路与大元路交汇处高峰汽配城23栋134号维也纳国际酒店','','2025-04-15 14:03:20','2025-04-15 14:03:20'),(1762,'明城商务广场停车场',113.0815640,28.2362410,'湖南省','长沙市','长沙县','天华中路与杉冲巷交叉口西南20米','','2025-04-15 14:03:20','2025-04-15 14:03:20'),(1763,'三景华御地下停车场',113.1049100,28.2177920,'湖南省','长沙市','长沙县','盼盼路88号(盼盼路以南、远大路以北)三景华御','','2025-04-15 14:03:20','2025-04-15 14:03:20'),(1764,'中阳路-道路停车位',113.0747100,28.2297300,'湖南省','长沙市','长沙县','中阳路与东升路交叉口南40米','','2025-04-15 14:03:20','2025-04-15 14:03:20'),(1765,'长沙县中医医院停车场',113.1139910,28.3750450,'湖南省','长沙市','长沙县','安沙中路与安黄线交叉口西南460米','','2025-04-15 14:03:20','2025-04-15 14:03:20'),(1766,'花样年华停车场',113.0633220,28.2575640,'湖南省','长沙市','长沙县','南塘路花样年华','','2025-04-15 14:03:20','2025-04-15 14:03:20'),(1767,'长沙县黄花镇卫生院停车场',113.1909440,28.2302240,'湖南省','长沙市','长沙县','黄花路与黄花商业街交叉口北20米','','2025-04-15 14:03:20','2025-04-15 14:03:20'),(1768,'海德公园西停车场',113.1121290,28.2199540,'湖南省','长沙市','长沙县','东六路与盼盼路交叉口北180米','','2025-04-15 14:03:20','2025-04-15 14:03:20'),(1769,'长永佳苑地下停车场',113.0653480,28.2318380,'湖南省','长沙市','长沙县','博展路与时中路交叉口东120米','','2025-04-15 14:03:20','2025-04-15 14:03:20'),(1770,'小顽国景区停车场',113.1874110,28.2821270,'湖南省','长沙市','长沙县','黄花镇银龙村枞木塘组357号小顽国景区','','2025-04-15 14:03:20','2025-04-15 14:03:20'),(1771,'湘科集团行政总部大楼停车场',113.1061490,28.2263190,'湖南省','长沙市','长沙县','漓湘东路9号','','2025-04-15 14:03:20','2025-04-15 14:03:20'),(1772,'开源鑫城大酒店停车场',113.0823910,28.2473290,'湖南省','长沙市','长沙县','天华北路开源贵宾楼','','2025-04-15 14:03:20','2025-04-15 14:03:20'),(1773,'维也纳酒店(长沙松雅湖星沙地铁站店)停车场',113.0867300,28.2522820,'湖南省','长沙市','长沙县','星沙大道198号维也纳国际酒店(长沙松雅湖星沙地铁站店)','','2025-04-15 14:03:20','2025-04-15 14:03:20'),(1774,'地面停车场',113.1013840,28.2558760,'湖南省','长沙市','长沙县','特立东路与白杨咀路交叉口东北180米','','2025-04-15 14:03:20','2025-04-15 14:03:20'),(1775,'P3停车场',113.0834100,28.1460350,'湖南省','长沙市','长沙县','国展路与礼宾路交叉口南120米','','2025-04-15 14:03:20','2025-04-15 14:03:20'),(1776,'海德公园南停车场',113.1145290,28.2205020,'湖南省','长沙市','长沙县','小塘路与盼盼路交叉口北260米','','2025-04-15 14:03:20','2025-04-15 14:03:20'),(1777,'进出口商品交易展示中心地面停车场',113.2046600,28.1946420,'湖南省','长沙市','长沙县','进出口商品交易展示中心','','2025-04-15 14:03:20','2025-04-15 14:03:20'),(1778,'未来漫城商业中心地下停车场',113.0875890,28.2590550,'湖南省','长沙市','长沙县','未来漫城商业中心','','2025-04-15 14:03:20','2025-04-15 14:03:20'),(1779,'长沙经开医院地下停车场',113.1257250,28.2022210,'湖南省','长沙市','长沙县','黄兴大道南段52号长沙经开医院','','2025-04-15 14:03:20','2025-04-15 14:03:20'),(1780,'湖南物流总部地面停车场',113.1204980,28.1293120,'湖南省','长沙市','长沙县','接驾岭路88号湖南物流总部物流园','','2025-04-15 14:03:20','2025-04-15 14:03:20'),(1781,'橙果酒店星沙店地下停车场',113.0606340,28.2372780,'湖南省','长沙市','长沙县','蒸湘西路88号橙果酒店(火车站店)','','2025-04-15 14:03:20','2025-04-15 14:03:20'),(1782,'开源鑫贸大楼地下停车场',113.0827170,28.2465180,'湖南省','长沙市','长沙县','天华北路与开元中路交叉口东北80米','','2025-04-15 14:03:20','2025-04-15 14:03:20'),(1783,'星大花园停车场',113.0828850,28.2454400,'湖南省','长沙市','长沙县','天华中路122号星大花园','','2025-04-15 14:03:20','2025-04-15 14:03:20'),(1784,'金融街购物中心地下停车场',116.3621500,39.9150830,'北京市','北京市','西城区','金城坊街2号金融街购物中心','','2025-04-15 14:06:17','2025-04-15 14:06:17'),(1785,'西单大悦城地下停车场',116.3723580,39.9104520,'北京市','北京市','西城区','西单北大街131号西单大悦城','','2025-04-15 14:06:17','2025-04-15 14:06:17'),(1786,'汉光百货地下停车场',116.3759720,39.9096350,'北京市','北京市','西城区','小石虎胡同汉光百货(西单地铁站B北口步行230米)','','2025-04-15 14:06:17','2025-04-15 14:06:17'),(1787,'北京儿童医院地下停车场',116.3558580,39.9128160,'北京市','北京市','西城区','南礼士路56号首都医科大学附属北京儿童医院','','2025-04-15 14:06:17','2025-04-15 14:06:17'),(1788,'阜成门内大街-道路停车位',116.3617770,39.9237190,'北京市','北京市','西城区','阜成门内大街与宫门口西岔交叉口西40米','','2025-04-15 14:06:17','2025-04-15 14:06:17'),(1789,'国家大剧院地下停车场',116.3887090,39.9064920,'北京市','北京市','西城区','石碑胡同4号(天安门西地铁站C西南口步行250米)','','2025-04-15 14:06:17','2025-04-15 14:06:17'),(1790,'中国医学科学院阜外医院地下停车场',116.3500840,39.9251670,'北京市','北京市','西城区','北礼士路167号中国医学科学院阜外医院','','2025-04-15 14:06:17','2025-04-15 14:06:17'),(1791,'长安商场停车场',116.3451340,39.9076960,'北京市','北京市','西城区','复兴门外大街15号','','2025-04-15 14:06:17','2025-04-15 14:06:17'),(1792,'北京大学第一医院第二住院部地下停车场',116.3794240,39.9291010,'北京市','北京市','西城区','西什库大街7号北京大学第一医院第二住院部','','2025-04-15 14:06:17','2025-04-15 14:06:17'),(1793,'北京大学第一医院门诊楼地下停车场',116.3809100,39.9323630,'北京市','北京市','西城区','西什库大街8号北京大学第一医院内','','2025-04-15 14:06:17','2025-04-15 14:06:17'),(1794,'地面停车场',116.3725630,39.9340220,'北京市','北京市','西城区','宝产胡同甲3号(平安里地铁站D西南口步行140米)','','2025-04-15 14:06:17','2025-04-15 14:06:17'),(1795,'停车场(近景山公园西门)',116.3938830,39.9266570,'北京市','北京市','西城区','景山西街','','2025-04-15 14:06:17','2025-04-15 14:06:17'),(1796,'首都博物馆停车场',116.3426940,39.9069340,'北京市','北京市','西城区','复兴门外大街16号首都博物馆','','2025-04-15 14:06:17','2025-04-15 14:06:17'),(1797,'首都医科大学宣武医院第1停车场',116.3626600,39.8915110,'北京市','北京市','西城区','长椿街45号首都医科大学宣武医院内','','2025-04-15 14:06:17','2025-04-15 14:06:17'),(1798,'景山西街地面停车场',116.3938380,39.9279790,'北京市','北京市','西城区','景山西街44号','','2025-04-15 14:06:17','2025-04-15 14:06:17'),(1799,'琉璃厂西街地面停车场',116.3809850,39.8955070,'北京市','北京市','西城区','椿树社区卫生服务中心(荣宝斋大厦西)','','2025-04-15 14:06:17','2025-04-15 14:06:17'),(1800,'北京大学人民医院西直门院区地面停车场',116.3547800,39.9374230,'北京市','北京市','西城区','西直门北礼士路甲54号(西直门地铁站D西南口步行400米)','','2025-04-15 14:06:17','2025-04-15 14:06:17'),(1801,'白云观地下停车场',116.3429600,39.8997970,'北京市','北京市','西城区','白云观街7号白云观','','2025-04-15 14:06:17','2025-04-15 14:06:17'),(1802,'北京积水潭医院新街口院区地面停车场',116.3754770,39.9431840,'北京市','北京市','西城区','新街口东街31号北京积水潭医院内','','2025-04-15 14:06:17','2025-04-15 14:06:17'),(1803,'北京北站临时落客区',116.3549220,39.9433440,'北京市','北京市','西城区','西直门北大街北滨河路1号北京北站','','2025-04-15 14:06:17','2025-04-15 14:06:17'),(1804,'北京大学人民医院地下停车场',116.3540080,39.9375250,'北京市','北京市','西城区','西直门南大街11号北京大学人民医院','','2025-04-15 14:06:17','2025-04-15 14:06:17'),(1805,'东方捷路地下停车场',116.4034610,39.9092430,'北京市','北京市','东城区','南池子大街菖蒲河公园(天安门东地铁站B东北口步行260米)东方捷路停车场B1层','','2025-04-15 14:06:17','2025-04-15 14:06:17'),(1806,'三里河东辅路-道路停车位',116.3354020,39.9119670,'北京市','北京市','西城区','三里河南段东辅路(玉渊潭东门地铁站C东南口步行220米)','','2025-04-15 14:06:17','2025-04-15 14:06:17'),(1807,'菜市口百货菜百店停车场',116.3595410,39.8891360,'北京市','北京市','西城区','广安门内大街306号菜市口百货菜百店','','2025-04-15 14:06:17','2025-04-15 14:06:17'),(1808,'北京北站地面停车场',116.3554520,39.9442940,'北京市','北京市','西城区','西直门地铁站A2西北口步行450米','','2025-04-15 14:06:17','2025-04-15 14:06:17'),(1809,'北京北站地下停车场',116.3528380,39.9422280,'北京市','北京市','西城区','北京北站B2层(西直门地铁站E1北口旁)','','2025-04-15 14:06:17','2025-04-15 14:06:17'),(1810,'中国中医科学院广安门医院地下停车场',116.3520680,39.8910600,'北京市','北京市','西城区','北线阁街5号','','2025-04-15 14:06:17','2025-04-15 14:06:17'),(1811,'北京动物园南门停车场',116.3375180,39.9388740,'北京市','北京市','西城区','西直门外大街137号北京动物园内(南侧)','','2025-04-15 14:06:17','2025-04-15 14:06:17'),(1812,'普度寺遗址地下停车场',116.4043360,39.9131010,'北京市','北京市','东城区','普渡寺前巷普度寺','','2025-04-15 14:06:17','2025-04-15 14:06:17'),(1813,'凯德MALL西直门店地下停车场',116.3524690,39.9425760,'北京市','北京市','西城区','西直门外大街1号西环广场凯德MALL(西直门店)B2','','2025-04-15 14:06:17','2025-04-15 14:06:17'),(1814,'地面停车场',116.4041940,39.9339190,'北京市','北京市','东城区','南锣鼓巷(南锣鼓巷地铁站F东北口步行120米)','','2025-04-15 14:06:17','2025-04-15 14:06:17'),(1815,'中国中医科学院广安门医院停车场',116.3524520,39.8909560,'北京市','北京市','西城区','北线阁街与莲房胡同交叉口西北120米','','2025-04-15 14:06:17','2025-04-15 14:06:17'),(1816,'中华世纪坛地面停车场',116.3213620,39.9121690,'北京市','北京市','海淀区','军博西路与玉渊潭南路交叉口西150米','','2025-04-15 14:06:17','2025-04-15 14:06:17'),(1817,'北京apm地下停车场',116.4122210,39.9147880,'北京市','北京市','东城区','王府井大街138号(地铁八号线金鱼胡同站)','','2025-04-15 14:06:17','2025-04-15 14:06:17'),(1818,'北京展览馆停车场',116.3426690,39.9396220,'北京市','北京市','西城区','北展西马路(动物园地铁站C2东南口步行290米)','','2025-04-15 14:06:17','2025-04-15 14:06:17'),(1819,'前门东大街-道路停车位',116.4029650,39.9004180,'北京市','北京市','东城区','前门街道前门东大街20号(老火车站东侧)规划展览馆内','','2025-04-15 14:06:17','2025-04-15 14:06:17'),(1820,'南锣鼓巷南口东侧临时地面停车场',116.4040160,39.9337400,'北京市','北京市','东城区','南锣鼓巷(南锣鼓巷地铁站E西北口步行100米)','','2025-04-15 14:06:17','2025-04-15 14:06:17'),(1821,'北京协和医院东单院区地下停车场',116.4156160,39.9135620,'北京市','北京市','东城区','东单北大街帅府园1号北京协和医院','','2025-04-15 14:06:17','2025-04-15 14:06:17'),(1822,'地安门外大街-道路停车位',116.3961730,39.9372000,'北京市','北京市','西城区','地安门外大街与帽儿胡同交叉口北40米','','2025-04-15 14:06:17','2025-04-15 14:06:17'),(1823,'北京动物园北门停车场',116.3401200,39.9468900,'北京市','北京市','海淀区','西直门外大街137号北京动物园(东北角)','','2025-04-15 14:06:17','2025-04-15 14:06:17'),(1824,'首都医科大学附属北京中医医院停车场',116.4085080,39.9319720,'北京市','北京市','东城区','美术馆后街23号北京中医医院内','','2025-04-15 14:06:17','2025-04-15 14:06:17'),(1825,'玉渊潭公园北门停车场',116.3213660,39.9207200,'北京市','北京市','海淀区','阜成路7号院玉渊潭公园北门','','2025-04-15 14:06:17','2025-04-15 14:06:17'),(1826,'北京安定医院停车场',116.3774020,39.9522020,'北京市','北京市','西城区','安定医院急诊左侧东门','','2025-04-15 14:06:17','2025-04-15 14:06:17'),(1827,'首特四区地面停车场',116.3330360,39.8907690,'北京市','北京市','西城区','广外大街305号','','2025-04-15 14:06:17','2025-04-15 14:06:17'),(1828,'解放军总医院第六医学中心地面停车场',116.3230460,39.9231110,'北京市','北京市','海淀区','阜成路6号解放军总医院第六医学中心内','','2025-04-15 14:06:17','2025-04-15 14:06:17'),(1829,'北京西站P3地下停车场',116.3211590,39.8963000,'北京市','北京市','丰台区','莲花池东路118号北京西站B2层','','2025-04-15 14:06:17','2025-04-15 14:06:17'),(1830,'紫竹院公园东门停车场',116.3249570,39.9403930,'北京市','北京市','海淀区','中关村南大街35号紫竹院公园内(东侧)','','2025-04-15 14:06:17','2025-04-15 14:06:17'),(1831,'北京西站P2地面停车场',116.3183090,39.8963630,'北京市','北京市','丰台区','莲花池东路122-2号附近','','2025-04-15 14:06:17','2025-04-15 14:06:17'),(1832,'梅地亚中心地面停车场',116.3204630,39.9104860,'北京市','北京市','海淀区','复兴路乙11号梅地亚中心','','2025-04-15 14:06:17','2025-04-15 14:06:17'),(1833,'北京西站P1地下停车场',116.3176260,39.8966200,'北京市','北京市','丰台区','莲花池东路118号北京西站','','2025-04-15 14:06:17','2025-04-15 14:06:17'),(1834,'陶然亭路-道路停车位',116.3846610,39.8790180,'北京市','北京市','西城区','新兴里与双柳树二条交叉口南40米','','2025-04-15 14:06:28','2025-04-15 14:06:28'),(1835,'北京世纪坛医院停车场',116.3195120,39.9001390,'北京市','北京市','海淀区','羊坊店铁医路10号首都医科大学附属北京世纪坛医院内','','2025-04-15 14:06:28','2025-04-15 14:06:28'),(1836,'科林大厦停车场',116.4155560,39.9380530,'北京市','北京市','东城区','东四北大街107号科林大厦','','2025-04-15 14:06:28','2025-04-15 14:06:28'),(1837,'北京西站南广场地下停车场',116.3214080,39.8915660,'北京市','北京市','丰台区','北京西站地铁站2东南入口步行490米','','2025-04-15 14:06:28','2025-04-15 14:06:28'),(1838,'北京天桥艺术中心地下停车场',116.3978000,39.8814290,'北京市','北京市','西城区','新农街北京天桥艺术中心(天桥地铁站D西南口步行140米)','','2025-04-15 14:06:28','2025-04-15 14:06:28'),(1839,'北京古代建筑博物馆停车场',116.3926390,39.8786980,'北京市','北京市','西城区','东经路21号北京古代建筑博物馆','','2025-04-15 14:06:28','2025-04-15 14:06:28'),(1840,'国投财富广场南侧停车场',116.3233900,39.8903070,'北京市','北京市','丰台区','广安路9号国投财富广场(湾子地铁站A西北口步行420米)','','2025-04-15 14:06:28','2025-04-15 14:06:28'),(1841,'金宝汇购物中心地下停车场',116.4208190,39.9150100,'北京市','北京市','东城区','金宝街88号金宝汇购物中心','','2025-04-15 14:06:28','2025-04-15 14:06:28'),(1842,'合景摩方地下停车场',116.4174830,39.8998490,'北京市','北京市','东城区','合景摩方(崇文门地铁站H西南口步行170米)','','2025-04-15 14:06:28','2025-04-15 14:06:28'),(1843,'北京南站立体停车场',116.3746530,39.8660720,'北京市','北京市','丰台区','开阳路','','2025-04-15 14:06:28','2025-04-15 14:06:28'),(1844,'北京站地下停车场',116.4314920,39.9047210,'北京市','北京市','东城区','毛家湾胡同甲13号(北京站地铁站C东南出口步行320米)','','2025-04-15 14:06:28','2025-04-15 14:06:28'),(1845,'北京南站东地下停车场',116.3806680,39.8661500,'北京市','北京市','东城区','永外大街12号北京南站','','2025-04-15 14:06:28','2025-04-15 14:06:28'),(1846,'北京站华通地面停车场',116.4319190,39.9046810,'北京市','北京市','东城区','毛家湾胡同甲13号北京站','','2025-04-15 14:06:28','2025-04-15 14:06:28'),(1847,'天坛公园东门地面停车场',116.4188710,39.8830510,'北京市','北京市','东城区','天坛东路甲1号(天坛公园东门内)','','2025-04-15 14:06:28','2025-04-15 14:06:28'),(1848,'地坛公园停车点',116.4142750,39.9513510,'北京市','北京市','东城区','和平里西街77号地坛公园(雍和宫地铁站A西北口步行440米)','','2025-04-15 14:06:28','2025-04-15 14:06:28'),(1849,'北京南站西地下停车场',116.3772650,39.8635960,'北京市','北京市','丰台区','永外大街12号北京南站(北京南站地铁站D西南口步行400米)','','2025-04-15 14:06:28','2025-04-15 14:06:28'),(1850,'国瑞购物中心地下停车场',116.4203730,39.8992490,'北京市','北京市','东城区','崇文门外大街18号国瑞购物中心','','2025-04-15 14:06:28','2025-04-15 14:06:28'),(1851,'空军特色医学中心地面停车场',116.3009530,39.9224980,'北京市','北京市','海淀区','阜成路30号(西钓鱼台地铁站A西北口步行420米)','','2025-04-15 14:06:28','2025-04-15 14:06:28'),(1852,'北京市安内鸭绿江机动车地面停车场',116.4085950,39.9464940,'北京市','北京市','东城区','安定门内大街96号(安定门地铁站A西北口步行430米)','','2025-04-15 14:06:28','2025-04-15 14:06:28'),(1853,'中国国家图书馆停车场',116.3242060,39.9440690,'北京市','北京市','海淀区','中关村南大街33号中国国家图书馆内','','2025-04-15 14:06:28','2025-04-15 14:06:28'),(1854,'大观园停车场',116.3542960,39.8700690,'北京市','北京市','西城区','南菜园街12号大观园(西南角)','','2025-04-15 14:06:28','2025-04-15 14:06:28'),(1855,'北京明城墙遗址公园停车场',116.4338110,39.9013450,'北京市','北京市','东城区','崇文门东大街9北京明城墙遗址公园内(东侧)','','2025-04-15 14:06:28','2025-04-15 14:06:28'),(1856,'四路通17号院地面停车场',116.3843220,39.8651250,'北京市','北京市','丰台区','四路通17号院','','2025-04-15 14:06:28','2025-04-15 14:06:28'),(1857,'雍和宫桥地面停车场',116.4174840,39.9494480,'北京市','北京市','东城区','雍和宫桥桥下(雍和宫地铁站A西北口步行50米)','','2025-04-15 14:06:28','2025-04-15 14:06:28'),(1858,'天坛公园南门东侧停车场',116.4141450,39.8743380,'北京市','北京市','东城区','天坛东里甲1号天坛公园','','2025-04-15 14:06:28','2025-04-15 14:06:28'),(1859,'首都儿科研究所附属儿童医院南地面停车场',116.4404370,39.9143700,'北京市','北京市','朝阳区','雅宝路2号首都医科大学附属首都儿童医学中心','','2025-04-15 14:06:28','2025-04-15 14:06:28'),(1860,'北京国际饭店停车场',116.4281000,39.9090390,'北京市','北京市','东城区','建国门内大街与朝阳门南小街交叉口东北100米','','2025-04-15 14:06:28','2025-04-15 14:06:28'),(1861,'印象城地下停车场',116.3043700,39.9126500,'北京市','北京市','海淀区','翠微路12号印象城翠微店B2层','','2025-04-15 14:06:28','2025-04-15 14:06:28'),(1862,'道路停车位',116.4119390,39.9501680,'北京市','北京市','东城区','北二环与北二环出口交叉口西北140米','','2025-04-15 14:06:28','2025-04-15 14:06:28'),(1863,'丰联广场停车场',116.4387560,39.9233420,'北京市','北京市','朝阳区','朝阳门外大街18号丰联广场B2','','2025-04-15 14:06:28','2025-04-15 14:06:28'),(1864,'首创龙湖北京丽泽天街地下停车场',116.3347680,39.8660750,'北京市','北京市','丰台区','丽泽路300号龙湖北京丽泽天街','','2025-04-15 14:06:28','2025-04-15 14:06:28'),(1865,'首都医科大学附属北京佑安医院停车场',116.3547250,39.8658510,'北京市','北京市','丰台区','右安门外西头条8号首都医科大学附属北京佑安医院内','','2025-04-15 14:06:28','2025-04-15 14:06:28'),(1866,'华通北京站停车场',116.4318340,39.9048690,'北京市','北京市','东城区','大羊毛胡同25号(北京站地铁站C东南出口步行310米)','','2025-04-15 14:06:28','2025-04-15 14:06:28'),(1867,'雍和大厦停车场',116.4207040,39.9487560,'北京市','北京市','东城区','安定门东大街28号雍和大厦','','2025-04-15 14:06:28','2025-04-15 14:06:28'),(1868,'魏公街-道路停车位',116.3224510,39.9536580,'北京市','北京市','海淀区','中关村南大街19-2附近','','2025-04-15 14:06:28','2025-04-15 14:06:28'),(1869,'百荣世贸商城北地面停车场',116.3978320,39.8629110,'北京市','北京市','东城区','永定门外大街101号百荣世贸商城','','2025-04-15 14:06:28','2025-04-15 14:06:28'),(1870,'安定门东滨河路-道路停车位',116.4171800,39.9500320,'北京市','北京市','东城区','安定门东滨河路(雍和宫地铁站A西北口步行140米)','','2025-04-15 14:06:28','2025-04-15 14:06:28'),(1871,'六里桥客运主枢纽地面停车场',116.3064260,39.8795380,'北京市','北京市','丰台区','六里桥南里甲19号(六里桥地铁站D东南口步行480米)','','2025-04-15 14:06:28','2025-04-15 14:06:28'),(1872,'银座mall停车场',116.4353060,39.9404940,'北京市','北京市','东城区','东直门外大街48号(东直门地铁站C东南口步行130米)','','2025-04-15 14:06:28','2025-04-15 14:06:28'),(1873,'来福士地下停车场',116.4319970,39.9402960,'北京市','北京市','东城区','东直门南大街1号北京来福士中心B4','','2025-04-15 14:06:28','2025-04-15 14:06:28'),(1874,'凯德MALL·大峡谷地下停车场',116.3670840,39.8551800,'北京市','北京市','丰台区','南三环西路16号凯德MALL·大峡谷B3','','2025-04-15 14:06:28','2025-04-15 14:06:28'),(1875,'景泰路-道路停车位',116.4134010,39.8698570,'北京市','北京市','东城区','景泰路与桃杨路交叉口北120米','','2025-04-15 14:06:28','2025-04-15 14:06:28'),(1876,'翠微百货停车场',116.3664370,39.9776830,'北京市','北京市','海淀区','花园路2号翠微百货牡丹园店','','2025-04-15 14:06:28','2025-04-15 14:06:28'),(1877,'北京大学肿瘤医院停车场',116.2907640,39.9236700,'北京市','北京市','海淀区','阜成路52号北京大学肿瘤医院内','','2025-04-15 14:06:28','2025-04-15 14:06:28'),(1878,'龙潭中湖公园立体停车场',116.4356140,39.8759700,'北京市','北京市','东城区','左安门内大街19号','','2025-04-15 14:06:28','2025-04-15 14:06:28'),(1879,'百荣世贸商城地面停车场',116.3979490,39.8589900,'北京市','北京市','东城区','永定门外大街101号百荣世贸商城','','2025-04-15 14:06:28','2025-04-15 14:06:28'),(1880,'贵友大厦建外店停车场',116.4510270,39.9088060,'北京市','北京市','朝阳区','建国门外大街甲5号贵友大厦(建外店)','','2025-04-15 14:06:28','2025-04-15 14:06:28'),(1881,'北投购物公园南地面停车场',116.4004060,39.9778300,'北京市','北京市','朝阳区','北土城东路6号附近','','2025-04-15 14:06:28','2025-04-15 14:06:28'),(1882,'北京大学第三医院停车场',116.3604200,39.9822180,'北京市','北京市','海淀区','花园北路49号北京大学第三医院内','','2025-04-15 14:06:28','2025-04-15 14:06:28'),(1883,'银座和谐广场地下停车场',116.2971120,39.8826800,'北京市','北京市','丰台区','万丰路68号院银座和谐广场B2','','2025-04-15 14:06:28','2025-04-15 14:06:28'),(1884,'金融街购物中心地下停车场',116.3621500,39.9150830,'北京市','北京市','西城区','金城坊街2号金融街购物中心','','2025-04-15 14:07:07','2025-04-15 14:07:07'),(1885,'西单大悦城地下停车场',116.3723580,39.9104520,'北京市','北京市','西城区','西单北大街131号西单大悦城','','2025-04-15 14:07:07','2025-04-15 14:07:07'),(1886,'汉光百货地下停车场',116.3759720,39.9096350,'北京市','北京市','西城区','小石虎胡同汉光百货(西单地铁站B北口步行230米)','','2025-04-15 14:07:07','2025-04-15 14:07:07'),(1887,'北京儿童医院地下停车场',116.3558580,39.9128160,'北京市','北京市','西城区','南礼士路56号首都医科大学附属北京儿童医院','','2025-04-15 14:07:07','2025-04-15 14:07:07'),(1888,'阜成门内大街-道路停车位',116.3617770,39.9237190,'北京市','北京市','西城区','阜成门内大街与宫门口西岔交叉口西40米','','2025-04-15 14:07:07','2025-04-15 14:07:07'),(1889,'国家大剧院地下停车场',116.3887090,39.9064920,'北京市','北京市','西城区','石碑胡同4号(天安门西地铁站C西南口步行250米)','','2025-04-15 14:07:07','2025-04-15 14:07:07'),(1890,'中国医学科学院阜外医院地下停车场',116.3500840,39.9251670,'北京市','北京市','西城区','北礼士路167号中国医学科学院阜外医院','','2025-04-15 14:07:07','2025-04-15 14:07:07'),(1891,'长安商场停车场',116.3451340,39.9076960,'北京市','北京市','西城区','复兴门外大街15号','','2025-04-15 14:07:07','2025-04-15 14:07:07'),(1892,'北京大学第一医院第二住院部地下停车场',116.3794240,39.9291010,'北京市','北京市','西城区','西什库大街7号北京大学第一医院第二住院部','','2025-04-15 14:07:07','2025-04-15 14:07:07'),(1893,'北京大学第一医院门诊楼地下停车场',116.3809100,39.9323630,'北京市','北京市','西城区','西什库大街8号北京大学第一医院内','','2025-04-15 14:07:07','2025-04-15 14:07:07'),(1894,'地面停车场',116.3725630,39.9340220,'北京市','北京市','西城区','宝产胡同甲3号(平安里地铁站D西南口步行140米)','','2025-04-15 14:07:07','2025-04-15 14:07:07'),(1895,'停车场(近景山公园西门)',116.3938830,39.9266570,'北京市','北京市','西城区','景山西街','','2025-04-15 14:07:07','2025-04-15 14:07:07'),(1896,'首都博物馆停车场',116.3426940,39.9069340,'北京市','北京市','西城区','复兴门外大街16号首都博物馆','','2025-04-15 14:07:07','2025-04-15 14:07:07'),(1897,'首都医科大学宣武医院第1停车场',116.3626600,39.8915110,'北京市','北京市','西城区','长椿街45号首都医科大学宣武医院内','','2025-04-15 14:07:07','2025-04-15 14:07:07'),(1898,'景山西街地面停车场',116.3938380,39.9279790,'北京市','北京市','西城区','景山西街44号','','2025-04-15 14:07:07','2025-04-15 14:07:07'),(1899,'琉璃厂西街地面停车场',116.3809850,39.8955070,'北京市','北京市','西城区','椿树社区卫生服务中心(荣宝斋大厦西)','','2025-04-15 14:07:07','2025-04-15 14:07:07'),(1900,'北京大学人民医院西直门院区地面停车场',116.3547800,39.9374230,'北京市','北京市','西城区','西直门北礼士路甲54号(西直门地铁站D西南口步行400米)','','2025-04-15 14:07:07','2025-04-15 14:07:07'),(1901,'白云观地下停车场',116.3429600,39.8997970,'北京市','北京市','西城区','白云观街7号白云观','','2025-04-15 14:07:07','2025-04-15 14:07:07'),(1902,'北京积水潭医院新街口院区地面停车场',116.3754770,39.9431840,'北京市','北京市','西城区','新街口东街31号北京积水潭医院内','','2025-04-15 14:07:07','2025-04-15 14:07:07'),(1903,'北京北站临时落客区',116.3549220,39.9433440,'北京市','北京市','西城区','西直门北大街北滨河路1号北京北站','','2025-04-15 14:07:07','2025-04-15 14:07:07'),(1904,'北京大学人民医院地下停车场',116.3540080,39.9375250,'北京市','北京市','西城区','西直门南大街11号北京大学人民医院','','2025-04-15 14:07:07','2025-04-15 14:07:07'),(1905,'东方捷路地下停车场',116.4034610,39.9092430,'北京市','北京市','东城区','南池子大街菖蒲河公园(天安门东地铁站B东北口步行260米)东方捷路停车场B1层','','2025-04-15 14:07:07','2025-04-15 14:07:07'),(1906,'三里河东辅路-道路停车位',116.3354020,39.9119670,'北京市','北京市','西城区','三里河南段东辅路(玉渊潭东门地铁站C东南口步行220米)','','2025-04-15 14:07:07','2025-04-15 14:07:07'),(1907,'菜市口百货菜百店停车场',116.3595410,39.8891360,'北京市','北京市','西城区','广安门内大街306号菜市口百货菜百店','','2025-04-15 14:07:07','2025-04-15 14:07:07'),(1908,'北京北站地面停车场',116.3554520,39.9442940,'北京市','北京市','西城区','西直门地铁站A2西北口步行450米','','2025-04-15 14:07:07','2025-04-15 14:07:07'),(1909,'北京北站地下停车场',116.3528380,39.9422280,'北京市','北京市','西城区','北京北站B2层(西直门地铁站E1北口旁)','','2025-04-15 14:07:07','2025-04-15 14:07:07'),(1910,'中国中医科学院广安门医院地下停车场',116.3520680,39.8910600,'北京市','北京市','西城区','北线阁街5号','','2025-04-15 14:07:07','2025-04-15 14:07:07'),(1911,'北京动物园南门停车场',116.3375180,39.9388740,'北京市','北京市','西城区','西直门外大街137号北京动物园内(南侧)','','2025-04-15 14:07:07','2025-04-15 14:07:07'),(1912,'普度寺遗址地下停车场',116.4043360,39.9131010,'北京市','北京市','东城区','普渡寺前巷普度寺','','2025-04-15 14:07:07','2025-04-15 14:07:07'),(1913,'凯德MALL西直门店地下停车场',116.3524690,39.9425760,'北京市','北京市','西城区','西直门外大街1号西环广场凯德MALL(西直门店)B2','','2025-04-15 14:07:07','2025-04-15 14:07:07'),(1914,'地面停车场',116.4041940,39.9339190,'北京市','北京市','东城区','南锣鼓巷(南锣鼓巷地铁站F东北口步行120米)','','2025-04-15 14:07:07','2025-04-15 14:07:07'),(1915,'中国中医科学院广安门医院停车场',116.3524520,39.8909560,'北京市','北京市','西城区','北线阁街与莲房胡同交叉口西北120米','','2025-04-15 14:07:07','2025-04-15 14:07:07'),(1916,'中华世纪坛地面停车场',116.3213620,39.9121690,'北京市','北京市','海淀区','军博西路与玉渊潭南路交叉口西150米','','2025-04-15 14:07:07','2025-04-15 14:07:07'),(1917,'北京apm地下停车场',116.4122210,39.9147880,'北京市','北京市','东城区','王府井大街138号(地铁八号线金鱼胡同站)','','2025-04-15 14:07:07','2025-04-15 14:07:07'),(1918,'北京展览馆停车场',116.3426690,39.9396220,'北京市','北京市','西城区','北展西马路(动物园地铁站C2东南口步行290米)','','2025-04-15 14:07:07','2025-04-15 14:07:07'),(1919,'前门东大街-道路停车位',116.4029650,39.9004180,'北京市','北京市','东城区','前门街道前门东大街20号(老火车站东侧)规划展览馆内','','2025-04-15 14:07:07','2025-04-15 14:07:07'),(1920,'南锣鼓巷南口东侧临时地面停车场',116.4040160,39.9337400,'北京市','北京市','东城区','南锣鼓巷(南锣鼓巷地铁站E西北口步行100米)','','2025-04-15 14:07:07','2025-04-15 14:07:07'),(1921,'北京协和医院东单院区地下停车场',116.4156160,39.9135620,'北京市','北京市','东城区','东单北大街帅府园1号北京协和医院','','2025-04-15 14:07:07','2025-04-15 14:07:07'),(1922,'地安门外大街-道路停车位',116.3961730,39.9372000,'北京市','北京市','西城区','地安门外大街与帽儿胡同交叉口北40米','','2025-04-15 14:07:07','2025-04-15 14:07:07'),(1923,'北京动物园北门停车场',116.3401200,39.9468900,'北京市','北京市','海淀区','西直门外大街137号北京动物园(东北角)','','2025-04-15 14:07:07','2025-04-15 14:07:07'),(1924,'首都医科大学附属北京中医医院停车场',116.4085080,39.9319720,'北京市','北京市','东城区','美术馆后街23号北京中医医院内','','2025-04-15 14:07:07','2025-04-15 14:07:07'),(1925,'玉渊潭公园北门停车场',116.3213660,39.9207200,'北京市','北京市','海淀区','阜成路7号院玉渊潭公园北门','','2025-04-15 14:07:07','2025-04-15 14:07:07'),(1926,'北京安定医院停车场',116.3774020,39.9522020,'北京市','北京市','西城区','安定医院急诊左侧东门','','2025-04-15 14:07:07','2025-04-15 14:07:07'),(1927,'首特四区地面停车场',116.3330360,39.8907690,'北京市','北京市','西城区','广外大街305号','','2025-04-15 14:07:07','2025-04-15 14:07:07'),(1928,'解放军总医院第六医学中心地面停车场',116.3230460,39.9231110,'北京市','北京市','海淀区','阜成路6号解放军总医院第六医学中心内','','2025-04-15 14:07:07','2025-04-15 14:07:07'),(1929,'北京西站P3地下停车场',116.3211590,39.8963000,'北京市','北京市','丰台区','莲花池东路118号北京西站B2层','','2025-04-15 14:07:07','2025-04-15 14:07:07'),(1930,'紫竹院公园东门停车场',116.3249570,39.9403930,'北京市','北京市','海淀区','中关村南大街35号紫竹院公园内(东侧)','','2025-04-15 14:07:07','2025-04-15 14:07:07'),(1931,'北京西站P2地面停车场',116.3183090,39.8963630,'北京市','北京市','丰台区','莲花池东路122-2号附近','','2025-04-15 14:07:07','2025-04-15 14:07:07'),(1932,'梅地亚中心地面停车场',116.3204630,39.9104860,'北京市','北京市','海淀区','复兴路乙11号梅地亚中心','','2025-04-15 14:07:07','2025-04-15 14:07:07'),(1933,'北京西站P1地下停车场',116.3176260,39.8966200,'北京市','北京市','丰台区','莲花池东路118号北京西站','','2025-04-15 14:07:07','2025-04-15 14:07:07'),(1934,'长沙方特东方神画B区停车场',112.5963580,28.2059820,'湖南省','长沙市','宁乡市','岳宁大道辅路与华强大道辅路交叉口南340米','','2025-04-15 14:09:03','2025-04-15 14:09:03'),(1935,'刘少奇同志纪念馆停车场',112.6436920,28.0335690,'湖南省','长沙市','宁乡市','宁乡市X087','','2025-04-15 14:09:03','2025-04-15 14:09:03'),(1936,'九龙仓时代奥特莱斯地面停车场',112.6890030,28.2702580,'湖南省','长沙市','宁乡市','九龙仓时代奥特莱斯','','2025-04-15 14:09:03','2025-04-15 14:09:03'),(1937,'宁乡西站停车场',112.5342770,28.2948090,'湖南省','长沙市','宁乡市','未知详细地址','','2025-04-15 14:09:03','2025-04-15 14:09:03'),(1938,'花明楼风景名胜区地面停车场',112.6394240,28.0279880,'湖南省','长沙市','宁乡市','花明大道花明楼景区','','2025-04-15 14:09:03','2025-04-15 14:09:03'),(1939,'关山古镇停车场',112.6784890,28.2959130,'湖南省','长沙市','宁乡市','金洲镇关山旅游社区关山古镇内(南侧)','','2025-04-15 14:09:03','2025-04-15 14:09:03'),(1940,'长沙西服务区停车场',112.6560100,28.3805560,'湖南省','长沙市','宁乡市','长益高速附近','','2025-04-15 14:09:03','2025-04-15 14:09:03'),(1941,'宁乡站停车场',112.5814790,28.2885260,'湖南省','长沙市','宁乡市','车站中路181号附近','','2025-04-15 14:09:03','2025-04-15 14:09:03'),(1942,'宁乡市客运总站停车场',112.5462560,28.2352980,'湖南省','长沙市','宁乡市','白马南路与二环南路交汇处','','2025-04-15 14:09:03','2025-04-15 14:09:03'),(1943,'翡翠湖国际广场停车场',112.5457880,28.2693110,'湖南省','长沙市','宁乡市','翡翠湖国际广场','','2025-04-15 14:09:03','2025-04-15 14:09:03'),(1944,'湖南省宁乡市人民医院停车场',112.5467990,28.2649490,'湖南省','长沙市','宁乡市','一环北路209号湖南省宁乡市人民医院','','2025-04-15 14:09:03','2025-04-15 14:09:03'),(1945,'吾悦广场地下停车场',112.5557280,28.2331200,'湖南省','长沙市','宁乡市','二环南路1219号吾悦广场(长沙宁乡店)','','2025-04-15 14:09:03','2025-04-15 14:09:03'),(1946,'金色夏威夷地下停车场',112.5288460,28.2617100,'湖南省','长沙市','宁乡市','金色湖畔','','2025-04-15 14:09:03','2025-04-15 14:09:03'),(1947,'美信华庭内部地下停车场',112.5640880,28.2776810,'湖南省','长沙市','宁乡市','宁乡大道与金洲大道交叉口西北240米','','2025-04-15 14:09:03','2025-04-15 14:09:03'),(1948,'道林古镇停车场',112.7365420,28.0045640,'湖南省','长沙市','宁乡市','道林古镇','','2025-04-15 14:09:03','2025-04-15 14:09:03'),(1949,'市民之家停车场',112.5545480,28.2796850,'湖南省','长沙市','宁乡市','花明北路市民廉洁文化公园(东侧)','','2025-04-15 14:09:03','2025-04-15 14:09:03'),(1950,'天虹商场宁乡天虹店停车场',112.5480140,28.2517300,'湖南省','长沙市','宁乡市','楚沩中路214号天虹商场(宁乡店)','','2025-04-15 14:09:03','2025-04-15 14:09:03'),(1951,'天虹商场宁乡天虹店地下停车场',112.5485820,28.2509870,'湖南省','长沙市','宁乡市','楚沩中路214号天虹商场(宁乡店)','','2025-04-15 14:09:03','2025-04-15 14:09:03'),(1952,'未来方舟地下停车场',112.5679070,28.2812170,'湖南省','长沙市','宁乡市','学府路与宁乡大道交叉口东200米','','2025-04-15 14:09:03','2025-04-15 14:09:03'),(1953,'未来方舟停车场',112.5675060,28.2812760,'湖南省','长沙市','宁乡市','学府路与宁乡大道交叉口东160米','','2025-04-15 14:09:03','2025-04-15 14:09:03'),(1954,'宁乡万达广场停车场',112.5743020,28.2472990,'湖南省','长沙市','宁乡市','沩江大道与创业路交叉口东100米','','2025-04-15 14:09:03','2025-04-15 14:09:03'),(1955,'楼台山公园停车场',112.5642770,28.2275460,'湖南省','长沙市','宁乡市','岳宁大道辅路与滨江大道交叉口西南100米','','2025-04-15 14:09:03','2025-04-15 14:09:03'),(1956,'玉屏山停车场',112.6051360,28.2937860,'湖南省','长沙市','宁乡市','谐园路207号','','2025-04-15 14:09:03','2025-04-15 14:09:03'),(1957,'宁乡市中医医院(新院区)地面停车场',112.5271700,28.2664950,'湖南省','长沙市','宁乡市','二环南路8号宁乡市中医医院(新院区)','','2025-04-15 14:09:03','2025-04-15 14:09:03'),(1958,'长沙卫生职业学院(新校区)地面停车场',112.5985820,28.2126330,'湖南省','长沙市','宁乡市','岳宁大道6号长沙卫生职业学院','','2025-04-15 14:09:03','2025-04-15 14:09:03'),(1959,'宁乡市步行街停车场',112.5534860,28.2504890,'湖南省','长沙市','宁乡市','八一东路194号(酷宝贝潮童馆旁)','','2025-04-15 14:09:03','2025-04-15 14:09:03'),(1960,'宁乡市老中医院停车场',112.5452350,28.2512840,'湖南省','长沙市','宁乡市','宁乡市中医医院(旧院区)','','2025-04-15 14:09:03','2025-04-15 14:09:03'),(1961,'豪德壹公馆停车场',112.5344040,28.2604550,'湖南省','长沙市','宁乡市','新康西路与楚沩西路交叉口西160米','','2025-04-15 14:09:03','2025-04-15 14:09:03'),(1962,'翡翠湖国际广场地下停车场',112.5446650,28.2700630,'湖南省','长沙市','宁乡市','兆虹路翡翠湖国际广场(西侧)','','2025-04-15 14:09:03','2025-04-15 14:09:03'),(1963,'丽达国际大酒店停车场',112.5391820,28.2565000,'湖南省','长沙市','宁乡市','楚沩西路与玉兴路交叉口南20米','','2025-04-15 14:09:03','2025-04-15 14:09:03'),(1964,'市民廉洁文化公园停车点',112.5547540,28.2801890,'湖南省','长沙市','宁乡市','花明北路与学府路交叉口南140米','','2025-04-15 14:09:03','2025-04-15 14:09:03'),(1965,'货运停车场',112.5917020,28.2758280,'湖南省','长沙市','宁乡市','金洲大道25号','','2025-04-15 14:09:03','2025-04-15 14:09:03'),(1966,'长沙方特东方神画A区停车场',112.5949810,28.2069360,'湖南省','长沙市','宁乡市','岳宁大道辅路与华强大道辅路交叉口西南240米','','2025-04-15 14:09:03','2025-04-15 14:09:03'),(1967,'通程温泉大酒店停车场',112.5645250,28.2748020,'湖南省','长沙市','宁乡市','金洲大道辅路与宁乡大道交叉口西60米','','2025-04-15 14:09:03','2025-04-15 14:09:03'),(1968,'停车场(沿江路)',112.5576160,28.2485140,'湖南省','长沙市','宁乡市','人民中路b栋408号','','2025-04-15 14:09:03','2025-04-15 14:09:03'),(1969,'玉潭公园停车点',112.5340950,28.2454000,'湖南省','长沙市','宁乡市','白龙路玉潭公园(西南角)','','2025-04-15 14:09:03','2025-04-15 14:09:03'),(1970,'回龙山景区停车场',112.3243160,28.0969550,'湖南省','长沙市','宁乡市','迴龙山景区','','2025-04-15 14:09:03','2025-04-15 14:09:03'),(1971,'滨江新外滩停车场',112.5631400,28.2560990,'湖南省','长沙市','宁乡市','龙溪路与沿河北路交叉口西北100米','','2025-04-15 14:09:03','2025-04-15 14:09:03'),(1972,'和泰家园停车场',112.5615860,28.2823850,'湖南省','长沙市','宁乡市','三环北路时代和府','','2025-04-15 14:09:03','2025-04-15 14:09:03'),(1973,'喇叭口停车场',112.5774850,28.2399610,'湖南省','长沙市','宁乡市','金盾路与银河路交叉口东北320米','','2025-04-15 14:09:03','2025-04-15 14:09:03'),(1974,'长沙方特东方神画C区停车场',112.6007870,28.2026930,'湖南省','长沙市','宁乡市','岳宁大道1号长沙方特东方神画内(东侧)','','2025-04-15 14:09:03','2025-04-15 14:09:03'),(1975,'南雅医院停车场',112.5402280,28.2542240,'湖南省','长沙市','宁乡市','楚沩西路与八一西路交叉口西南60米','','2025-04-15 14:09:03','2025-04-15 14:09:03'),(1976,'道林服务区停车场',112.7653670,28.0061870,'湖南省','长沙市','宁乡市','S61岳临高速西50米','','2025-04-15 14:09:03','2025-04-15 14:09:03'),(1977,'大世界居然广场停车场',112.5348360,28.2744520,'湖南省','长沙市','宁乡市','先锋路与文体路交叉口西100米','','2025-04-15 14:09:03','2025-04-15 14:09:03'),(1978,'龙湾一品地下停车场',112.5635640,28.2708600,'湖南省','长沙市','宁乡市','新康东路玉龙国际花园龙湾一品南门','','2025-04-15 14:09:03','2025-04-15 14:09:03'),(1979,'宁乡金玉工业园大型货车免费停车场',112.4728120,28.2483850,'湖南省','长沙市','宁乡市','金兴路41号','','2025-04-15 14:09:03','2025-04-15 14:09:03'),(1980,'站前路商业街停车场',112.5748340,28.2877690,'湖南省','长沙市','宁乡市','民安路与车站中路交叉口西150米','','2025-04-15 14:09:03','2025-04-15 14:09:03'),(1981,'宁乡政清接待中心停车场',112.5545670,28.2769440,'湖南省','长沙市','宁乡市','花明北路与金洲大道辅路交叉口西北200米','','2025-04-15 14:09:03','2025-04-15 14:09:03'),(1982,'八一农贸市场停车场',112.5501730,28.2526350,'湖南省','长沙市','宁乡市','八一西路与花明南路交叉口西北80米','','2025-04-15 14:09:03','2025-04-15 14:09:03'),(1983,'春城万象广场地下停车场',112.5485600,28.2516060,'湖南省','长沙市','宁乡市','春城万象广场','','2025-04-15 14:09:03','2025-04-15 14:09:03'),(1984,'宁乡服务区停车场',112.6083130,28.3062860,'湖南省','长沙市','宁乡市','G5513长张高速附近','','2025-04-15 14:09:27','2025-04-15 14:09:27'),(1985,'人人乐百货地下停车场',112.5563130,28.2672110,'湖南省','长沙市','宁乡市','人人乐','','2025-04-15 14:09:27','2025-04-15 14:09:27'),(1986,'碧桂园山湖城停车场',112.6847210,28.2528800,'湖南省','长沙市','宁乡市','金洲大道东288号碧桂园山湖城','','2025-04-15 14:09:27','2025-04-15 14:09:27'),(1987,'宁乡高新区货车停车场',112.6400930,28.2825590,'湖南省','长沙市','宁乡市','澳洲北路126号','','2025-04-15 14:09:27','2025-04-15 14:09:27'),(1988,'长沙西服务区停车场',112.6580450,28.3806280,'湖南省','长沙市','宁乡市','长益高速附近','','2025-04-15 14:09:27','2025-04-15 14:09:27'),(1989,'五街国际时代广场停车场',112.5663840,28.2748940,'湖南省','长沙市','宁乡市','五街国际时代广场','','2025-04-15 14:09:27','2025-04-15 14:09:27'),(1990,'玉虹兰庭国际城停车场',112.5406360,28.2723940,'湖南省','长沙市','宁乡市','金洲大道东150米','','2025-04-15 14:09:27','2025-04-15 14:09:27'),(1991,'盛翠豪庭地下停车场',112.5552600,28.2716750,'湖南省','长沙市','宁乡市','盛翠豪庭','','2025-04-15 14:09:27','2025-04-15 14:09:27'),(1992,'中源花园停车场',112.5575400,28.2696440,'湖南省','长沙市','宁乡市','新康中路与花明北路交叉口东200米','','2025-04-15 14:09:27','2025-04-15 14:09:27'),(1993,'宁乡市中医医院(新院区)地下停车场',112.5281510,28.2664290,'湖南省','长沙市','宁乡市','二环南路8号宁乡市中医医院(新院区)','','2025-04-15 14:09:27','2025-04-15 14:09:27'),(1994,'花明楼服务区停车场',112.6788890,28.0523760,'湖南省','长沙市','宁乡市','花明楼服务区北(长韶娄高速公路南)','','2025-04-15 14:09:27','2025-04-15 14:09:27'),(1995,'沙河市场停车场',112.5600970,28.2443840,'湖南省','长沙市','宁乡市','西五街3148号','','2025-04-15 14:09:27','2025-04-15 14:09:27'),(1996,'宁乡华天假日酒店地面停车场',112.5725980,28.2409490,'湖南省','长沙市','宁乡市','宁乡华天假日酒店(万达广场店)','','2025-04-15 14:09:27','2025-04-15 14:09:27'),(1997,'水晶郦城地下停车场',112.5589450,28.2673300,'湖南省','长沙市','宁乡市','花明北路338号水晶郦城','','2025-04-15 14:09:27','2025-04-15 14:09:27'),(1998,'爱琴湾停车场',112.5589890,28.2384780,'湖南省','长沙市','宁乡市','正农社区冠源·爱琴湾','','2025-04-15 14:09:27','2025-04-15 14:09:27'),(1999,'铂金汉宫地下停车场',112.5421930,28.2758010,'湖南省','长沙市','宁乡市','铂金汉宫','','2025-04-15 14:09:27','2025-04-15 14:09:27'),(2000,'新力·钰珑湾地下停车场',112.5751430,28.2629390,'湖南省','长沙市','宁乡市','创业大道与一环北路交叉口南240米','','2025-04-15 14:09:27','2025-04-15 14:09:27'),(2001,'维也纳国际酒店长沙方特东方神画店停车场',112.5502670,28.2326490,'湖南省','长沙市','宁乡市','维也纳国际酒店(长沙宁乡方特东方神画店)','','2025-04-15 14:09:27','2025-04-15 14:09:27'),(2002,'罗马假日住宅小区地下停车场',112.5286610,28.2543900,'湖南省','长沙市','宁乡市','二环南路罗马假日','','2025-04-15 14:09:27','2025-04-15 14:09:27'),(2003,'道林古镇停车场',112.7363120,28.0041500,'湖南省','长沙市','宁乡市','未知详细地址','','2025-04-15 14:09:27','2025-04-15 14:09:27'),(2004,'长沙大河西农产品物流中心地面停车场',112.5952760,28.3313090,'湖南省','长沙市','宁乡市','未知详细地址','','2025-04-15 14:09:27','2025-04-15 14:09:27'),(2005,'金洲明珠地面停车场',112.6391780,28.2733390,'湖南省','长沙市','宁乡市','澳洲北路金洲明珠','','2025-04-15 14:09:27','2025-04-15 14:09:27'),(2006,'中央领御地下停车场',112.5542580,28.2732330,'湖南省','长沙市','宁乡市','中央领御','','2025-04-15 14:09:27','2025-04-15 14:09:27'),(2007,'城郊医院停车场',112.6037300,28.2804310,'湖南省','长沙市','宁乡市','城郊医院','','2025-04-15 14:09:27','2025-04-15 14:09:27'),(2008,'花语王朝停车场',112.5512360,28.2702380,'湖南省','长沙市','宁乡市','玉潭街道金洲大道绿地·中央花园','','2025-04-15 14:09:27','2025-04-15 14:09:27'),(2009,'优卓娟姗牧场停车场',112.6631750,28.4014290,'湖南省','长沙市','宁乡市','靠近601乡道-423乡道路口ChangshaCity优卓牧业花海牧场','','2025-04-15 14:09:27','2025-04-15 14:09:27'),(2010,'童牧谷停车场',112.5702240,28.2152700,'湖南省','长沙市','宁乡市','历经铺街道南太湖社区宁韶路888号童牧谷','','2025-04-15 14:09:27','2025-04-15 14:09:27'),(2011,'玉屏山停车场',112.6075590,28.2937910,'湖南省','长沙市','宁乡市','谐园路207号','','2025-04-15 14:09:27','2025-04-15 14:09:27'),(2012,'炭河古城1号小型车停车场',112.1145870,28.1520760,'湖南省','长沙市','宁乡市','炭河古城','','2025-04-15 14:09:27','2025-04-15 14:09:27'),(2013,'金亭小学旁停车场',112.5706040,28.2608560,'湖南省','长沙市','宁乡市','金亭路116号','','2025-04-15 14:09:27','2025-04-15 14:09:27'),(2014,'道林服务区停车场',112.7668680,28.0054170,'湖南省','长沙市','宁乡市','S61岳临高速东50米','','2025-04-15 14:09:27','2025-04-15 14:09:27'),(2015,'东方现代城-地下停车场',112.5651430,28.2772800,'湖南省','长沙市','宁乡市','宁乡大道东方现代城','','2025-04-15 14:09:27','2025-04-15 14:09:27'),(2016,'安泰幸福里停车场',112.5534880,28.2823080,'湖南省','长沙市','宁乡市','学府路安泰幸福里','','2025-04-15 14:09:27','2025-04-15 14:09:27'),(2017,'龙头湾购物中心地下停车场',112.5584410,28.2495970,'湖南省','长沙市','宁乡市','沿江南路与八一东路交叉口西南60米','','2025-04-15 14:09:27','2025-04-15 14:09:27'),(2018,'紫龙湾温泉度假区东停车场',112.3475220,27.9784110,'湖南省','长沙市','宁乡市','紫龙湾温泉国际度假酒店附近','','2025-04-15 14:09:27','2025-04-15 14:09:27'),(2019,'大玺门停车场',112.5593420,28.2504400,'湖南省','长沙市','宁乡市','沿河南路大玺门宾馆','','2025-04-15 14:09:27','2025-04-15 14:09:27'),(2020,'花明楼镇中心停车场',112.6348760,28.0403080,'湖南省','长沙市','宁乡市','花明南路花明楼景区','','2025-04-15 14:09:27','2025-04-15 14:09:27'),(2021,'玉虹蓝庭国际城停车场',112.5392470,28.2725640,'湖南省','长沙市','宁乡市','玉虹蓝庭国际城西北门','','2025-04-15 14:09:27','2025-04-15 14:09:27'),(2022,'宁乡市人力资源和社会保障局停车场',112.5556360,28.2775940,'湖南省','长沙市','宁乡市','花明北路415号宁乡市人力资源和社会保障局','','2025-04-15 14:09:27','2025-04-15 14:09:27'),(2023,'宁乡豪德商贸城停车场',112.5370440,28.2591730,'湖南省','长沙市','宁乡市','楚沩西路与谭家坝交叉口南40米','','2025-04-15 14:09:27','2025-04-15 14:09:27'),(2024,'汉德成停车场',112.5556110,28.2739890,'湖南省','长沙市','宁乡市','玉潭街道花明北路中源·凝香华都旁','','2025-04-15 14:09:27','2025-04-15 14:09:27'),(2025,'灰汤华天城温泉度假酒店停车场',112.3590270,27.9794360,'湖南省','长沙市','宁乡市','华天路灰汤华天城温泉度假酒店','','2025-04-15 14:09:27','2025-04-15 14:09:27'),(2026,'稻花香里农耕文化园停车场',112.6663500,28.3312400,'湖南省','长沙市','宁乡市','金朱公路稻花香里农耕文化园','','2025-04-15 14:09:27','2025-04-15 14:09:27'),(2027,'宁乡华天假日酒店地下停车场',112.5731190,28.2408200,'湖南省','长沙市','宁乡市','宁乡华天假日酒店(万达广场店)','','2025-04-15 14:09:27','2025-04-15 14:09:27'),(2028,'宁乡市玉潭镇南郊完全小学停车场',112.5663530,28.2481230,'湖南省','长沙市','宁乡市','玉潭东路附近','','2025-04-15 14:09:27','2025-04-15 14:09:27'),(2029,'广信新材料科技有限责任公司地面停车场',112.6526750,28.2710730,'湖南省','长沙市','宁乡市','金宁东路与美洲路交叉口东140米','','2025-04-15 14:09:27','2025-04-15 14:09:27'),(2030,'中建亮月湖停公园停车场',112.5252480,28.2616330,'湖南省','长沙市','宁乡市','二环南路1128号','','2025-04-15 14:09:27','2025-04-15 14:09:27'),(2031,'停车场',112.6787300,28.2704340,'湖南省','长沙市','宁乡市','金水东路与亚洲路西南角','','2025-04-15 14:09:27','2025-04-15 14:09:27'),(2032,'希尔登大酒店(花明南路店)地下停车场',112.5503480,28.2514580,'湖南省','长沙市','宁乡市','花明南路与宁乡商业步行街交叉口东北60米','','2025-04-15 14:09:27','2025-04-15 14:09:27'),(2033,'吾悦广场地面停车场(暂停营业)',112.5529470,28.2327370,'湖南省','长沙市','宁乡市','二环南路1219号吾悦广场(长沙宁乡店)','','2025-04-15 14:09:27','2025-04-15 14:09:27'),(2034,'宁乡亮月湖公园停车点',112.5253930,28.2616410,'湖南省','长沙市','宁乡市','玉康路与二环南路辅路交叉口西160米','','2025-04-15 14:09:47','2025-04-15 14:09:47'),(2035,'香樟美地停车场',112.5853730,28.2813190,'湖南省','长沙市','宁乡市','香樟美地北门旁','','2025-04-15 14:09:47','2025-04-15 14:09:47'),(2036,'铜锣湾大酒店停车场',112.5484490,28.2674030,'湖南省','长沙市','宁乡市','宁乡市人民医院东门北60米','','2025-04-15 14:09:47','2025-04-15 14:09:47'),(2037,'嘉诚首府停车场',112.5598950,28.2698420,'湖南省','长沙市','宁乡市','城郊街道新康东路嘉诚首府南门','','2025-04-15 14:09:47','2025-04-15 14:09:47'),(2038,'三环东路-道路停车位',112.5691770,28.2814950,'湖南省','长沙市','宁乡市','学府路与宁乡大道交叉口东320米','','2025-04-15 14:09:47','2025-04-15 14:09:47'),(2039,'金洲开发区星邦工业园地面停车场',112.6705420,28.2618530,'湖南省','长沙市','宁乡市','金洲大道与泉洲路交叉口东120米','','2025-04-15 14:09:47','2025-04-15 14:09:47'),(2040,'维也纳国际酒店长沙宁乡市府高铁站店停车场',112.5549080,28.2820820,'湖南省','长沙市','宁乡市','维也纳国际酒店(长沙宁乡市府高铁站店)','','2025-04-15 14:09:47','2025-04-15 14:09:47'),(2041,'水木天成·颐和源停车场',112.5709060,28.2646430,'湖南省','长沙市','宁乡市','城郊街道东沩东路水木天成','','2025-04-15 14:09:47','2025-04-15 14:09:47'),(2042,'三环北路-道路停车位',112.5567450,28.2813910,'湖南省','长沙市','宁乡市','学府路与花明北路交叉口东140米','','2025-04-15 14:09:47','2025-04-15 14:09:47'),(2043,'水晶郦城停车场',112.5591230,28.2692830,'湖南省','长沙市','宁乡市','花明北路338号水晶郦城','','2025-04-15 14:09:47','2025-04-15 14:09:47'),(2044,'宁乡市第二人民医院停车场',112.5331940,28.2657610,'湖南省','长沙市','宁乡市','兆虹路与楚沩西路交叉口北180米','','2025-04-15 14:09:47','2025-04-15 14:09:47'),(2045,'湖南联塑科技实业有限公司地面停车场',112.5916330,28.2937650,'湖南省','长沙市','宁乡市','金洲镇城郊乡经济开发区永佳路联塑管道','','2025-04-15 14:09:47','2025-04-15 14:09:47'),(2046,'正大广场地下停车场',112.5721690,28.2429110,'湖南省','长沙市','宁乡市','正大广场','','2025-04-15 14:09:47','2025-04-15 14:09:47'),(2047,'假日摩纳哥-地下停车场',112.5795840,28.2755850,'湖南省','长沙市','宁乡市','金洲大道假日摩纳哥','','2025-04-15 14:09:47','2025-04-15 14:09:47'),(2048,'北京现代珈同店停车场',112.5338880,28.2359940,'湖南省','长沙市','宁乡市','白龙路与仁福大道交叉口东北180米','','2025-04-15 14:09:47','2025-04-15 14:09:47'),(2049,'缇香美岸地下停车场',112.5559250,28.2366680,'湖南省','长沙市','宁乡市','缇香美岸','','2025-04-15 14:09:47','2025-04-15 14:09:47'),(2050,'停车场(富茂大酒店西北)',112.5419600,28.2385520,'湖南省','长沙市','宁乡市','二环南路与金龙路交叉口东南140米','','2025-04-15 14:09:47','2025-04-15 14:09:47'),(2051,'仁福大厦地下停车场',112.5361860,28.2293750,'湖南省','长沙市','宁乡市','仁福大道与入园路交叉口南100米','','2025-04-15 14:09:47','2025-04-15 14:09:47'),(2052,'红星美凯龙停车场',112.5663390,28.2811480,'湖南省','长沙市','宁乡市','红星美凯龙(三环东路店)','','2025-04-15 14:09:47','2025-04-15 14:09:47'),(2053,'晴骏酒店(宁乡豪德店)地下停车点',112.5302070,28.2678340,'湖南省','长沙市','宁乡市','319国道与金洲大道交叉口北40米','','2025-04-15 14:09:47','2025-04-15 14:09:47'),(2054,'宁乡市万寿陵园停车场',112.5278810,28.2248690,'湖南省','长沙市','宁乡市','未知详细地址','','2025-04-15 14:09:47','2025-04-15 14:09:47'),(2055,'停车场(创业大楼东)',112.6029780,28.2760280,'湖南省','长沙市','宁乡市','宁乡经济开发区东侧90米','','2025-04-15 14:09:47','2025-04-15 14:09:47'),(2056,'兆基君墅停车场',112.5378040,28.2659630,'湖南省','长沙市','宁乡市','兆山路兆基·君城','','2025-04-15 14:09:47','2025-04-15 14:09:47'),(2057,'香江国际停车场',112.5574260,28.2478120,'湖南省','长沙市','宁乡市','楚沩东路6号香江国际','','2025-04-15 14:09:47','2025-04-15 14:09:47'),(2058,'宁乡云起酒店地面停车点',112.6574030,28.2758870,'湖南省','长沙市','宁乡市','宁乡云起酒店','','2025-04-15 14:09:47','2025-04-15 14:09:47'),(2059,'智城商业广场停车场',112.5333020,28.2684800,'湖南省','长沙市','宁乡市','兆山路与金洲大道交叉口西南120米','','2025-04-15 14:09:47','2025-04-15 14:09:47'),(2060,'宁乡市公安局交通警察大队三中队地面停车场',112.5978610,28.2389880,'湖南省','长沙市','宁乡市','宁乡市公安局交通警察大队三中队','','2025-04-15 14:09:47','2025-04-15 14:09:47'),(2061,'湖南省宁乡市实验中学停车场',112.5242170,28.2178820,'湖南省','长沙市','宁乡市','宁乡市实验中学','','2025-04-15 14:09:47','2025-04-15 14:09:47'),(2062,'鸿福大酒店停车场',112.5526290,28.2658880,'湖南省','长沙市','宁乡市','紫金北路与一环北路交叉口北100米','','2025-04-15 14:09:47','2025-04-15 14:09:47'),(2063,'中水·一品商住小区地下停车场',112.5436400,28.2586900,'湖南省','长沙市','宁乡市','玉潭街道一环北路中水·一品','','2025-04-15 14:09:47','2025-04-15 14:09:47'),(2064,'御景名城停车场',112.5565900,28.2475960,'湖南省','长沙市','宁乡市','楚沩东路与沿江南路交叉口西80米','','2025-04-15 14:09:47','2025-04-15 14:09:47'),(2065,'花明楼服务区停车场',112.6791270,28.0547630,'湖南省','长沙市','宁乡市','630乡道东150米','','2025-04-15 14:09:47','2025-04-15 14:09:47'),(2066,'新力·钰珑湾停车场',112.5754780,28.2649620,'湖南省','长沙市','宁乡市','东沩东路与创业路交叉口东80米','','2025-04-15 14:09:47','2025-04-15 14:09:47'),(2067,'停车场',112.6809550,28.2697970,'湖南省','长沙市','宁乡市','金水东路','','2025-04-15 14:09:47','2025-04-15 14:09:47'),(2068,'道林古镇影视基地停车点',112.7297090,28.0081780,'湖南省','长沙市','宁乡市','087县道与麟峰路交叉口东北280米','','2025-04-15 14:09:47','2025-04-15 14:09:47'),(2069,'宁乡名人大酒店地面停车点',112.6344360,28.0298210,'湖南省','长沙市','宁乡市','花明楼镇花明楼村幸福大道1号名人大酒店(长沙宁乡花明楼景区店)','','2025-04-15 14:09:47','2025-04-15 14:09:47'),(2070,'鹏泰百货停车场',112.5491220,28.2334760,'湖南省','长沙市','宁乡市','二环南路皇庭尚品','','2025-04-15 14:09:47','2025-04-15 14:09:47'),(2071,'宁乡喇叭口大市场停车场',112.5711910,28.2390940,'湖南省','长沙市','宁乡市','银河路与宁韶路交叉口西北100米','','2025-04-15 14:09:47','2025-04-15 14:09:47'),(2072,'世纪阳光停车场',112.5435850,28.2601350,'湖南省','长沙市','宁乡市','玉潭街道一环北路世纪阳光小区北门','','2025-04-15 14:09:47','2025-04-15 14:09:47'),(2073,'湖南省职工疗养院康养中心地面停车场',112.3467550,27.9834980,'湖南省','长沙市','宁乡市','湖南省职工疗养院康养中心','','2025-04-15 14:09:47','2025-04-15 14:09:47'),(2074,'人保大厦停车场',112.5552810,28.2728550,'湖南省','长沙市','宁乡市','花明北路与中央次街交叉口北60米','','2025-04-15 14:09:47','2025-04-15 14:09:47'),(2075,'天猫优品电器专卖店',112.5497770,28.2446770,'湖南省','长沙市','宁乡市','人民南路188号附近','','2025-04-15 14:09:47','2025-04-15 14:09:47'),(2076,'宁乡服务区停车场',112.6096520,28.3072510,'湖南省','长沙市','宁乡市','长张高速公路北(宁乡服务区-加油站旁)','','2025-04-15 14:09:47','2025-04-15 14:09:47'),(2077,'大玺门地下停车场',112.5598540,28.2514810,'湖南省','长沙市','宁乡市','沿江南路与文化路交叉口西120米','','2025-04-15 14:09:47','2025-04-15 14:09:47'),(2078,'湘金易国际工业园地面停车场',112.6084240,28.2835710,'湖南省','长沙市','宁乡市','湘金易国际工业园','','2025-04-15 14:09:47','2025-04-15 14:09:47'),(2079,'中水·一品商住小区停车场',112.5438390,28.2592540,'湖南省','长沙市','宁乡市','一环西路910号中水·一品商住小区','','2025-04-15 14:09:47','2025-04-15 14:09:47'),(2080,'新江天大酒店地面停车点',112.5556040,28.2686810,'湖南省','长沙市','宁乡市','新江天大酒店','','2025-04-15 14:09:47','2025-04-15 14:09:47'),(2081,'长沙金铎机械有限公司地面停车场',112.6346080,28.2355130,'湖南省','长沙市','宁乡市','夏铎铺镇机械工业园长沙金铎机械有限公司','','2025-04-15 14:09:47','2025-04-15 14:09:47'),(2082,'星光驾校地面停车场',112.5674530,28.2938100,'湖南省','长沙市','宁乡市','618乡道与宁乡大道交叉口西北200米','','2025-04-15 14:09:47','2025-04-15 14:09:47'),(2083,'宁乡文体中心停车场',112.5394790,28.2737080,'湖南省','长沙市','宁乡市','文体路宁乡文体中心体育馆','','2025-04-15 14:09:47','2025-04-15 14:09:47'),(2084,'长宁旺角停车场',112.5313020,28.2666710,'湖南省','长沙市','宁乡市','长宁旺角','','2025-04-15 14:10:18','2025-04-15 14:10:18'),(2085,'金开大厦停车场',112.5673920,28.2867780,'湖南省','长沙市','宁乡市','车站中路与宁乡大道交叉口东80米','','2025-04-15 14:10:18','2025-04-15 14:10:18'),(2086,'财富广场地下停车场',112.5449780,28.2530140,'湖南省','长沙市','宁乡市','财富广场(一环北路)','','2025-04-15 14:10:18','2025-04-15 14:10:18'),(2087,'金色夏威夷东南地面停车场',112.5290580,28.2616580,'湖南省','长沙市','宁乡市','金色湖畔','','2025-04-15 14:10:18','2025-04-15 14:10:18'),(2088,'中建亮月湖·澜苑地下停车场',112.5235690,28.2529540,'湖南省','长沙市','宁乡市','中建亮月湖·澜苑','','2025-04-15 14:10:18','2025-04-15 14:10:18'),(2089,'景途商业广场停车场',112.5755980,28.2662710,'湖南省','长沙市','宁乡市','创业路与东沩东路交叉口东北160米','','2025-04-15 14:10:18','2025-04-15 14:10:18'),(2090,'湖南省宁乡市金海中学北侧停车场',112.5463000,28.2915760,'湖南省','长沙市','宁乡市','春城北路与站前路交叉口西北500米','','2025-04-15 14:10:18','2025-04-15 14:10:18'),(2091,'摩托车电动车停车场',112.5295050,28.2667650,'湖南省','长沙市','宁乡市','宁乡市妇幼保健院前坪','','2025-04-15 14:10:18','2025-04-15 14:10:18'),(2092,'太极农家乐停车场',112.6445380,28.0397220,'湖南省','长沙市','宁乡市','镇花炭路附近','','2025-04-15 14:10:18','2025-04-15 14:10:18'),(2093,'食尚阳光酒楼停车场',112.5440090,28.2597300,'湖南省','长沙市','宁乡市','一环北路128号','','2025-04-15 14:10:18','2025-04-15 14:10:18'),(2094,'宁乡市二机动车检测公司停车场',112.5346280,28.2301610,'湖南省','长沙市','宁乡市','宁乡市二机动车检测公司','','2025-04-15 14:10:18','2025-04-15 14:10:18'),(2095,'圣鑫贸易大楼停车场',112.5393140,28.2560060,'湖南省','长沙市','宁乡市','圣鑫大厦','','2025-04-15 14:10:18','2025-04-15 14:10:18'),(2096,'宁乡市公安局地面停车场',112.5367690,28.2718000,'湖南省','长沙市','宁乡市','宁乡市公安局','','2025-04-15 14:10:18','2025-04-15 14:10:18'),(2097,'实验小学停车场',112.5232920,28.2700760,'湖南省','长沙市','宁乡市','玉潭街道实验小学东北门东南120米','','2025-04-15 14:10:18','2025-04-15 14:10:18'),(2098,'喜盈门·范城地下停车场',112.5555850,28.2603780,'湖南省','长沙市','宁乡市','龙溪中路36号','','2025-04-15 14:10:18','2025-04-15 14:10:18'),(2099,'桃花谷度假山庄地面停车场',112.3614890,27.9866350,'湖南省','长沙市','宁乡市','桃花谷度假山庄(棋牌农家乐农庄民宿)','','2025-04-15 14:10:18','2025-04-15 14:10:18'),(2100,'康鸿羽毛球馆停车场',112.5755920,28.2743730,'湖南省','长沙市','宁乡市','金洲大道与创新路交叉口西280米','','2025-04-15 14:10:18','2025-04-15 14:10:18'),(2101,'正大广场停车场',112.5722740,28.2435590,'湖南省','长沙市','宁乡市','正大广场','','2025-04-15 14:10:18','2025-04-15 14:10:18'),(2102,'连城国际停车场',112.5438210,28.2554710,'湖南省','长沙市','宁乡市','玉潭镇一环北路15号连城国际','','2025-04-15 14:10:18','2025-04-15 14:10:18'),(2103,'五街国际时代广场地下停车场',112.5665670,28.2741720,'湖南省','长沙市','宁乡市','五街国际时代广场','','2025-04-15 14:10:18','2025-04-15 14:10:18'),(2104,'停车场',112.5918320,28.2756220,'湖南省','长沙市','宁乡市','未知详细地址','','2025-04-15 14:10:18','2025-04-15 14:10:18'),(2105,'格林春天-地下停车场',112.5290680,28.2586150,'湖南省','长沙市','宁乡市','二环南路格林春天','','2025-04-15 14:10:18','2025-04-15 14:10:18'),(2106,'长沙(中国水务)有限公司客户服务中心地面停车场',112.5552250,28.2426440,'湖南省','长沙市','宁乡市','长沙(中国水务)有限公司客户服务中心','','2025-04-15 14:10:18','2025-04-15 14:10:18'),(2107,'宁乡市公安局车辆管理所停车场',112.5854580,28.2749810,'湖南省','长沙市','宁乡市','金洲大道宁乡市公安局车辆管理所','','2025-04-15 14:10:18','2025-04-15 14:10:18'),(2108,'恒港水木清华停车场',112.5418460,28.2400460,'湖南省','长沙市','宁乡市','金龙路水木清华','','2025-04-15 14:10:18','2025-04-15 14:10:18'),(2109,'玉屏山停车场',112.6030550,28.2938000,'湖南省','长沙市','宁乡市','湖南宁乡吉唯信金属粉体有限公司东南侧120米','','2025-04-15 14:10:18','2025-04-15 14:10:18'),(2110,'金色夏威夷西南停车场',112.5274410,28.2617630,'湖南省','长沙市','宁乡市','二环南路金色夏威夷','','2025-04-15 14:10:18','2025-04-15 14:10:18'),(2111,'湖南省宁乡市人民法院北停车场',112.5555950,28.2761360,'湖南省','长沙市','宁乡市','金洲大道101号湖南省宁乡市人民法院','','2025-04-15 14:10:18','2025-04-15 14:10:18'),(2112,'宁乡灰汤职疗温泉度假基地地面停车场',112.3467590,27.9894970,'湖南省','长沙市','宁乡市','灰汤镇将军路2号宁乡灰汤职疗温泉度假基地','','2025-04-15 14:10:18','2025-04-15 14:10:18'),(2113,'湘丰生态农庄地面停车场',112.6431010,28.0405630,'湖南省','长沙市','宁乡市','花明楼镇炭子冲村炭子冲组38号','','2025-04-15 14:10:18','2025-04-15 14:10:18'),(2114,'宁乡市监管中心地面停车场',112.4731470,28.2588830,'湖南省','长沙市','宁乡市','回龙铺镇黄山村与菁华铺乡樟山村交接处宁乡市监管中心','','2025-04-15 14:10:18','2025-04-15 14:10:18'),(2115,'水晶城停车场',112.5567240,28.2662780,'湖南省','长沙市','宁乡市','花明北路水晶城','','2025-04-15 14:10:18','2025-04-15 14:10:18'),(2116,'宁乡市历经铺街道卫生院地面停车场',112.5753480,28.2390260,'湖南省','长沙市','宁乡市','历经铺卫生院','','2025-04-15 14:10:18','2025-04-15 14:10:18'),(2117,'生态地面停车场',112.6169040,28.1726800,'湖南省','长沙市','宁乡市','未知详细地址','','2025-04-15 14:10:18','2025-04-15 14:10:18'),(2118,'嘉诚首府地下停车场',112.5602200,28.2712840,'湖南省','长沙市','宁乡市','人民北路与新康中路交叉口北200米','','2025-04-15 14:10:18','2025-04-15 14:10:18'),(2119,'宁乡市八家湾停车场',112.5307470,28.2765670,'湖南省','长沙市','宁乡市','学府路729号','','2025-04-15 14:10:18','2025-04-15 14:10:18'),(2120,'乐停停车场',112.5426030,28.2405330,'湖南省','长沙市','宁乡市','金塘巷与宁黄路交叉口西220米','','2025-04-15 14:10:18','2025-04-15 14:10:18'),(2121,'宁乡瑞程酒店停车点',112.5653680,28.2790530,'湖南省','长沙市','宁乡市','宁乡大道与学府路交叉口南280米','','2025-04-15 14:10:18','2025-04-15 14:10:18'),(2122,'恒楚·阳光酒店停车场',112.5645580,28.2708440,'湖南省','长沙市','宁乡市','龙湾一品南1门东120米','','2025-04-15 14:10:18','2025-04-15 14:10:18'),(2123,'中国建设银行花明北路支行停车场',112.5558360,28.2686030,'湖南省','长沙市','宁乡市','中国建设银行(花明北路支行)','','2025-04-15 14:10:18','2025-04-15 14:10:18'),(2124,'千佛洞停车场',112.1381500,28.2150340,'湖南省','长沙市','宁乡市','黄材镇石龙洞村千佛洞(西北角)','','2025-04-15 14:10:18','2025-04-15 14:10:18'),(2125,'中国移动湖南公司宁乡市分公司停车场',112.5448440,28.2520740,'湖南省','长沙市','宁乡市','楚沩中路与一环西路交叉口东100米','','2025-04-15 14:10:18','2025-04-15 14:10:18'),(2126,'宁邦文华里北区地下停车场',112.5764960,28.2502280,'湖南省','长沙市','宁乡市','宁邦文华里北区','','2025-04-15 14:10:18','2025-04-15 14:10:18'),(2127,'白马桥派出所地面停车场',112.5461320,28.2288340,'湖南省','长沙市','宁乡市','白马桥派出所','','2025-04-15 14:10:18','2025-04-15 14:10:18'),(2128,'地面停车场',112.5897400,28.1980130,'湖南省','长沙市','宁乡市','未知详细地址','','2025-04-15 14:10:18','2025-04-15 14:10:18'),(2129,'御泰商务广场地下停车场',112.5429470,28.2735310,'湖南省','长沙市','宁乡市','金洲大道与康宁路交叉口南120米','','2025-04-15 14:10:18','2025-04-15 14:10:18'),(2130,'中源凝香华都停车场',112.5558350,28.2695430,'湖南省','长沙市','宁乡市','玉潭街道新康中路中源·凝香华都南门','','2025-04-15 14:10:18','2025-04-15 14:10:18'),(2131,'宁乡市文体中心地面停车场',112.5394620,28.2736000,'湖南省','长沙市','宁乡市','宁乡市文体中心','','2025-04-15 14:10:18','2025-04-15 14:10:18'),(2132,'希尔登大酒店(花明南路店)地面停车点',112.5504750,28.2518130,'湖南省','长沙市','宁乡市','花明南路与八一西路交叉口西南20米','','2025-04-15 14:10:18','2025-04-15 14:10:18'),(2133,'三泰大酒店(玉潭中路)地面停车场',112.5607810,28.2533510,'湖南省','长沙市','宁乡市','玉潭镇玉潭中路87号三泰大酒店','','2025-04-15 14:10:18','2025-04-15 14:10:18'),(2134,'地面停车场',112.5528470,28.2317080,'湖南省','长沙市','宁乡市','二环南路与振宁路交叉口东南80米','','2025-04-15 14:10:34','2025-04-15 14:10:34'),(2135,'湖南宁乡南方水泥有限公司地面停车场',112.6901860,28.2171900,'湖南省','长沙市','宁乡市','湖南宁乡南方水泥有限公司','','2025-04-15 14:10:34','2025-04-15 14:10:34'),(2136,'宁乡市退役军人事务局地面停车场',112.5452930,28.2547860,'湖南省','长沙市','宁乡市','宁乡市退役军人事务局','','2025-04-15 14:10:34','2025-04-15 14:10:34'),(2137,'夏铎铺镇卫生院地面停车场',112.6410820,28.2286830,'湖南省','长沙市','宁乡市','文明西路22号夏铎铺镇卫生院','','2025-04-15 14:10:34','2025-04-15 14:10:34'),(2138,'凝香大酒店停车场',112.5601500,28.2692440,'湖南省','长沙市','宁乡市','新康中路与人民北路交叉口东60米','','2025-04-15 14:10:34','2025-04-15 14:10:34'),(2139,'宁乡市湘宁机动车驾驶员培训学校地面停车场',112.5345090,28.2220920,'湖南省','长沙市','宁乡市','人民南路与仁和东路交叉口西南280米','','2025-04-15 14:10:34','2025-04-15 14:10:34'),(2140,'金太阳温泉度假村停车场',112.3375730,27.9967580,'湖南省','长沙市','宁乡市','灰汤镇灰汤路','','2025-04-15 14:10:34','2025-04-15 14:10:34'),(2141,'停车场',112.5619630,28.2526280,'湖南省','长沙市','宁乡市','玉潭中路与沿江南路交叉口西20米','','2025-04-15 14:10:34','2025-04-15 14:10:34'),(2142,'联动云网点-全民安置区停车场',112.6479620,28.2790830,'湖南省','长沙市','宁乡市','金水西路全民安置区','','2025-04-15 14:10:34','2025-04-15 14:10:34'),(2143,'停车场(人民路九号公寓西)',112.5523630,28.2462540,'湖南省','长沙市','宁乡市','人民路9号小区','','2025-04-15 14:10:34','2025-04-15 14:10:34'),(2144,'梦想车酷',112.5220530,28.2155480,'湖南省','长沙市','宁乡市','潇湘职业中专学校西北侧80米','','2025-04-15 14:10:34','2025-04-15 14:10:34'),(2145,'菁华铺乡人民政府地面停车场',112.4993750,28.3056600,'湖南省','长沙市','宁乡市','319国道与618乡道交叉口西南80米','','2025-04-15 14:10:34','2025-04-15 14:10:34'),(2146,'玉潭街道办事处地面停车场',112.5277750,28.2569960,'湖南省','长沙市','宁乡市','玉潭镇二环南路玉潭街道办事处','','2025-04-15 14:10:34','2025-04-15 14:10:34'),(2147,'花明南路-道路停车位',112.5501910,28.2515370,'湖南省','长沙市','宁乡市','花明南路与宁乡商业步行街交叉口北60米','','2025-04-15 14:10:34','2025-04-15 14:10:34'),(2148,'莫林酒店精选(宁乡翡翠湖店)地面停车点',112.5487550,28.2678900,'湖南省','长沙市','宁乡市','春城北路与新康中路交叉口南160米','','2025-04-15 14:10:34','2025-04-15 14:10:34'),(2149,'地下停车场',112.5425890,28.2640930,'湖南省','长沙市','宁乡市','文体路与新康西路交叉口南240米','','2025-04-15 14:10:34','2025-04-15 14:10:34'),(2150,'中国农业银行宁乡市支行西侧停车场',112.5649680,28.2769770,'湖南省','长沙市','宁乡市','宁乡大道与金洲大道辅路交叉口北160米','','2025-04-15 14:10:34','2025-04-15 14:10:34'),(2151,'宁乡市金亭路停车场',112.5656350,28.2588060,'湖南省','长沙市','宁乡市','金亭路7号','','2025-04-15 14:10:34','2025-04-15 14:10:34'),(2152,'湖南省湘品名优食品产业园地面停车场',112.5624490,28.2988210,'湖南省','长沙市','宁乡市','未知详细地址','','2025-04-15 14:10:34','2025-04-15 14:10:34'),(2153,'湖南省宁乡市人民法院南停车场',112.5564920,28.2754700,'湖南省','长沙市','宁乡市','金洲大道101号湖南省宁乡市人民法院','','2025-04-15 14:10:34','2025-04-15 14:10:34'),(2154,'停车场',112.5811500,28.2810720,'湖南省','长沙市','宁乡市','宁乡美的城西门北100米','','2025-04-15 14:10:34','2025-04-15 14:10:34'),(2155,'宁乡市再就业商城停车场',112.5537730,28.2487280,'湖南省','长沙市','宁乡市','楚沩中路与横街巷交叉口北40米','','2025-04-15 14:10:34','2025-04-15 14:10:34'),(2156,'麦吉臻选酒店(宁乡金洲大道五街国际店)地下停车场',112.5663440,28.2741210,'湖南省','长沙市','宁乡市','东沩北路与宁乡大道交叉口东80米','','2025-04-15 14:10:34','2025-04-15 14:10:34'),(2157,'湖南阿瑞食品有限公司地面停车场',112.6012170,28.2881710,'湖南省','长沙市','宁乡市','城郊乡站前路阿瑞食品有限公司综合生产基地','','2025-04-15 14:10:34','2025-04-15 14:10:34'),(2158,'香江国际地下停车场',112.5572510,28.2481670,'湖南省','长沙市','宁乡市','楚沩东路6号香江国际','','2025-04-15 14:10:34','2025-04-15 14:10:34'),(2159,'白龙路-路侧停车位',112.5342480,28.2377240,'湖南省','长沙市','宁乡市','白龙路附近','','2025-04-15 14:10:34','2025-04-15 14:10:34'),(2160,'凝香大酒店停车场',112.5601460,28.2692370,'湖南省','长沙市','宁乡市','新康中路与人民北路交叉口东60米','','2025-04-15 14:10:34','2025-04-15 14:10:34'),(2161,'星澜之悦停车场',112.5556350,28.2399570,'湖南省','长沙市','宁乡市','一环南路与正农路交叉口东100米','','2025-04-15 14:10:34','2025-04-15 14:10:34'),(2162,'维也纳酒店停车场',112.5491720,28.2646290,'湖南省','长沙市','宁乡市','一环北路支巷维也纳酒店(宁乡翡翠湖国际广场店)','','2025-04-15 14:10:34','2025-04-15 14:10:34'),(2163,'宁乡富芷大酒店地面停车点',112.5422110,28.2383770,'湖南省','长沙市','宁乡市','宁乡富芷大酒店','','2025-04-15 14:10:34','2025-04-15 14:10:34'),(2164,'朱良桥乡卫生院地面停车场',112.6096610,28.3800370,'湖南省','长沙市','宁乡市','朱良桥乡罗巷新村朱良桥乡卫生院','','2025-04-15 14:10:34','2025-04-15 14:10:34'),(2165,'资福镇人民政府地面停车场',112.4343970,28.1085360,'湖南省','长沙市','宁乡市','未知详细地址','','2025-04-15 14:10:34','2025-04-15 14:10:34'),(2166,'佬板下厨停车场',112.5309640,28.2754060,'湖南省','长沙市','宁乡市','先锋路与湘钢路交叉口西北320米','','2025-04-15 14:10:34','2025-04-15 14:10:34'),(2167,'沿江南路-道路停车位',112.5578520,28.2481520,'湖南省','长沙市','宁乡市','沿江南路与金满地商业街交叉口南40米','','2025-04-15 14:10:34','2025-04-15 14:10:34'),(2168,'停车场(城郊医院西南)',112.6010750,28.2783210,'湖南省','长沙市','宁乡市','茶亭寺路与三环东路交叉口西南360米','','2025-04-15 14:10:34','2025-04-15 14:10:34'),(2169,'新城社区居委会(学府路)地面停车场',112.5449590,28.2806570,'湖南省','长沙市','宁乡市','学府路与春城北路交叉口西南60米','','2025-04-15 14:10:34','2025-04-15 14:10:34'),(2170,'停车场',112.5810260,28.2799110,'湖南省','长沙市','宁乡市','创业大道与三环东路交叉口南200米','','2025-04-15 14:10:34','2025-04-15 14:10:34'),(2171,'维纳斯国际酒店地下停车场',112.5315530,28.2676290,'湖南省','长沙市','宁乡市','玉潭街道金洲大道五段903号维纳斯国际酒店','','2025-04-15 14:10:34','2025-04-15 14:10:34'),(2172,'财富广场南停车场',112.5442810,28.2524260,'湖南省','长沙市','宁乡市','财富广场(一环北路)','','2025-04-15 14:10:34','2025-04-15 14:10:34'),(2173,'宁乡南服务区停车场',112.5379060,28.1266780,'湖南省','长沙市','宁乡市','宁乡南服务区西南侧','','2025-04-15 14:10:34','2025-04-15 14:10:34'),(2174,'宁乡市城郊街道办事处地面停车场',112.5701740,28.2979820,'湖南省','长沙市','宁乡市','城郊街道办事处','','2025-04-15 14:10:34','2025-04-15 14:10:34'),(2175,'美美·融城中心停车场',112.5711360,28.2470980,'湖南省','长沙市','宁乡市','玉潭东路与金鑫北路交叉口东160米','','2025-04-15 14:10:34','2025-04-15 14:10:34'),(2176,'宁乡市粤宁路停车场',112.5553770,28.2462130,'湖南省','长沙市','宁乡市','木鱼巷22号','','2025-04-15 14:10:34','2025-04-15 14:10:34'),(2177,'宁乡市第三人民医院停车场',112.2848460,28.1363490,'湖南省','长沙市','宁乡市','宁横公路与092县道交叉口西140米','','2025-04-15 14:10:34','2025-04-15 14:10:34'),(2178,'城投大楼停车场',112.5656160,28.2702460,'湖南省','长沙市','宁乡市','城投大楼','','2025-04-15 14:10:34','2025-04-15 14:10:34'),(2179,'地面停车场',112.7118780,28.0740700,'湖南省','长沙市','宁乡市','未知详细地址','','2025-04-15 14:10:34','2025-04-15 14:10:34'),(2180,'地面停车场',112.5713490,28.3069990,'湖南省','长沙市','宁乡市','蓝月谷西路与宁乡大道交叉口西南260米','','2025-04-15 14:10:34','2025-04-15 14:10:34'),(2181,'龙桥安置小区2期地面停车场',112.6708240,28.2665390,'湖南省','长沙市','宁乡市','金沙路与泉洲路交叉口西北20米','','2025-04-15 14:10:34','2025-04-15 14:10:34'),(2182,'灰汤镇卫生院地面停车场',112.3352440,27.9878820,'湖南省','长沙市','宁乡市','灰汤镇蒋琬北路28号宁乡市灰汤中心卫生院','','2025-04-15 14:10:34','2025-04-15 14:10:34'),(2183,'御景名城立体停车场',112.5563140,28.2471860,'湖南省','长沙市','宁乡市','楚沩东路与沿江南路交叉口西120米','','2025-04-15 14:10:34','2025-04-15 14:10:34');
/*!40000 ALTER TABLE `parking_lots` ENABLE KEYS */;
UNLOCK TABLES;

--
-- Table structure for table `pay`
--

DROP TABLE IF EXISTS `pay`;
/*!40101 SET @saved_cs_client     = @@character_set_client */;
/*!50503 SET character_set_client = utf8mb4 */;
CREATE TABLE `pay` (
  `id` int NOT NULL AUTO_INCREMENT COMMENT '主键ID',
  `user_id` int DEFAULT NULL COMMENT '用户ID',
  `vehicle_id` varchar(255) CHARACTER SET utf8mb4 COLLATE utf8mb4_unicode_ci DEFAULT NULL COMMENT '车辆ID',
  `location_id` int DEFAULT NULL COMMENT '区域ID',
  `parking_lot_id` int DEFAULT NULL COMMENT '车位ID',
  `start_time` varchar(255) CHARACTER SET utf8mb4 COLLATE utf8mb4_unicode_ci DEFAULT NULL COMMENT '入场时间',
  `end_time` varchar(255) CHARACTER SET utf8mb4 COLLATE utf8mb4_unicode_ci DEFAULT NULL COMMENT '出场时间',
  `minutes` int DEFAULT NULL COMMENT '分钟',
  `price` double(10,2) DEFAULT NULL COMMENT '金额',
  `status` varchar(255) CHARACTER SET utf8mb4 COLLATE utf8mb4_unicode_ci DEFAULT NULL COMMENT '缴费状态',
  PRIMARY KEY (`id`) USING BTREE
) ENGINE=InnoDB AUTO_INCREMENT=12 DEFAULT CHARSET=utf8mb4 COLLATE=utf8mb4_unicode_ci ROW_FORMAT=DYNAMIC COMMENT='停车信息';
/*!40101 SET character_set_client = @saved_cs_client */;

--
-- Dumping data for table `pay`
--

LOCK TABLES `pay` WRITE;
/*!40000 ALTER TABLE `pay` DISABLE KEYS */;
INSERT INTO `pay` VALUES (7,1,'3',1,1,'2025-02-14 08:00:00','2025-02-14 11:00:00',180,18.00,'已缴费'),(8,2,'2',2,10,'2025-02-14 12:00:00','2025-04-13 15:57:06',83757,8375.70,'未缴费'),(9,1,'3',1,2,'2025-04-14 00:00:00','2025-04-13 07:00:00',1020,102.00,'已缴费'),(10,1,'1',1,3,'2025-04-13 15:59:14','2025-04-13 15:59:31',0,0.00,'已缴费'),(11,1,'1',1,6,'2025-04-13 16:04:58','2025-04-13 21:51:05',346,34.60,'未缴费');
/*!40000 ALTER TABLE `pay` ENABLE KEYS */;
UNLOCK TABLES;

--
-- Table structure for table `user`
--

DROP TABLE IF EXISTS `user`;
/*!40101 SET @saved_cs_client     = @@character_set_client */;
/*!50503 SET character_set_client = utf8mb4 */;
CREATE TABLE `user` (
  `id` int NOT NULL AUTO_INCREMENT COMMENT 'ID',
  `username` varchar(255) CHARACTER SET utf8mb4 COLLATE utf8mb4_unicode_ci DEFAULT NULL COMMENT '账号',
  `password` varchar(255) CHARACTER SET utf8mb4 COLLATE utf8mb4_unicode_ci DEFAULT NULL COMMENT '密码',
  `name` varchar(255) CHARACTER SET utf8mb4 COLLATE utf8mb4_unicode_ci DEFAULT NULL COMMENT '名称',
  `avatar` varchar(255) CHARACTER SET utf8mb4 COLLATE utf8mb4_unicode_ci DEFAULT NULL COMMENT '头像',
  `role` varchar(255) CHARACTER SET utf8mb4 COLLATE utf8mb4_unicode_ci DEFAULT NULL COMMENT '角色',
  `phone` varchar(255) CHARACTER SET utf8mb4 COLLATE utf8mb4_unicode_ci DEFAULT NULL COMMENT '电话',
  `email` varchar(255) CHARACTER SET utf8mb4 COLLATE utf8mb4_unicode_ci DEFAULT NULL COMMENT '邮箱',
  `account` double(10,2) DEFAULT '0.00' COMMENT '余额',
  PRIMARY KEY (`id`) USING BTREE,
  UNIQUE KEY `username` (`username`) USING BTREE
) ENGINE=InnoDB AUTO_INCREMENT=4 DEFAULT CHARSET=utf8mb4 COLLATE=utf8mb4_unicode_ci ROW_FORMAT=DYNAMIC COMMENT='用户信息';
/*!40101 SET character_set_client = @saved_cs_client */;

--
-- Dumping data for table `user`
--

LOCK TABLES `user` WRITE;
/*!40000 ALTER TABLE `user` DISABLE KEYS */;
INSERT INTO `user` VALUES (1,'aaa','e10adc3949ba59abbe56e057f20f883e','张三','http://localhost:9090/files/download/1744475757598-2.jpg','USER','17374668924','3174120025@qq.com',100.21),(2,'bbb','e10adc3949ba59abbe56e057f20f883e','李四','http://localhost:9090/files/download/1744530892197-14.jpg','USER','18899997777','3174120025@qq.com',100.00),(3,'xiaodu','e10adc3949ba59abbe56e057f20f883e','xiaodu','http://localhost:9090/files/download/1744533251247-3.jpg','USER',NULL,NULL,0.00);
/*!40000 ALTER TABLE `user` ENABLE KEYS */;
UNLOCK TABLES;

--
-- Table structure for table `vehicle`
--

DROP TABLE IF EXISTS `vehicle`;
/*!40101 SET @saved_cs_client     = @@character_set_client */;
/*!50503 SET character_set_client = utf8mb4 */;
CREATE TABLE `vehicle` (
  `id` int NOT NULL AUTO_INCREMENT COMMENT '主键ID',
  `name` varchar(255) CHARACTER SET utf8mb4 COLLATE utf8mb4_unicode_ci DEFAULT NULL COMMENT '车牌号',
  `user_id` int DEFAULT NULL COMMENT '用户ID',
  PRIMARY KEY (`id`) USING BTREE
) ENGINE=InnoDB AUTO_INCREMENT=4 DEFAULT CHARSET=utf8mb4 COLLATE=utf8mb4_unicode_ci ROW_FORMAT=DYNAMIC COMMENT='车辆信息表';
/*!40101 SET character_set_client = @saved_cs_client */;

--
-- Dumping data for table `vehicle`
--

LOCK TABLES `vehicle` WRITE;
/*!40000 ALTER TABLE `vehicle` DISABLE KEYS */;
INSERT INTO `vehicle` VALUES (1,'皖A N999B',1),(2,'皖A 888NB',2),(3,'皖A 666NB',1);
/*!40000 ALTER TABLE `vehicle` ENABLE KEYS */;
UNLOCK TABLES;
/*!40103 SET TIME_ZONE=@OLD_TIME_ZONE */;

/*!40101 SET SQL_MODE=@OLD_SQL_MODE */;
/*!40014 SET FOREIGN_KEY_CHECKS=@OLD_FOREIGN_KEY_CHECKS */;
/*!40014 SET UNIQUE_CHECKS=@OLD_UNIQUE_CHECKS */;
/*!40101 SET CHARACTER_SET_CLIENT=@OLD_CHARACTER_SET_CLIENT */;
/*!40101 SET CHARACTER_SET_RESULTS=@OLD_CHARACTER_SET_RESULTS */;
/*!40101 SET COLLATION_CONNECTION=@OLD_COLLATION_CONNECTION */;
/*!40111 SET SQL_NOTES=@OLD_SQL_NOTES */;

-- Dump completed on 2025-07-02 17:20:42
